anchor,same_period_affil,diff_period_affil,same_period_cos_sim,diff_period_cos_sim
cnrs occitanie west delegation,cnrs delegation ile-de-france west and north,,0.8014042377471924,
anton melik geographical institute,karst research institute,,0.6251733303070068,
immunohaematology,immunology,,0.9326289892196655,
graphic department,graphic design department,,0.9509342908859253,
fundación hospital san pedro,fundación homi hospital de la misericordia,,0.8319997787475586,
decor,decoration,,0.9513309001922607,
circle,ide,,0.6470646262168884,
veterinary faculty,veterinary medicine faculty,,0.9254981875419617,
centre for forensic science,centre for forensic behavioural science,,0.8780404329299927,
philology and journalism institute,philosophy institute,,0.8498705625534058,
"architecture, built environment, and construction engineering","architecture, built environment and construction engineering",,0.9970685839653015,
arauca,cundinamanrca,,0.776913583278656,
chemical and physical applied,physical and chemical,,0.9124826192855835,
forest biology and tree improvement,forest genetics and tree breeding,,0.8955315947532654,
geomatics division,geomatics department,geology/geography,0.9365106821060181,0.810393214225769
st. petersburg branch,st. petersburg,,0.8301874399185181,
applied economics i,applied economics,,0.9828667044639587,
escola superior dom helder câmara,escola superior madre celeste,,0.8148946762084961,
veterans health administration,veterans affairs,,0.8321675062179565,
pharmaceutical/medicinal chemistry,pharmaceutical and medicinal chemistry,,0.9827260971069336,
foundation in science,fundamental science,,0.8970018625259399,
proton therapy center,center for proton therapy,,0.9658470749855042,
industrial electronics and control engineering,electrical and control engineering,,0.9177842140197754,
administrative science & policy studies,administrative science and policy studies,,0.9965190887451172,
dr. kiran c. patel osteopathic medicine,panchakarma,,0.6210893392562866,
philosophy and political science,"philosophy, political science",,0.9967062473297119,
master's degree in science education,master of science in education,,0.9447149038314819,
industrial and production engineering ipe,industrial and production engineering,,0.9332618713378906,
division of hematology and oncology,division of hematology/oncology,,0.9923931956291199,
food analysis and nutrition,food analysis,,0.9216867685317993,
marine department,marine division,,0.9074984788894653,
cinam,cin,,0.8232524991035461,
charlie dunlop biological sciences,carl r. woese genomic biology,,0.7061822414398193,
national center for agricultural health,agricultural research center,,0.7697150111198425,
chemistry and mathematics,chemistry & mathematics,,0.9958027005195618,
"medicine, surgery and health sciences","medical, surgical and health sciences",faculty 'of medicine and surgery,0.970458447933197,0.8565930128097534
mathematical sciences and physics,"mathematics, physics",,0.9690495729446411,
human and social futures,sustainable futures,,0.7635016441345215,
bank of america,national bank,,0.8376585245132446,
radiation oncology department,radiation oncology branch,,0.9273331165313721,
uide,ide,,0.8465906381607056,
constitutional court of colombia,judicial branch of colombia,,0.9049832820892334,
nariño departmental education secretariat,secretariat of education of cundinamarca,,0.863680362701416,
center for converging technologies,centre for converging technologies,,0.9801583290100098,
wigner research centre for physics,mta wigner research centre for physics,,0.9339381456375122,
intensive care and emergencies,emergency and intensive care,,0.9763894081115723,
metallurgy and technology,technology and metallurgy,,0.9860876798629761,
environment & geography,environment and geography,,0.9969235062599182,
campus breves,campus sobral,,0.8808338642120361,
bed,room,,0.6848551034927368,
genetical enhancement,genetic engineering,,0.728150486946106,
instituto federal do norte de minas gerais,instituto federal do sudeste de minas gerais,,0.9052082896232605,
center for global initiatives,center for global engagement,global research center,0.9428446888923645,0.7718394994735718
geophysical,geophysic,,0.946344256401062,
christ redeemer of piauí,evangelical goianésia,,0.6908882856369019,
national center for high-performance computing,computing center,,0.8045321702957153,
industrial chemical engineering,chemical engineering and industrial chemistry,,0.9611967206001282,
public defense ministry,defense ministry,,0.9294895529747009,
microsystem technology,microsystems technology,,0.9904388189315796,
earth and environmental sciences,earth & environmental sciences,,0.9981859922409058,
molecular and translational medicine,molecular medicine and translational,,0.980986475944519,
medical parasitology and entomology,parasitology and medical entomology,,0.9747518301010132,
federal state budget scientific institution scientific center of mental health,federal medical research centre for psychiatry and narcology,,0.8155258297920227,
humanities and education institute,humanities institute,,0.9245427846908569,
cardiac anesthesia,cardiac anaesthesia,,0.9691863059997559,
education and information studies,education & information studies,,0.9975570440292358,
uaq,uteq,,0.8873018622398376,
grants administration,grants management,public and business administration,0.8989448547363281,0.664804220199585
earth sciences and geography,earth science and geography,,0.9866422414779663,
red cross nursing,red cross nursing school,,0.8723748922348022,
national arthritis and musculoskeletal and skin diseases,chronic diseases,,0.7470541000366211,
ibet,ibef,,0.7628753781318665,
école des sciences de la gestion,sciences de la gestion,,0.869940459728241,
forestry and resource conservation,forestry and nature conservation,,0.9769370555877686,
liceo,secondary school,,0.7086197137832642,
biomedical engineering and environmental sciences,biomedical sciences and engineering,,0.9416922330856323,
genomics and bioinformatics,genomics & bioinformatics,,0.9965410232543945,
"architecture, planning, and preservation",architecture and planning,,0.9187771081924438,
lamhess,lam,lthe,0.8167834877967834,0.6365160942077637
odonto-stomatology,stomatology,,0.9412844181060791,
"humanities, social and training sciences","humanities, education and social sciences",,0.9586819410324097,
business administration career,business administration,,0.8423046469688416,
"film, television and media studies",film and media studies,,0.9714223146438599,
laboratory of systems pharmacology,laboratory of molecular pharmacology,,0.8900284767150879,
finnish meteorological institute,finnish environment institute,,0.8585392236709595,
solar energy laboratory,renewable energy laboratory,,0.8525364398956299,
nuclear energy and safety,nuclear engineering,,0.8021433353424072,
r &d,r+d,,0.9248363971710205,
departamento de desenho industrial,departamento de engenharia industrial,,0.9645346403121948,
human development and quantitative methodology,human development,,0.7878948450088501,
deec,ec,,0.8483884930610657,
guizhou technology,xuzhou technology,,0.9456241130828857,
unilever,unilever r&d colworth,,0.8719115257263184,
hospital regional de são josé dr. homero de miranda gomes,hospital são josé,,0.8428876399993896,
"physics, chemistry",physics and chemistry,,0.9958628416061401,
"obstet, gynaecol & reprod sci",obstetrics & gynaecology,,0.8798325657844543,
methodical department,organizational and methodical department,,0.8594951629638672,
"forest, rangeland and fire sciences","forest, rangeland, and fire sciences",,0.9972074627876282,
davis business,david eccles business,,0.7613900899887085,
strategic communications,strategic communication,,0.9805439710617065,
social and life sciences,social and natural sciences,,0.9643426537513733,
ceri ee,ceri,,0.906448245048523,
berlin medical systems biology,medical systems biology,"rwth aachen mathematics, computer science and natural sciences",0.8044400215148926,0.7045395374298096
clinical practice research datalink,clinical informatics,clinical sciences centre,0.8096398711204529,0.7298023700714111
disaster and emergency medicine,emergency and disaster medicine,,0.9519081115722656,
drilling technology,drilling engineering,,0.8824326992034912,
"philosophical, historical, and international studies","philosophical, historical and international studies",,0.997279703617096,
brazilian studies,portuguese and brazilian studies,,0.9216040372848511,
national snow and ice data center,data science center,,0.7210795879364014,
national geographic society,"geography, social sciences",,0.764022946357727,
research health sciences,health sciences research,,0.9855982661247253,
trade and international economics,international economics and trade,,0.9936835765838623,
health professional education,health profession education,,0.9812277555465698,
women's and children's health,women's & children's health,,0.9972261190414429,
agricultural bank,bank,,0.7901168465614319,
communication and culture - art history,history and art history,,0.879513144493103,
umass memorial medical center,umass medical school,,0.8028870820999146,
humanities - philosophy,"humanities, philosophy",,0.9873411655426025,
master's degree in environmental science,master&#39;s degree in environmental management,,0.9109823703765869,
coastal and marine resources management,coastal and marine resource management,,0.997931957244873,
interactive technologies institute,madeira interactive technologies institute,,0.8443443179130554,
political science & sociology,political science and sociology,,0.9952297210693359,
doctoral military sciences,doctoral military engineering,,0.9002686738967896,
public health and allied health sciences,public health and allied sciences,,0.9895479679107666,
academy of technology and humanities in bielsko-biała,academy of humanities and economics in łódź,,0.8226916790008545,
hotel and tourism management,hotel & tourism management,,0.9976637363433838,
southwest research institute boulder,southwest research institute,,0.8131837844848633,
electrical power and machines,electric power and machines,,0.9804295897483826,
state security,national security,,0.8718093633651733,
claves,feclesc,,0.7860228419303894,
international social sciences division of international social sciences,social sciences division,,0.8860619068145752,
state secretary of education,education secretary of state,,0.9683310985565186,
escuela de construcción civil,escuela de ingenieria civil,,0.909809947013855,
disaster and emergency management,emergency and disaster management,,0.9767862558364868,
mount sinai health system,mount sinai hospital,,0.9365358948707581,
département d'information et de communication,département de communication,,0.9113457202911377,
unisal,unemat,,0.8557740449905396,
translational medicine and physiology,translational medicine,,0.9237139225006104,
a-1: information systems and modeling,computational modeling,,0.7956257462501526,
"library, information and media science",library and information science,,0.9513422250747681,
shakespeare institute,king's learning institute,,0.7294288873672485,
ammachi labs,lab,,0.7461608052253723,
coe,ae,,0.8147618770599365,
microbial biochemistry,microbial chemistry,,0.9553747773170471,
k s hegde medical academy,medical school,,0.8321524858474731,
graduate degree in pharmaceutical sciences,graduate in pharmaceutical sciences,,0.9821763038635254,
biophysical sciences,biologic sciences,,0.9422268271446228,
"graduate information, production and system","graduate information, production and systems",,0.9860460758209229,
center for conservation and sustainable development,center for sustainable development,,0.9021685719490051,
centre for biomedicine,centre for biomedical research,clinical sciences centre,0.9316667318344116,0.8983961343765259
sector humanities,academic humanities,,0.913446843624115,
call center,call centre,,0.9862735271453857,
tu wien,tu berlin,,0.7294901609420776,
contemporary culture,culture,,0.9131507277488708,
corpuscular physics,molecular physics,,0.9111490845680237,
rutgers robert wood johnson medical school,rutgers robert wood johnson medical school new brunswick,,0.951057493686676,
water research laboratory,water research centre,,0.8937708735466003,
ecological research,ecological studies,,0.9558292627334595,
human genetics and molecular medicine,genetics and molecular medicine,,0.9666914939880371,
tocoginecologia,ginecologia,,0.858730673789978,
"philosophy, letters and educational sciences","philosophy, letters and education sciences",,0.9969222545623779,
finance-accounting,accounting-finance,,0.9765506982803345,
uniritter,unirp,,0.8243390321731567,
"etudiants, ecole doctorale, doctoral program in photonics","etudiants, ecole doctorale, doctoral program in electrical engineering",,0.8970264196395874,
kurdish language department,kurdish language,,0.910341203212738,
nyu langone medical center,nyu langone health,,0.8573081493377686,
moritz law,maurer law,,0.7856862545013428,
post graduate diploma in management,graduate management,,0.8779449462890625,
tashkent medical academy,urgench branch of tashkent medical academy,,0.9612557888031006,
psychology and neuropsychology,clinical psychology and neuropsychology,,0.9733996987342834,
computer science and engieering,computer science and engneering,,0.955279529094696,
harold vance petroleum engineering,petroleum engineer,,0.7213375568389893,
gastroenterologist,gastroenterology,,0.9550533890724182,
bristol medical school,bristol medical school ths,,0.9914005994796753,
marketing and international trade,international trade and marketing,,0.9700558185577393,
"anatomy, cell biology and physiology","anatomy, cell biology & physiology","biochemistry, molecular biology and cell biology",0.9980165958404541,0.8853036761283875
world economy and international relations,world economy and international affairs,,0.9815918207168579,
geographical institute,geography institute,,0.9434847235679626,
foscal clinic,ces clinic,,0.8797074556350708,
adults emergency,adult emergency,,0.9293103218078613,
"candiolo cancer institute, fpo-irccs",candiolo cancer institute,,0.8943436145782471,
biosciences and bioengineering,biosciences & bioengineering,,0.9971723556518555,
genomic medicine unit,genomics unit,molecular genetics center,0.8913892507553101,0.7754064202308655
business information systems,business and information systems,,0.977390468120575,
architecture and urban-rural planning,architecture and urban planing,,0.9566483497619629,
lung health,lung health and immunity,,0.911141037940979,
cancer research uk edinburgh centre,edinburgh cancer research centre,clinical sciences centre,0.9454512000083923,0.6428484916687012
sustainable food systems and development,sustainable food systems,,0.955357551574707,
government and politics,government & politics,,0.9956404566764832,
industrial engineering and systems,industrial systems and engineering,,0.9946982860565186,
secretaria de estado de saúde do distrito federal,secretaria de estado da saúde do distrito federal,,0.9934719800949097,
fkit,fme,,0.7405955195426941,
unipe,unip,,0.8439424633979797,
cryogenic engineering,cryogenic engineering centre,,0.9149682521820068,
roessingh research and development,research&development,,0.820229172706604,
graduate program in literature,graduate program in literary studies,,0.983684241771698,
romance-germanic philology,romance and germanic philology,,0.9690234065055847,
organizational behaviour,organizational behavior,,0.9943104386329651,
english language centre,english language center,,0.986204206943512,
chemical engineering and environmental technology,chemical engineering and environmental technologies,,0.9901577234268188,
chemistry and process engineering,chemical & process engineering,,0.9716636538505554,
plant & soil sciences,plant and soil sciences,,0.9975473284721375,
medical genomics,medical genetics and genomics,,0.9640018939971924,
phlam,lam,lthe,0.8119760751724243,0.6782525777816772
parasitology and tropical medicine,tropical medicine and parasitology,,0.9406483769416809,
research center in advanced materials,advanced materials research center,,0.980438768863678,
biology dept.,biology dept,,0.9688138961791992,
chiapas,anchas,,0.7869506478309631,
bioxistemas,bromatologia,,0.7935891151428223,
oil and gas technology,chemical technology of oil and gas processing,,0.921953558921814,
master of accounting,masters in accounting,,0.8309048414230347,
clinical oncology and nuclear medicine,clinical and radiation oncology,,0.9131909012794495,
head and neck surgery,head & neck surgery,,0.9952867031097412,
ent & head and neck surgery,ent and head & neck surgery,,0.9970451593399048,
english for international business,business english,,0.8898815512657166,
uin imam bonjol padang,iain palangka raya,sekolah tinggi ilmu statistics,0.765070915222168,0.7004482746124268
property management,real estate management,,0.8542520403862,
degree course in medicine,degree in medicine,,0.9334148168563843,
philology and european cultures,classical philology and indo-european,,0.8639621734619141,
emergency ward,emergency room,,0.922081470489502,
industrial engineering program,production engineering program,,0.8960827589035034,
regional and international studies,global and regional studies,,0.9467624425888062,
health and services,health services,,0.9751383066177368,
cece,ce,,0.9529528617858887,
preventive medicine and public health and microbiology,"preventive medicine, public health and microbiology",,0.995187520980835,
water treatment plant,wastewater treatment plant,,0.9363740086555481,
"chemistry, technology and pharmacy",chemistry and pharmacy,,0.9206151366233826,
bioeconomy,bio-economy,,0.9823150634765625,
upds,upb,,0.8741799592971802,
agro-technical school,agricultural school,,0.9072549343109131,
chemical and biomolecular engineering department,chemical and biochemical engineering department,,0.9695675373077393,
global health & social medicine,global health and social medicine,population and international health,0.9972607493400574,0.8258224725723267
economic analysis department,economics department and analysis,,0.9548016786575317,
organic chemistry and macromolecular chemistry,organic and macromolecular chemistry,,0.9898788928985596,
secretary of education of antioquia,secretary of education of caldas,,0.8721529841423035,
science du langage,département des sciences du langage,,0.8432501554489136,
fisheries resources,fisheries and marine resources,,0.9402285218238831,
oculoplasty,plastic surgery,,0.8394613265991211,
bioscience & biotechnology,bioscience and biotechnology,,0.9976624846458435,
ecclesiastical philosophy,theology and philosophy,,0.8731199502944946,
national advanced studies,national science education and research,,0.7985483407974243,
academic staff,faculty i,,0.8678808808326721,
neuroscience and behavioral sciences department,neuroscience department,,0.9349966645240784,
human health and performance,health and human performance,,0.9877629280090332,
public management,public management and administration,,0.9382153749465942,
inorganic chemistry and catalysis,catalysis and inorganic chemistry,,0.9840483665466309,
"philosophy, classics, history of art and ideas",philosophy and history of ideas,,0.9074318408966064,
yufu,urfu,,0.8060526847839355,
self,themselves,,0.7883404493331909,
division of computer science,computer science division,,0.9592069387435913,
english and spanish,spanish language,,0.9024094343185425,
international economic relations department,international trade department,,0.8849012851715088,
foreign languages and literary studies,languages and literary studies,,0.9526023864746094,
biorefinery,bioprocessing,,0.8303267955780029,
"urology,",urology,,0.9845762252807617,
blizzard institute,ice,,0.6361608505249023,
laboratory of biochemistry and molecular biology,laboratory of biochemistry and genetics,,0.9713695645332336,
biomedicine,biomedic,,0.9567248821258545,
biocybernetics and biomedical engineering,electronics and biomedical engineering,,0.892164945602417,
samsung advanced technology,samsung electromechanics,,0.8802372217178345,
speech language sciences,speech sciences,,0.9615947008132935,
transportation and civil engineering,civil engineering and transportation,,0.9841710329055786,
dmem,dms,,0.8885281085968018,
biomedical sciences and pharmacy,biomedical science and pharmacy,,0.99222731590271,
statistical genetics,quantitative genetics,,0.9027917385101318,
"center for humanities, letters and arts","center for arts, humanities and letters",,0.9892177581787109,
enfemagem,femec,,0.7956093549728394,
c-level,c3,,0.7860433459281921,
business support studies,business support,,0.7818235158920288,
gi,sgi,,0.8902274370193481,
open education and scientific information systems,information science,,0.7275899648666382,
computer engineering and telecommunications,computer and communications engineering,,0.9687922596931458,
guangdong cardiovascular institute,guangdong general hospital,,0.840106725692749,
australian business,australian centre,,0.7971025705337524,
center for research and documentation of contemporary history of brazil,history of brazil,brazilian institute graduate and extension,0.8185672760009766,0.6588171720504761
pharmaceutical sciences and food,pharmaceutical and food sciences,,0.9873131513595581,
telecommunications and telematics,telematics,and communications signals,0.94954514503479,0.8147451877593994
language academy,language learning academy,,0.9677093029022217,
experimental zooprophylactic veneto,experimental zooprophylactic south,,0.7897270917892456,
laboratory of microbiology,laboratory of medical microbiology,,0.9743949174880981,
graduate and research unit,graduate studies unit,,0.9097989201545715,
"human nutrition, foods, and exercise","human nutrition, foods and exercise",,0.9978997111320496,
nuclear futures institute,nuclear technology,,0.7722025513648987,
criminal justice,criminal justice system,,0.9516396522521973,
ippp,ppp,,0.9157646894454956,
quality and patient safety,quality & patient safety,,0.9962191581726074,
landscape architecture and urban planning,landscape architecture & urban planning,,0.9976561665534973,
care management,healthcare management,,0.87469083070755,
aeronautics and aerospace,aeronautics,,0.9488224387168884,
quantum physics,quantum physics and astrophysics,,0.9396286010742188,
china national offshore oil corporation china,china national petroleum corporation china,,0.9051980972290039,
cartography and remote sensing,cartography and geoinformation,,0.8517475724220276,
uncp,unap,,0.842176616191864,
fish diseases and management,fish diseases,,0.9103453755378723,
state education department,state education,,0.9381018877029419,
human health and performance,health and human performance,,0.9877629280090332,
cs and it,it and cs,,0.9326376914978027,
mechanical and engineering,mechanics and engineering,,0.9871837496757507,
cadarache,ens cachan,,0.7528371810913086,
graduate studies & research,graduate studies and research,,0.9974597096443176,
moh polytechnic bengkulu,malang state polytechnic,sekolah tinggi ilmu statistics,0.8171234130859375,0.6059462428092957
innovation sciences,innovation science,,0.974590539932251,
doctor of education,doctorate in education,,0.967353343963623,
post graduate program in arts,graduate program in arts,,0.9708535671234131,
utrecht linguistics,utrecht linguistics ots,,0.9777916669845581,
istanbul medical faculty,cerrahpaşa medical faculty,,0.8206524848937988,
toxicology and pharmacology,toxicology & pharmacology,,0.9975096583366394,
advanced materials and chemical engineering,advanced materials engineering,,0.9729674458503723,
wwf international,wwf,,0.7837748527526855,
investigation group,investigation area,"research group economy, management and health ecgesa",0.8041073679924011,0.6104377508163452
civil and engineering department,civil engineering department,,0.9820521473884583,
"culture, film and media",culture and media,,0.9496938586235046,
human and information sciences,human sciences and information,,0.9746335744857788,
communication sciences and information technology,communication and information sciences,,0.9732585549354553,
clinic anesthetics,anesthesiolgy,,0.8734627962112427,
women's and children's health,women's & children's health,,0.9972261190414429,
division of health research,division of health sciences,,0.929387629032135,
ifakara health institute,public health institute,,0.6979048252105713,
information convergence engineering,information engineering,,0.9229423403739929,
field science,field research,,0.8414320349693298,
maternal-child nursing and psychiatric,maternal and child nursing and psychiatric department,,0.8795398473739624,
experimental cardiology cardiology research center,experimental cardiology,preclinical research center,0.9079509973526001,0.7692299485206604
huacho,huamanga,,0.7671229839324951,
st. petersburg steklov mathematics,st. petersburg,,0.8248986005783081,
shadan hospital and medical sciences,hassan medical sciences,,0.786314845085144,
health of woman and child - sdb,health of woman and child,,0.8559103608131409,
bioengineering catalonia,bioengineering of catalonia,,0.9669215083122253,
cham humanities center,humanities center,,0.8642445802688599,
phitem,ufr phitem,,0.8404790759086609,
indian agricultural research institute,indian veterinary research institute,,0.8782445788383484,
barueri education foundation,education foundation,,0.7997729778289795,
accm,accf,m.p.c,0.8799121379852295,0.7646750211715698
management and medical information,management and medical informatics,,0.9183739423751831,
criminal and forensic sciences,criminalistics and forensic sciences,,0.9826079607009888,
hospital federal dos servidores do estado,hospital do servidor público estadual,,0.8498647809028625,
département de mathématiques et applications,département des sciences de l'éducation,,0.8259997367858887,
pranveer singh technology,indian technology kanpur,veer surendra sai medical sciences and research,0.7656016945838928,0.6682355999946594
westmead applied research centre,westmead medical research,,0.895219087600708,
physics cavendish laboratory,"physics, cavendish laboratory",,0.9701101183891296,
aerospace research centre,aerospace research center,,0.9896367788314819,
coens,cen,,0.7745285034179688,
ceart,deart,,0.8753502368927002,
di4a,di3a,,0.881496250629425,
veterinary medicine and animal sciences,veterinary medicine & animal science,,0.9894232749938965,
aselsan,aselsan inc.,,0.8931270837783813,
modern languages and culture,modern languages and cultures,,0.9860851764678955,
willy brandt public policy,public policy,,0.7034114599227905,
development management,development and management,,0.9402475357055664,
physiotherapy's clinic,physiotherapy clinic,,0.9841859340667725,
copsac,atc,,0.6603331565856934,
b-11: bioenergy and biome sciences,biosciences & bioengineering,,0.784765899181366,
kayseri training and research hospital,konya training and research hospital,,0.8299605250358582,
microscopy,nanoscopy,,0.8939275145530701,
australian health services research institute,south australian health and medical research institute,,0.9184556007385254,
medicine and veterinary medicine,medicine & veterinary medicine,,0.9977994561195374,
fesc,fes,,0.8520110845565796,
health and life science,health & life science,,0.9966105222702026,
cispa,ispa,,0.889361560344696,
medical clinics,medical clinic,,0.9604289531707764,
organic chemistry and biochemistry,biochemistry and organic chemistry,,0.985008716583252,
division of cancer therapeutics,division of cancer studies,,0.8447144031524658,
global pediatric medicine,pediatrics and medicine,,0.8403547406196594,
earth & environmental sciences,earth and environmental sciences,,0.9981859922409058,
electrical and electronics enginering,electrical and computer enginering,,0.9609649777412415,
pathology and experimental therapeutics,experimental therapeutics,,0.8944826126098633,
anthropology of americas,american history,"history, sociology",0.8313442468643188,0.6902578473091125
electrocardiology,cardiac electrophysiology,,0.9599048495292664,
mai,iau,,0.8527281284332275,
parul public health,public health,,0.8754870295524597,
harvardx,harvard,,0.7367736101150513,
"humanities - languages, mediation, history, literature, philosophy","languages, literatures and cultural studies",,0.8897711634635925,
dopt,dtis,,0.7874354124069214,
clinical division,clinical sciences division,,0.9288662672042847,
national instruments corp,instrument department,,0.7294687032699585,
atmospheric pollution research,atmospheric and climate science,,0.7933293581008911,
retirement,retired,,0.900252103805542,
ftve,tvet,,0.811799168586731,
escuela técnica superior de ingenieros de minas y energía,escuela tecnica superior de ingenieros industriales,escuela técnica superior de ingenieros aeronáuticos,0.9261365532875061,0.8700515627861023
radiology and diagnostic imaging,radiology and imaging,,0.9864648580551147,
mechanical engineering & automation,mechanical engineering and automation,,0.9972927570343018,
ji hua laboratory,xianghu laboratory,,0.8915306329727173,
generation,gen,,0.7741383910179138,
functional genomics and cancer,molecular genetics of cancer,,0.8797347545623779,
animal production and pastures,agriculture and livestock,,0.8612453937530518,
"environment, health and safety","environment, health & safety",,0.9974116086959839,
nutrition of central america and panama,nutrition,,0.5752962827682495,
living adjustments,accommodation,,0.6288806200027466,
industrial fisheries,industrial fish and fisheries,,0.9519940614700317,
camden and islington nhs foundation trust,county durham and darlington nhs foundation trust,london research institute,0.8790338039398193,0.5866163969039917
industry,industry department,,0.8606399297714233,
mechanics and engineering sciences,mechanics and engineering science,,0.9914037585258484,
storia culture civiltà,culture e civiltà,,0.8972601294517517,
obstetrics and gynecology №1,obstetrics and gynecology №2,,0.9403701424598694,
uib,aib,,0.9068078398704529,
mace,"mechanical, aerospace and civil engineering mace",,0.6872949600219727,
applied mechanics and automatic control,applied mechanics,,0.8570783138275146,
communication school,communication and arts school,,0.9174891710281372,
hospice and palliative medicine,hospice and palliative care,,0.9638320207595825,
electrical machines and apparatus,electrical machines,,0.9618915319442749,
human movement sciences,human movement science,,0.9731894731521606,
ateneo medicine and public health,medicine and public health,,0.9015350341796875,
clinical immunology laboratory,immunology laboratory,,0.9492269158363342,
political and social sciences sps,political & social sciences,political science/economics,0.9288082718849182,0.8204420208930969
"mathematics, informatics, and mechanics","mathematics, informatics and mechanics",,0.9969319105148315,
laboratory of cell and developmental signaling,laboratory of cell biology,,0.8957703709602356,
polytechnic castelo branco,polytechnic viana do castelo,,0.8038924932479858,
subdirección general,direccion general,,0.9239853620529175,
"communication, culture, and technology","communication, culture & technology",,0.9927428364753723,
national technology raipur,national technology durgapur,,0.9161162972450256,
english dept,english dept.,,0.9404943585395813,
helsinki collegium for advanced studies,folkhälsan research center,,0.7124312520027161,
basic disciplines,basic training,,0.8545017242431641,
polymer physics and chemistry,polymer chemistry and physics,,0.9976146221160889,
academic field of biology,degree in biological sciences,,0.9007322192192078,
technical drawing,engineering graphics,,0.8104454278945923,
uniceub,uniceuma,,0.844782829284668,
epidemiology and public health,"epidemiology, public health",,0.9955358505249023,
microbiology/virology,microbiology & virology,,0.979651689529419,
plant biochemistry and molecular biology,plant physiology and molecular biology,,0.9719526171684265,
campus vii,campus viii,,0.9629534482955933,
ludwig boltzmann digital health and prevention,ludwig boltzmann cancer research,,0.7458999156951904,
laboratory of genetics,laboratory of human genetics,,0.9782160520553589,
conservation services,preservation services,,0.878001868724823,
iran ministry of health and medical education,ministry of education iran,,0.843427836894989,
state key laboratory of rail traffic control and safety,state key laboratory of rail transit vehicle system,,0.9103655815124512,
kidney transplantation,kidney transplant,,0.9915258884429932,
osteopathic medicine in arizona,arizona osteopathic medicine,,0.8210655450820923,
"lingue, letterature e culture moderne",lingue e letterature straniere e culture moderne,,0.9501452445983887,
office technology and management,management and technology,,0.8560530543327332,
international agency for research on cancer,cancer research center,,0.7517713308334351,
wsp canada,cgi canada,gslis,0.7868711948394775,0.5758072733879089
coordination of management course,coordinating courses,,0.8675699830055237,
entertainment,entertainment industries,,0.8612500429153442,
pharmacology/toxicology,pharmacology-toxicology,,0.9925477504730225,
national agricultural technology,national agricultural technology institute,,0.8670214414596558,
educational measurement and evaluation,measurement and evaluation in education,,0.9780664443969727,
irrigation & drainage,irrigation and drainage,,0.998242974281311,
order of nurses,nurse,,0.7818065881729126,
vladimir andrunachievici mathematics and computer science,computer science and mathematics,,0.7239171266555786,
3rd international school on beam dynamics and accelerator technology,2nd international school on beam dynamics and accelerator technology,,0.8821846842765808,
ivm,ivs,,0.8550577163696289,
institut national des sciences appliquées de lyon,institut national des sciences appliquées de toulouse,,0.9521838426589966,
"fflch - philosophy, letters and human sciences",ifch - philosophy and human sciences,,0.8734243512153625,
physiscs,physisc,,0.9513702392578125,
leonard davis health economics,leonard davis gerontology,,0.7627749443054199,
research & development centre,research and development centre,,0.9960870742797852,
practice of medicine,medical practice,,0.9474146366119385,
precision instruments and opto-electronics engineering,precision instrument and opto-electronics engineering,,0.9935554265975952,
fisheries oceanography and marine ecology,marine biology and ecology,,0.8900846242904663,
studio art,studio arts,,0.9424726963043213,
rose hulman technology,rose–hulman technology,,0.9728742837905884,
ecosystems and environment,environmental systems,,0.9268976449966431,
central population studies,population studies,,0.859969437122345,
infrastructure secretariat,infrastructure department,,0.8403154611587524,
synopsys,synopsys inc,,0.9512101411819458,
mangement,manangement,,0.813471794128418,
chemical and environmental process engineering,chemical and environmental engineering,,0.9710369110107422,
gerontologia social,gerontologia,,0.9007982015609741,
knrtu-kai,tsu,,0.7792284488677979,
gas processing center,petroleum engineering,,0.6796245574951172,
escuela normal superior de méxico,escuela normal superior,,0.8440408110618591,
design of architectural environment,architectural environment design,,0.9563747644424438,
ant group,sensetime group,,0.770065426826477,
behavioral sciences and mental health,neurosciences and mental health,,0.9073042273521423,
graphic,graphics,,0.9089818000793457,
russian scientific center of surgery,bakulev scientific center for cardiovascular surgery russian academy of medical sciences,"mathematical problems of biology, russian academy of sciences",0.8555834293365479,0.6809549331665039
caris life sciences united states,dept. of life sciences,,0.7981594204902649,
public prosecutor's office,public prosecutor&#39;s office,,0.8884807825088501,
pediatric anesthesiology,pediatric medicine,,0.9198148250579834,
environmental engineering division,division of environmental science and engineering,,0.9400743246078491,
national polytechnic toulouse,national polytechnic institute,,0.9251600503921509,
social policy & practice,social policy and practice,,0.9972051978111267,
obstetrics and gynecology department,obstetric and gynecology department,,0.982820451259613,
graduate science,"graduate science,",,0.9785277843475342,
"design, production and management",design and manufacturing,,0.831294059753418,
address research and technological development,research and technological development,,0.954451322555542,
climate,climate and environment,,0.9465072154998779,
physical department,physical-technical department,,0.8905735015869141,
forest entomology and protection,forest entomology,,0.9431395530700684,
electrcial engineering,electrical engineering,,0.9748661518096924,
taylor & francis group,taylor and francis group,,0.9873625040054321,
reproductive biology laboratory,laboratory of reproductive biology,,0.9003893136978149,
biodiversity and biotechnology,biotechnology and biodiversity,,0.9482376575469971,
医生物学研究所 / life and medical sciences lime,"生命科学研究科生理科学専攻/ physiological sciences, life science",,0.9348582029342651,
health and behavioral sciences,health & behavioral sciences,,0.9958195090293884,
computer science and media,media computer science,,0.9574679732322693,
pure & industrial chemistry,pure and industrial chemistry,,0.9939515590667725,
cuhk,ehs,,0.8494537472724915,
reproductive medicine unit,reproductive medicine,,0.8707879781723022,
transportation and civil engineering institute,civil engineering institute,,0.9103196859359741,
languages and general studies,languages and social sciences,,0.9074586629867554,
preparatory classes,preparatory class,,0.9754642248153687,
srh,srt,,0.8181597590446472,
physics & engineering physics,physics and engineering physics,,0.9940825700759888,
vitreoretina,viticulture,,0.7686103582382202,
production engineering and mechanical design department,production engineering and mechanical design,,0.9318283200263977,
donkey,animal,,0.6574714779853821,
rural economics,rural economy,,0.9489702582359314,
psychiatry and behavioral neuroscience,psychiatry & behavioral neuroscience,,0.996658205986023,
history of art and architecture,history of art & architecture,,0.9957702159881592,
hadassah medical center,shaare zedek medical center,,0.8187400102615356,
individual and society,people and society,,0.8573780059814453,
technology and design,design and technology,,0.9868370294570923,
scu,sc,,0.8753020763397217,
"graduate clinical medicine, medicine","graduate medicine, medicine",,0.9832137823104858,
imd,iesd,,0.8859459161758423,
postgraduate system,postgraduate program,,0.9109518527984619,
center find focus,central it,,0.8156247138977051,
inria saclay - île-de-france research centre,inria saclay research centre île-de-france,institut des sciences du végétal,0.9890260696411133,0.695014238357544
german language and literature,german language and literature i,,0.9945473670959473,
idener spain,everis spain,,0.9202408790588379,
marathi,rasashastra &amp; bhaishajya kalpana,,0.6719632148742676,
"law, politics and development",law and politics,,0.8974511623382568,
univeristy,univ,,0.9480074644088745,
center for language and brain,cognitive neurosciences,,0.7936094999313354,
dba,ba,,0.9223488569259644,
digital economics,digital economy,,0.8881644606590271,
"geography, history and humanities","geography, history and art history",,0.9169152975082397,
national medicines,veterinary medicin,,0.7352957725524902,
disafa,dibaf,,0.814497709274292,
fisica ed astronomia ettore majorana,physics and astronomy ettore majorana,,0.8878196477890015,
british institute,british institute at ankara,,0.8396603465080261,
pediatric infectious diseases,pediatric infectious disease,,0.9898751378059387,
orthopaedic,orthopaedics,,0.9663380980491638,
m. louise fitzpatrick nursing,louise herrington nursing,,0.8467270731925964,
usda-ars northeast area,usda-ars,,0.7566921710968018,
research and planning,planning and research,,0.9852175712585449,
pen-tung sah micro-nano science and technology,nano science and technology,,0.8392624855041504,
botany,botanical,,0.9417617917060852,
fade,fap,,0.7209072709083557,
pharmacology and nutritional sciences,pharmacological sciences,,0.9124046564102173,
neurogenetics,neurogenomics,,0.953751802444458,
amrc,mrc,,0.8731591701507568,
national centre for coastal research,national centre for sustainable coastal management,central salt and marine chemicals research institute csir,0.8667722940444946,0.6395344734191895
san diego biomedical research institute,uc san diego medicine,,0.8261359333992004,
administration and national security,national security,,0.8432141542434692,
mecânica industrial,quimica industrial,,0.823827862739563,
international sustainability,global sustainability,,0.921395480632782,
neuromarketing,neurotechnology,,0.7038400769233704,
pharmaceutical institute,pharmaceutical research institute,,0.9503452181816101,
unhcr,crl,,0.8302632570266724,
veterinary sciences and animal husbandry,veterinary science and animal husbandry,,0.9891712069511414,
foundation year,first year,,0.7800966501235962,
sespa,uepa,,0.8744038939476013,
forestry and conservation,forestry and nature conservation,,0.9912383556365967,
igcse,igc,,0.8374650478363037,
polymer and fiber engineering,polymer and textile engineering,,0.9629285335540771,
secretary of education of boyacá,secretary of education of putumayo,,0.8373086452484131,
aquaculture engineering,aquaculture technology,,0.9072493314743042,
network sciences and cyberspace,cyberspace science and technology,,0.8805355429649353,
marine and atmospheric science,marine and atmospheric sciences,,0.9902200102806091,
operations management,operation management,,0.9764101505279541,
ecological chemistry,environmental chemistry,,0.9146194458007812,
research centre for study of democratic cultures and politics demcp,research centre arts in society ais,,0.7471097707748413,
core include accessibility and,accessibility core,,0.8929623961448669,
uanl medicine,uanl,,0.7538549304008484,
applied informatics and mathematics,applied mathematics and informatics,,0.9947003722190857,
north of santader,north santander,,0.8250072002410889,
applied linguistics and esl,applied linguistics,,0.9455922842025757,
center of social sciences and education,center of human and social sciences,,0.9422450065612793,
"physics, mathematics",physics and mathematics,,0.9959428906440735,
cytogenetic,cytogenetics,,0.9433401823043823,
real conservatorio superior de música,real conservatorio superior de música de madrid,,0.8986098766326904,
electronics engineering and computer science,electronic engineering and computer science,,0.990760326385498,
biodiversity and ecosystem research,biodiversity research,,0.9324458837509155,
hitachi,hitachi japan,,0.8848620057106018,
national agricultural innovation,national agricultural research,,0.7976444959640503,
literature and cultural heritage,"languages, literature and cultures",,0.8910433053970337,
"finance, accounting and audit",finance and accounting,,0.9584283232688904,
"public health, health sciences",public health and health sciences,,0.9963148832321167,
linz education,educatiom,,0.7263627052307129,
mario negri south consortium,rfx consortium,marco fano economics and management - dsea,0.622416615486145,0.6581248641014099
national agricultural research centre,agricultural research institute,,0.8263344764709473,
industrial engineer,industrial engineering,,0.9259730577468872,
phd researcher,ph.d.,,0.8679358959197998,
health sciences center - medicine,center of medical sciences,,0.9565494060516357,
center for religious and cross-cultural studies,center for religious and cross cultural studies,,0.9956243634223938,
respiratory care,respiratory and critical care,,0.9348651170730591,
amity neuropsychology and neurosciences,psychology and cognitive neuroscience,,0.9115088582038879,
unisanté,cie,,0.7257323265075684,
biological and pharmaceutical engineering,biotechnology and pharmaceutical engineering,,0.9746856689453125,
mechanical engineering and production,mechanical and production engineering,,0.9887011051177979,
g.b. pant himalayan environment and development,wadia himalayan geology,,0.7720628380775452,
c3m,m3,,0.8637082576751709,
automated electric drive,electric drive,,0.879643440246582,
architecture and cities,architecture & urbanism,civic design,0.9579349160194397,0.8071551322937012
hadley centre,lyell centre,,0.7874041199684143,
escuela superior de ingeniería informática,escuela técnica superior de ingeniería informática,escuela técnica superior de ingenieros aeronáuticos,0.9821853637695312,0.8892923593521118
analytical chemistry and instrumental analysis,analytic chemistry,,0.8712654113769531,
directorate of extension,directorate of extension education,,0.9002172946929932,
graduate agricultural and life sciences,graduate agriculture and life sciences,,0.9941708445549011,
contratista,analista,,0.742720365524292,
royal australian and new zealand psychiatrists,royal australian and new zealand obstetricians and gynaecologists,,0.8512166142463684,
communication - facom,telecomunication,,0.8802226781845093,
foreign philology,foreign philology and translation,,0.9225831031799316,
research & enterprise,research and enterprise,,0.992644727230072,
high modern languages ​​for interpreters and translators,applied languages,,0.82872074842453,
modelling and simulation,modelling & simulation,,0.9947801828384399,
economics and finances,economics and finance,,0.9658030271530151,
communication and cultural studies,"media, communications and cultural studies",,0.9220669269561768,
"earth, environment and society","earth, environment, and society",,0.9976918697357178,
korea toxicology,korean medicine,,0.7842773199081421,
clinical division,clinical sciences division,,0.9288662672042847,
applied ai,applied,,0.893054187297821,
la colina clinic,colsanitas clinic,,0.8446128368377686,
multifunctional landscapes,architecture and landscape,,0.7764959335327148,
nurse education,nursing education,,0.9268290996551514,
escola superior de desenho industrial,escola superior de gestão,,0.8134349584579468,
cell and tissue biology,cell biology and anatomy,,0.9620742797851562,
graduate program in international relations san tiago dantas,graduate program in international relations,brazilian institute graduate and extension,0.7456154823303223,0.7339460849761963
ciencias de la computación e inteligencia artificial,ciencia de la computación e inteligencia artificial,,0.9667278528213501,
islamic,islamic religion,,0.9593421220779419,
computer science and engineering,computer science and engineering.,,0.9963620901107788,
automotive and mechanical engineering,automotive mechanical engineering,,0.986834704875946,
max weber programme,md program,,0.5774173140525818,
tuberculosis department,tuberculosis,,0.8184128999710083,
"physics, astronomy and mathematics","physics, mathematics and astronomy",,0.9991022944450378,
molecular biology laboratory,molecular biology lab,,0.9903527498245239,
caixa economica federal,caixa econômica federal,,0.9475278258323669,
state educational services chihuahua,chihuahuense postgraduate studies center,,0.7366986274719238,
materials and dental prosthesis,dental materials and prosthesis,,0.9767608046531677,
agricultural research council,council for agricultural research and experimentation,,0.8882802128791809,
pharmacology and biotechnology,pharmaceutical biotechnology,,0.9578728675842285,
siass,ssi,,0.8673015832901001,
"civil, environmental, and geodetic engineering","civil, environmental and geodetic engineering",,0.9965800642967224,
pmt,dpm,m.p.c,0.8849656581878662,0.7119513154029846
metrology and standardization,standardization,,0.8364901542663574,
radio engineering department,radio engineering,,0.9238605499267578,
disb,disp,,0.8550686240196228,
politics and culture,politics and society,,0.9266746044158936,
electric power department,electricity department,,0.9764156341552734,
technology development,technology and development,,0.9801844954490662,
ibm,ibbm,,0.9211577773094177,
unesr,unes,,0.749100923538208,
"sciences, culture and extension of rio grande do norte","instituto federal de educação, ciência e tecnologia do rio grande do norte",,0.772818922996521,
reseach,researcher,,0.8789677023887634,
politics and ir,politics,,0.9457983374595642,
hydraulics and water resources engineering,hydraulic and water resources engineering,,0.980139970779419,
lepabe,caup,,0.7864385843276978,
greenlee journalism and communication,journalism and communication,,0.6666877269744873,
"centre for environment, fisheries and aquaculture science",centre for environment fisheries and aquaculture science,centre for environmental strategy,0.9871343374252319,0.7626384496688843
industrial security,industrial safety,,0.8607285022735596,
psychological methods,psychology,,0.8935182094573975,
graduate school and continuing education,graduate and continuing education,,0.9847424030303955,
republic of iraq ministry of health,ministry of health,,0.7432523965835571,
national aerosol facility,national chemical laboratory,,0.6710779666900635,
marine biology and biotechnology,marine biotechnology,,0.9544503688812256,
applied statistics and data science,data science and statistics,,0.9465399980545044,
social pedagogy,sociology and pedagogy,,0.9212638735771179,
life sciences and bioengineering,life sciences and bio-engineering,,0.9950541257858276,
electronics systems,electronics and systems,,0.9887969493865967,
seoul institute,korean language institute,,0.8537101745605469,
financial market,financial markets,,0.976468026638031,
medical laboratory diagnostics,clinical laboratory diagnostics,,0.9646871089935303,
history - degree,history degree,,0.9656933546066284,
masters degree,master's degree,,0.9818649888038635,
infectious,infection,,0.968708872795105,
inar,the,,0.7943124175071716,
"yunnan observatories, chinese academy of sciences",national astronomical observatories chinese academy of sciences,,0.9065348505973816,
african field epidemiology network,west african centre for cell biology of infectious pathogens,west african surgeons,0.7558872699737549,0.5890429019927979
systems integration division,systems division,engineering-economic systems,0.9224120378494263,0.7021065950393677
"english, germanic and romance studies",english studies,,0.8021585941314697,
centre for biological sciences,center for biological sciences,,0.97261643409729,
graduate media design,graduate design,,0.8575336933135986,
organic chemistry and technology,inorganic chemistry and technology,,0.9626930952072144,
shaikh zayed hospital,abbasi shaheed hospital,,0.8592458963394165,
yale medicine,yale public health,,0.7985491752624512,
graduate in clinical psychology,graduate program in clinical psychology,,0.9636570811271667,
saint james medicine,st. jude children's research hospital,dartmouth medical school,0.7181596755981445,0.6053695678710938
silicon technology,silicon photonics,,0.851932942867279,
project engineering,engineering project management,,0.9338868856430054,
alexander von humboldt foundation,alexander von humboldt internet and society,,0.7945910096168518,
chemical & petroleum engineering department,chemical and petroleum engineering department,,0.9970986843109131,
interdisciplinary program in bioinformatics,interdisciplinary program in bioengineering,,0.8917533159255981,
french institute,french press institute,,0.9115290641784668,
operations research and information engineering,systems engineering and operations research,,0.9140422344207764,
graduate program in plant biology,graduate program in plant science,,0.9779461622238159,
jordi gol primary care research institute,aragon health research institute,,0.7373971939086914,
modern european languages,english and modern european languages,,0.9466808438301086,
roslin institute,rosalind franklin institute,,0.8901287317276001,
wood science and engineering,wood science & engineering,,0.9965198040008545,
transport and traffic engineering,traffic and transportation engineering,,0.977778971195221,
mathematical engineering and information physics,"mathematics, physics and informatics",,0.9237433671951294,
physical education course,physical education program,,0.9457026720046997,
waterford technology,water,,0.7571766376495361,
lyon cancer research center,cancer research center of lyon,,0.8939687013626099,
medecin,medecine,,0.9244457483291626,
public health and clinical medicine,clinical medicine and public health,,0.9882742166519165,
ichi,oei,,0.8080939054489136,
journalism and social sciences,journalism and communication sciences,journalism and political sciences,0.9032286405563354,0.9150750637054443
health profession,health professions,,0.97605961561203,
geography and geoinformation science,geography and geographic information science,,0.9867939949035645,
computer science / mathematics,computer science & mathematics,,0.9880412817001343,
environment and information studies,environmental and information studies,,0.9884918332099915,
lancaster medical school,mrc london medical sciences,royal postgraduate medical school,0.7356592416763306,0.6512527465820312
computer center - cin,cin - computer center,,0.9133303761482239,
ufr psychologie,"psychology,",,0.8362825512886047,
energy infrastructure,energy systems,,0.8933364152908325,
ensp/fiocruz,fiocruz,,0.9319054484367371,
food safety and quality management,food safety and quality assurance,,0.9625558853149414,
scientific section,science section,,0.9589097499847412,
independence,independent,,0.7814421653747559,
theatrical art,theater arts,,0.8711854815483093,
information technologies and systems,information systems and technologies,,0.9977142810821533,
chinese international education,international chinese language education,graduate chinese academy of sciences,0.9675811529159546,0.754306435585022
environmental core - in,environmental core,,0.9383602142333984,
international centre for education in islamic finance,contemporary islamic studies academy,,0.7855470776557922,
general technical subjects,general technical disciplines,,0.9618759751319885,
messerli research institute,erich schmid materials science,,0.7411580085754395,
electrochemistry,technical electrochemistry,,0.9599797129631042,
ispa,cispa,,0.889361560344696,
agriculture science and technology,agricultural science and technology,agricultural engineering technology,0.9864064455032349,0.9066100120544434
uaq,uteq,,0.8873018622398376,
control systems department,control system,,0.9191290736198425,
imaging center,imaging facility,,0.9046062231063843,
bc cancer agency,bc centre for disease control,,0.7404682040214539,
"biology, biotechnology and environmental protection",biotechnology and environmental protection,,0.9556870460510254,
wonju severance christian hospital,kangbuk samsung hospital,,0.767106294631958,
integrated systems engineering,embedded systems engineering,,0.9496789574623108,
control and computation engineering,control and computer engineering,,0.9702662229537964,
silviculture and agroforestry,silviculture & agroforestry,,0.9971311092376709,
cirimat,ciml,,0.7796011567115784,
agricultural extension and rural development,agricultural extension & rural development,,0.9970405101776123,
inhalation toxicology,human toxicology,,0.886398434638977,
research tropical forestry chinese academy of forestry,research subtropical forestry chinese academy of forestry,graduate chinese academy of sciences,0.9726400971412659,0.6924482583999634
school,ischool,,0.9550797939300537,
power supply of industrial enterprises,electric power industry,,0.8615401983261108,
material department,materials department,structure and constituents of matter,0.9788763523101807,0.704189658164978
energia,energie,,0.9530107975006104,
bioinformatics division,division of bioinformatics,,0.9702337384223938,
"health sciences, nursing",health sciences and nursing,,0.9959380030632019,
santiago de surco,san juan de lurigancho,,0.7221857905387878,
commercialization,marketing and commerce,,0.821044921875,
"building services, hydro and environmental engineering",civil and water engineering,,0.839452862739563,
oceanography,oceanology,,0.9528877139091492,
skaggs pharmacy and pharmaceutical sciences,skaggs pharmacy,,0.8839935064315796,
católica porto business school,catolica porto business school,,0.9506525993347168,
biology and computer science,"biology, computer science",,0.9930161237716675,
"dipartimento di ingegneria informatica, automatica e gestionale -antonio ruberti-","dipartimento di pianificazione, design, tecnologia dell'architettura","dipartimento di industrial design, delle arti, della comunicazione e della moda attivo dal 01/01/1900 al 31/12/2012",0.7932016849517822,0.7195204496383667
"diabetes, endocrinology and metabolism","diabetes, metabolism and endocrinology",,0.9990347623825073,
ivf unit,gis unit,,0.792044997215271,
centre for additive manufacturing,advanced remanufacturing and technology centre,,0.8294472694396973,
haryana business,jaipur business,,0.7888956069946289,
computational medicine and bioinformatics,computational medicine & bioinformatics,biophysics and computational biology,0.997576117515564,0.8041194677352905
perception,escience,,0.7327525615692139,
gene therapy program,gene therapy,,0.9425942897796631,
teknik och samhälle,chemistry-ångström,,0.7089947462081909,
national centre for cell science,national centre for biological sciences,,0.8892707228660583,
psychobiology and methodology in behavioral sciences,psychobiology and methodology of behavioral sciences,,0.9958876371383667,
preservation of cultural heritage,conservation of cultural heritage,,0.990996241569519,
international law school,law school and international relations,,0.9024872183799744,
physics/astronomy,astronomy/physics,,0.99164217710495,
jindal liberal arts and humanities,liberal arts and humanities,,0.9195715188980103,
biotechnology department,biochemistry and biotechnology department,,0.9317470788955688,
children and families,children and family,,0.971230685710907,
family studies and human development,human development and family studies,,0.9815378785133362,
filological,filology,,0.9465829730033875,
human biomechanics georges charpak,human kinetics,,0.7954848408699036,
center for nanophase materials science,center for nanophase materials sciences,,0.9962762594223022,
division of theoretical physics,theoretical physics division,,0.9230871200561523,
graduate faculty,postgraduate faculty,,0.967440128326416,
educational law,educational and scientific law,,0.8995676040649414,
whu – otto beisheim management,whu otto beisheim management,,0.9828319549560547,
cdl,lcs,ibls,0.9062788486480713,0.7971127033233643
division of plant sciences,division of plant science,,0.9871095418930054,
academy for engineering & technology,academy for engineering and technology,,0.9978300333023071,
oticon eriksholm research centre,eriksholm research centre,,0.878995418548584,
psychobiology,psychophysiology,,0.9540398120880127,
resource and environmental sciences,resources and environmental sciences,,0.9909111261367798,
instrumental analysis,analytical chemistry and instrumental analysis,,0.8333169221878052,
area of ​​social and global studies,social and global studies,,0.9507613182067871,
geoinformatics and cartography,cartography and geoinformatics,,0.9578654766082764,
instituto de educación superior pedagógico publico tayabamba.,instituto federal de educacao ciencia e tecnologia do amapa,instituto cenecista de ensino superior de santo ângelo,0.8329789638519287,0.7427496910095215
information systems and computer science,information systems & computer science,,0.996423602104187,
public health and pediatrics,public health and pediatric sciences,,0.9515892267227173,
capgemini united states,amgen united states,,0.8028930425643921,
geosciences and environmental engineering,geosciences and engineering,,0.9617583155632019,
human and social sciences applied,applied social sciences,,0.9513723850250244,
ernst and young,ernst & young,,0.9951584935188293,
"physical culture, sports and tourism",physical culture and sports,,0.8748161196708679,
communication and information studies,information and communication studies,,0.9817039370536804,
vehicle engineering and mechanics,mechanical and vehicle engineering,,0.9595953226089478,
gastroenterology surgery,gastroenterological surgery,,0.9974015951156616,
dhi,dehis,,0.795020580291748,
human occupation,human resourses,,0.7482328414916992,
"departament d'antropologia, filosofia i treball social",departament d'antropologia social i cultural,,0.879804253578186,
cardiac anesthesiology,cardiac anaesthesiology,,0.9848244190216064,
biotechnlogy,biotechnologia,,0.9518579244613647,
"ecology, evolution and natural resources","ecology, evolution, and natural resources",,0.9969881176948547,
kajian budaya dan media,iain palangka raya,sekolah tinggi ilmu statistics,0.7678167819976807,0.6779766082763672
instituto federal de educação ciência e tecnologia de santa catarina,"instituto federal de educação, ciência e tecnologia de santa catarina",,0.991574227809906,
postgraduate molecular medicine,doctoral molecular medicine,,0.8950387835502625,
conservation & restoration,conservation and restoration,,0.9966283440589905,
research methods,research methodology,,0.9700642824172974,
j.e. cairnes business & economics,business and economics,,0.7324559688568115,
ohs,uh,,0.8619089722633362,
iesc,iec,,0.854851484298706,
southern health nhs foundation trust,south tees hospitals nhs foundation trust,,0.912104070186615,
united states veterans affairs,u.s. veterans affairs,,0.9654673337936401,
social anthropology and ethnology,social anthropology,,0.9567949771881104,
portuguese studies,portuguese and brazilian studies,,0.9440243244171143,
center for interdisciplinary research in biology,interdisciplinary center biology research,molecular genetics center,0.9658904075622559,0.7847580909729004
australian family studies,australian environmental studies,,0.7784912586212158,
plant pathology and crop physiology,plant biology and pathology,,0.9304656982421875,
lepmi,le2i,,0.8043664693832397,
health department and,health department,,0.951617419719696,
applied aviation sciences,flight sciences,,0.8891868591308594,
cetaqua,caa,,0.7263455390930176,
genomic medicine and environmental toxicology,toxicology and genetics,,0.8721798658370972,
anatomical y embryology humanitarian,anatomy and embryology,,0.8324695825576782,
iaem,iuem,,0.9155893921852112,
autoimmune diseases,autoimmunity,,0.8375706076622009,
eerc,ec,,0.8325783014297485,
restoration department,restorative department,,0.9496058225631714,
teaching mathematics and experimental sciences,teaching of mathematics and experimental sciences,,0.9936040043830872,
preclinic,clinic,,0.9462383985519409,
industrial education,industrial education and technology,,0.927627444267273,
electronics and nanoscale engineering,electronics and nanoengineering,,0.95169597864151,
polymer chemistry and technology,polymer science and technology,,0.9702634215354919,
sk hynix inc,sk hynix,,0.9099231958389282,
cesmac,mac,,0.8527560234069824,
resource engineering,resources engineering,,0.9814841151237488,
mckinsey & company,mckinsey and co,,0.9842419624328613,
ospc,ispc,,0.7287192344665527,
management and enterprise,management & enterprise,,0.9938676953315735,
legal aid,legal services,,0.9063578844070435,
civil engineering and transport,civil engineering and transportation,,0.9948040843009949,
dtu management engineering,management engineering,,0.8967954516410828,
lps,lpsm,,0.9221248626708984,
"partners in health, peru branch",partners in health,,0.7997823357582092,
"social sciences, business and economics",social sciences and business,,0.9651573896408081,
instituto de investigação científica tropical,instituto de higiene e medicina tropical,instituto de biologia experimental e tecnológica,0.8451294898986816,0.7404600381851196
ocean engineering program,ocean engineering,,0.9163706302642822,
water resources management and agrometeorology,hydrology and water resources management,,0.848746657371521,
assessment of performing arts and visual arts,art assessment,,0.8350421190261841,
public history,history,,0.8948821425437927,
centre for microvascular research,centre for biomedical research,clinical sciences centre,0.8419188261032104,0.8062146902084351
laboratory of pharmacognosy,laboratory of pharmacology,,0.9681461453437805,
health sciences midwifery,nursing and midwifery,,0.9146832227706909,
liaison psychiatry,clinical psychiatry,,0.8363796472549438,
communications area,communication area,optical communication,0.9798953533172607,0.7660679817199707
operations and decision sciences,operations management and decision sciences,,0.9606435298919678,
swedish language,swedish,,0.9293062686920166,
academic accounting,accounting sciences,,0.8615946769714355,
usda forest service rocky mountain research station,rocky mountain research station,,0.856920599937439,
recife city hall,city hall of curitiba,,0.8207210302352905,
pcmm,cmm,,0.8819839954376221,
biology education centre,biology education,,0.8788989186286926,
engineering department telematics systems,engineering and telematics systems,,0.9252871870994568,
teachers service commission,teacher education,,0.7166935801506042,
meteorologi,meteorology,,0.8545165061950684,
soil and water research department,soil and water research,,0.8972091674804688,
pre-school teaching,pre-school education,,0.9480031132698059,
biologia celular y molecular,biología celular y molecular,,0.9797276258468628,
experimental biology of polish academy of sciences,"nencki experimental biology, polish academy of sciences",,0.9339464902877808,
humanities and languages,humanities & languages,,0.9918071627616882,
"wasm: minerals, energy and chemical engineering",mineral resources and energy engineering,"chemistry, physics and earth sciences",0.8749579787254333,0.7640739679336548
criminal law department,criminal department,,0.9338802695274353,
instituto de biología molecular y celular del cáncer,instituto de biología molecular y celular de rosario,,0.878639817237854,
post graduate english,postgraduate english,,0.9845575094223022,
sdm,sdsc,,0.8601257801055908,
computer science and robotics,computer science & robotics,,0.9959037899971008,
apprentice,young apprentice,,0.8695223331451416,
graduate comprehensive human science,graduate comprehensive human sciences,,0.9653586149215698,
doctoral school on safety and security sciences,doctoral school,,0.7638622522354126,
korea civil engineering and building technology,korea industrial technology,,0.8830761313438416,
welding research institute,joining and welding research institute,,0.8653426170349121,
agriculture and food security,agriculture and food systems,land and food resources,0.9076206088066101,0.7406513690948486
wildlife ecology & conservation,wildlife ecology and conservation,,0.9979349374771118,
orthopedic surgeon,orthopaedic surgeon,,0.974208652973175,
chemical and biological sciences,chemical & biological sciences,,0.997149646282196,
gastroenterologist,gastroenterology,,0.9550533890724182,
comat,psychosomatic,,0.7214763164520264,
raytheon bbn technologies,raytheon company,,0.8489928841590881,
completions,completion,,0.8906255960464478,
diversity and inclusion,diversity,,0.9217070937156677,
soil and natural resources,soils and natural resources,,0.9858027696609497,
integrated health services subnetwork north east,integrated health services subnetwork south that,,0.692817211151123,
stem cells and cancer,cancer and stem cells,,0.9790633320808411,
iihe,ehs,,0.8856700658798218,
pediatrics department,pediatric department,,0.9813438653945923,
"science, physics department","physics department, science",,0.96087247133255,
robert m. buchan mining,mcb,,0.5886316299438477,
graduate program in zoology,graduate program in anthropology,,0.8523122668266296,
pós graduação em serviço social,pós-graduação em serviço social,,0.9435585141181946,
west africa centre for crop improvement,west african centre for cell biology of infectious pathogens,,0.6790300607681274,
department of physics,department physics,,0.9742303490638733,
national oncological research center,center for cancer research,,0.8708950281143188,
english languages,english language,,0.9746121168136597,
statistics and operation research,statistics and operations research,,0.9909207224845886,
dag,uag,,0.8234859704971313,
campus petrolina,campus petrolina zona rural,,0.7895157337188721,
inamori engineering,famu-fsu engineering,,0.8180465698242188,
pediatric newborn medicine,pediatrics / neonatology,,0.8799248933792114,
master science of government,government and political science,,0.8027587532997131,
statistcs,statisitcs,,0.9259343147277832,
humanities and performing arts,humanities and arts,,0.9598884582519531,
academic unit of physics,academic physics,,0.9285156726837158,
information systems and technology management,information systems and management,,0.9676072597503662,
international studies department,international studies,,0.8942556381225586,
shenzhen children's hospital,shenzhen people's hospital,,0.9306061267852783,
developmental psychology and education,developmental and educational psychology,,0.9759539365768433,
professional education,mit professional education,,0.9647673964500427,
unidata,uasd,,0.7513608932495117,
scmb,mbb,,0.8716061115264893,
mathematics department,mathematical department,,0.9775958061218262,
major trauma,trauma,,0.9369741678237915,
where,who,,0.8117036819458008,
v. a. trapeznikov control sciences,lomonosov fine chemical technologies,,0.7238290309906006,
my-my,ehs,,0.7470322847366333,
public policy studies,policy studies,,0.9544411897659302,
leibniz psychology,leibniz neurobiology,,0.8987016677856445,
engineering sustainable agricultural innovation,sustainable agricultural innovation,,0.9672658443450928,
graduate asia pacific studies,graduate asia-pacific studies,,0.9810470938682556,
national medical ministry of interior and administration,ministry of health,,0.8173792958259583,
"geosciences, environment and land use planning","geosciences, environment and spatial planning",,0.9657553434371948,
paper science and technology,pulp and paper technology,,0.8161013126373291,
banking and financial sciences,financial and banking sciences,,0.9878746867179871,
laser processing,laser technology,lucent technologies,0.920776903629303,0.6692389845848083
romance-germanic philology,romance and germanic philology,,0.9690234065055847,
national engineering,national industrial engineering,,0.9339830279350281,
natural resource institute,natural resources institute,land resource science,0.9883021116256714,0.7026021480560303
dirección general de escuelas,dirección general de educación,,0.9273102283477783,
social sciences department,social science department,,0.9743351936340332,
assurance,reliability,,0.7661750316619873,
control and applied mathematics,applied mathematics and control,,0.9727133512496948,
special public works,"special public works, building and industry",,0.8680051565170288,
magister psikologi profesi,magister profesi psikologi,,0.9927895069122314,
chinese academy of sciences innovation academy for precision measurement science and technology,computing technology chinese academy of sciences,graduate chinese academy of sciences,0.8880180716514587,0.816132664680481
power energy,electric energy,,0.9298132658004761,
china academy of railway sciences,chinese academy of sciences,,0.8714727163314819,
theory and practice of physical education and recreation,theory and methodology of physical education,,0.9345805048942566,
qc microbiology,clinical microbiology,microbiology/chemistry,0.9203237295150757,0.7998200058937073
agronomist,agronomy,,0.9018969535827637,
department education and human sciences,education department,,0.8931217193603516,
paediatric respiratory medicine,paediatric respiratory,,0.9631072282791138,
division of biology,division of biological science,,0.9584664106369019,
ccs graduate mobility,graduate metaverse,,0.7182216644287109,
research vaccines and sera. mechnikov of russian academy of medical sciences,"research general pathology and pathophysiology, russian academy of medical sciences",smolensk state medical academy,0.8851079344749451,0.7683209776878357
human genetics,human genetic,,0.9582904577255249,
marriott business,marriott management,,0.9034606218338013,
nursing research,nursing and health research,,0.9641196727752686,
"center for innovation, competitiveness and sustainability",innovation and entrepreneurship center,,0.8078292012214661,
lnbr,cbrn,,0.8793715238571167,
tvet,vtt,,0.8776298761367798,
national center for computational toxicology,national center for toxicological research,,0.9232869148254395,
language and translation,languages and translation,,0.9659467935562134,
service operations,service management,counseling and personnel services,0.8533425331115723,0.6427710652351379
urban affairs,urban and public affairs,,0.9398208260536194,
asab,aba,,0.832966148853302,
buy,purchase,,0.8891208171844482,
germanic languages and literatures,germanic languages & literatures,,0.9975134134292603,
institute history,institut of history,,0.9368380308151245,
general theory of law,philosophy and general theory of law,,0.9047439098358154,
centro de referência especializado de assistência social - creas,centro de referência especializado de assistência social,,0.9582323431968689,
policy and management studies,policy studies,,0.881759762763977,
chicago botanic garden,art chicago,at&t bell labs,0.7679338455200195,0.5005091428756714
chinese culture,chinese language and culture,,0.9697552919387817,
primary school teaching,primary school teacher,,0.9634451866149902,
economic and administrative sciences faculty,economic and social sciences faculty,,0.9444215297698975,
investment banking,finance and investment,,0.8627078533172607,
aquaculture & fisheries,aquaculture and fisheries,,0.9977836012840271,
behavioral and social health sciences,behavioral and social sciences,,0.9524508714675903,
life and allied health sciences,life and health sciences,,0.9810821413993835,
biomedical engineering program,biomedical engineering graduate program,,0.9327019453048706,
inter-state veterinary science and medicine of dakar,international livestock research institute,,0.6210798621177673,
"medicine, division of neurology","division of neurology, medicine",,0.9751535654067993,
mtech,m.tech,,0.970905601978302,
planning and coordination,planning and strategy,,0.9190998077392578,
dept. of foreign languages,foreign languages ​​department,,0.9262233972549438,
graduate social work,graduate social work and social research,,0.942774772644043,
transportation and logistics,transport and logistics,,0.9928818345069885,
pathogenic biology and immunology,pathogen biology and immunology,,0.9827103614807129,
electronic business,electronic commerce,,0.8717877268791199,
edebiyat,hadis,,0.7732466459274292,
eece,deece,,0.8656898140907288,
center for digital humanities,digital humanities center,,0.9769136905670166,
national instruments corp,instrument department,,0.7294687032699585,
graduate information science and engineering,graduate information science and technology,,0.9629302024841309,
soft,soft matter,,0.8986726999282837,
"departamento de fisiología, biología molecular y celular",departamento de biología molecular,,0.9070291519165039,
geology and geophysics department,"science, geology department",,0.9609712362289429,
rand corp,rand corporation,,0.9255920648574829,
heart failure,advanced heart failure,,0.8985811471939087,
radiation therapy department,radiotherapy department,,0.9253506660461426,
henry samueli engineering,samueli engineering,,0.8226588368415833,
aerospace & mechanical engineering,aerospace and mechanical engineering,,0.997573733329773,
research and analysis,research & analysis,,0.9943515062332153,
institutes of physical science and information technology,physical science and information technology,,0.8885652422904968,
vicerrectoría quality assurance,vicerrectoría graduate,,0.7405456304550171,
doctoral department,doctoral programme,,0.8886630535125732,
catalysis science,molecular catalysis,,0.853121280670166,
practical nursing,nursing.,,0.9048563838005066,
"mathematics, computer science and geosciences","mathematics, informatics and geosciences",,0.9716386198997498,
interventional cardiology unit,interventional cardiology department,,0.9269136190414429,
physic and astronomy,physics and astronomy,,0.9580128192901611,
health behavior and policy,health and social policy,health and public affairs,0.9118479490280151,0.7876349687576294
póscom,prodema,,0.7455493807792664,
islamic thought and civilization,islamic civilization,,0.9358865022659302,
escuela superior de actopan,escuela superior de apan,,0.9134606719017029,
national security directorate,national security department,,0.8954498767852783,
sciences of antiquity ',sciences of antiquity,,0.9778386354446411,
climate and global dynamics,climate dynamics,,0.9322375059127808,
gmp,mmg,,0.8853969573974609,
national epidemiology center,national center for microbiology,,0.8286842107772827,
"medicine, surgery",medicine and surgery,,0.9959732890129089,
international baccalaureate,academic baccalaureate program,,0.8058726191520691,
internal medicine research unit,medical research unit,,0.8915649652481079,
anesthesiology & critical care medicine,anesthesiology and critical care medicine,,0.997960090637207,
nuclear materials authority,nuclear,,0.7762764692306519,
imb,upe,,0.8822742700576782,
advanced membranes and porous materials center,advanced membranes & porous materials rc,,0.8413306474685669,
biochemistry and biomedicine,"biochemistry, medicine",,0.9725344777107239,
sociological research,sociology and social research,,0.9630398154258728,
institut,institute,,0.9408552646636963,
geographical science,geographic science,,0.9808605909347534,
media informatics,media and information,,0.9251171350479126,
forest production,forestry production,,0.9820433855056763,
english education department,english language education department,,0.9784225225448608,
health education england north west,health education england,,0.901141881942749,
dalian national laboratory for clean energy,"dalian chemical physics, chinese academy of sciences",,0.789496660232544,
chemistry engineering,chemistry and engineering,,0.9719994068145752,
audiovisual communication and advertising,audiovisual communication and advertising i,,0.9921064972877502,
key laboratory of mental health,mental health and psychological sciences,,0.8336915373802185,
ppga,ppg,,0.9292315244674683,
art and business,"business, law and arts",,0.8274446725845337,
microsystems engineering - imtek,microsystems engineering imtek,,0.9892621040344238,
critical care and anaesthesia,anesthesia and critical care,,0.9767877459526062,
centro de electrónica industrial,electrónica industrial,,0.8283320665359497,
internal medicine and therapeutics,internal medicine and medical therapy,,0.9498677849769592,
"linguistics, languages and cultures","linguistics, languages, and cultures",,0.9980383515357971,
pediatrics emergencies,pediatric emergencies,,0.976457417011261,
ekonomi islam,islamic economic,,0.9328334927558899,
ethnomusicology,musicology and ethnomusicology,,0.8747077584266663,
crops science,crop science,,0.9411471486091614,
unisantos,uniandes,,0.8347727060317993,
military technical academy,military academy,,0.9328887462615967,
transport and logistics engineering,transportation and logistics engineering,,0.994826078414917,
spbgas,gas,,0.8845345377922058,
ifikk,ikm,,0.7834497690200806,
ec,eced,,0.91431725025177,
higher mathematics and physics,physics & mathematics,,0.9282262325286865,
science of nature and life,natural sciences and life,,0.959169864654541,
internal medicine clinic,clinic of internal medicine,,0.9476563930511475,
marum - center for marine environmental sciences,marine science center,,0.87995445728302,
communication center and expression,communication center,,0.8759055137634277,
research institute in applied mathematics and systems,research applied mathematics and systems,,0.8816155195236206,
ceatec,cec,,0.9235417246818542,
degroote business,business,,0.6933199763298035,
gene expression laboratory,genetics laboratory,,0.9275369644165039,
nursing midwifery and social work,"nursing, midwifery and social work",,0.9830613732337952,
"先端学術院先端学術専攻　宇宙科学コース/space and astronautical science,graduate advanced studies","先端学術院先端学術専攻　天文科学コース/astronomical science program,graduate advanced studies",,0.9485119581222534,
military rio de janeiro,military fire state of rio de janeiro,brazilian institute graduate and extension,0.8528382778167725,0.5241497755050659
centro de investigación y desarrollo de tecnología digital,centro de ingeniería y desarrollo industrial,,0.8092845678329468,
norwegian public health,norwegian directorate of health,,0.9294026494026184,
agriculture botany,agricultural botany,,0.989662766456604,
human and health sciences,human & health sciences,,0.9972438216209412,
ukraine,government of ukraine,,0.8771317601203918,
computo,computacion and it,,0.887342095375061,
public health/epidemiology,epidemiology and public health,health and public affairs,0.9788246154785156,0.8344331979751587
mms,ms,,0.9434067010879517,
hospital iess quito sur,"general hospital of southern quito, iess",,0.866125226020813,
national development administration,development administration,,0.8186863660812378,
molecular life science,molecular life sciences,molecular and microbial biosciences,0.9840571880340576,0.923281192779541
clinical imaging,biomedical imaging,,0.9184904098510742,
geotechnical engineering division,geotechnical division,,0.9469473958015442,
rio grande do sul,federal rio grande do sul,,0.8477383852005005,
anton pannekoek astronomy,kapteyn astronomical institute,,0.6839957237243652,
liverpool centre for cardiovascular science,liverpool clinical trials centre,clinical sciences centre,0.8514635562896729,0.6504612565040588
freelance translator,translation & interpreting,,0.8214726448059082,
brazilian agricultural research company,"brazilian company for agricultural research, genetic resources and biotechnology",,0.9487109184265137,
renewable energy department,renewable energy engineering department,,0.8982268571853638,
ismib,iib,,0.8893043994903564,
osce academy,diplomatic academy,,0.6546089053153992,
community medicne,community medicine,,0.8908063173294067,
defectology,defectology faculty,,0.7832132577896118,
bay area environmental research institute,monterey bay aquarium research institute,,0.7825251221656799,
astro,astre,service d'astrophysique,0.8499798774719238,0.7030376195907593
jalisco school,jalisco education secretariat,,0.8117217421531677,
smart systems technologies,intelligent technologies,,0.9089435338973999,
communicology,sociology and communication,,0.8161311149597168,
chemistry g. ciamician,chemistry,,0.8844693899154663,
germanic philology and translation,german philology and translation,,0.987991452217102,
unb,un,,0.9131194353103638,
cyril and methodius theology,sts cyril and methodius theology,,0.9120830297470093,
network,network and communication,,0.8913053274154663,
public health & tropical medicine,public health and tropical medicine,,0.9976480007171631,
molecular cytogenetics,genetics and cytology,,0.895426332950592,
univesp,univap,,0.9086817502975464,
pharmaceutical r&d,pharmaceutical research and development,,0.9460691213607788,
division of cancer prevention and control,division of cancer prevention,,0.9410700798034668,
pediatric intensive care unit,pediatric intensive care,,0.9633052349090576,
child nutrition,maternal and child nutrition,,0.8332901000976562,
sharia faculty,sharia and law faculty,,0.8977216482162476,
orthopedics and traumatology clinic,orthopaedics & traumatology,,0.919491171836853,
infectious disease and molecular medicine,medical microbiology and infectious diseases,,0.9016381502151489,
arecibo observatory,las cumbres observatory,,0.7543303966522217,
molecular biology department,molecular and cellular biology department,,0.98237544298172,
foot and ankle,foot and ankle surgery,,0.7299395203590393,
primary care and population health,primary care & population health,,0.9974912405014038,
process and product development,product and process development,,0.9746116995811462,
global climate and ecology,climate and environment,,0.8619837164878845,
michael g. degroote medicine,chemotherapy,,0.6592497825622559,
children's education department,elementary education department,,0.881773054599762,
ministry of environment and natural resources,ministry of environment,,0.9499626159667969,
vegetal production,vegetable production,,0.9691522717475891,
"medicine, medical sciences, and nutrition","medicine, medical sciences and nutrition",,0.997308611869812,
biotherapeutics discovery,discovery biotherapeutics,,0.9610529541969299,
nutrition and dietetics career,nutrition & dietetics,,0.8254271745681763,
imsar,aiml,,0.7758371829986572,
english and literature department,english language and literature department,,0.9800797700881958,
computer software and theory,computer science and software,,0.906929612159729,
"public health, medical and veterinary sciences","public health, health sciences",,0.9192098379135132,
chair of communication networks,deutsche telekom chair of communication networks,,0.7632268667221069,
financial management technology,management technology,,0.8547602891921997,
and communications signals,signal processing and communications,communication system,0.9312694668769836,0.889737606048584
bioecology,biology/ecology,,0.9412497878074646,
management and leadership,management & leadership,,0.9962775111198425,
graduate program in sociology and political science,graduate program in political sociology,,0.9744707345962524,
contents,content,,0.8685630559921265,
face,facea,,0.954379677772522,
c3,d3,,0.8873885869979858,
would offer,want,,0.6729767322540283,
falest,fale,,0.7422646284103394,
food engineering course,food engineering school,,0.9052166938781738,
geophysics and volcanology,national geophysics and volcanology,earth and geoenvironmental sciences,0.9174963235855103,0.7783147096633911
lnbio,cebio,,0.8676605224609375,
"design, manufacturing and engineering management","design, manufacture and engineering management",,0.9951499700546265,
academy of film,academy of arts,,0.7932756543159485,
indigenous studies,native studies,,0.8996593356132507,
department prosthesis and periodontics,prosthesis and periodontics,,0.8971434831619263,
cran,cral,,0.729975163936615,
unizar,unigran,,0.8145802021026611,
health effects laboratory division,health laboratory,,0.8702263236045837,
educational sciences and languages,education and languages,,0.9233410358428955,
clinical research division,division of clinical research,,0.943632960319519,
applied and natural sciences,natural and applied sciences,,0.9719690084457397,
crop germplasm resources,crop genetics,,0.8011831641197205,
agrobusiness,agro industry,,0.9524297118186951,
"medicine, anatomy",medicine anatomy,,0.9656457901000977,
government affairs and administration,government affairs,,0.948530912399292,
library and information,libraries and information,,0.9554177522659302,
agrotechnology discipline,agrotechnology,,0.8756303191184998,
educational psychology and curriculum studies,psychological studies in education,,0.9281854629516602,
human medicine faculty,medicine faculty,,0.9487494230270386,
biological oceanography division,biological oceanography department,,0.936957061290741,
conway biomolecular and biomedical research,biomolecular & biomedical science,,0.7233979105949402,
pharmacy discipline,pharmacy department,,0.829302966594696,
theory of language and communication sciences,language theory and communication sciences,,0.9777514338493347,
commerce,commerce ca,,0.9375429749488831,
brcr global peru,"piura, peru",,0.7553748488426208,
saint-petersburg history,st. petersburg,,0.838972806930542,
project management unit,project management department,,0.9150742888450623,
methodology center,methodology department,,0.8528821468353271,
surgical ward,medical ward,,0.8901806473731995,
clinical microbiology and infectious diseases,infectious diseases and clinical microbiology,,0.9842416048049927,
psychology service,psychology services,,0.9779579639434814,
sport sciences faculty,sport science faculty,,0.9765146970748901,
french biblical and archaeological jerusalem,land of israel studies and archaeology,,0.6908392906188965,
bangladesh governance and management,bangladesh development studies,,0.7440029978752136,
technology and natural resources,center technology and natural resources,,0.9290144443511963,
islamic architecture,islamic civilization,,0.8644763827323914,
quantum electronics,quantum electronics department,,0.8887082934379578,
architecture and environment,architecture & environment,,0.9965417385101318,
biyology,biolgy,,0.8092316389083862,
school education department,school department,,0.9620844125747681,
office of business,business department,,0.8449996709823608,
physical therapy and health rehabilitation,physical therapy and rehabilitation,,0.9824989438056946,
clinical child and family studies,child and family studies,,0.9024158716201782,
sic,utm,,0.8793579936027527,
primary health care department,primary care department,,0.9591403603553772,
cash management,cash,,0.7782502770423889,
center for materials physics,materials physics center,,0.9721581935882568,
leisure studies,recreation & leisure studies,,0.9173067212104797,
"development, agriculture and society",development and society,,0.8800191879272461,
burgundy business,bordeaux inp,,0.6872655153274536,
contracts department,contract department,,0.9758881330490112,
immunogenetics,immunology and molecular pathogenesis,,0.9168524742126465,
volleyball,court,,0.5436078906059265,
life sciences bachelor,biological sciences - bachelor,,0.8881504535675049,
national council of scientific and technical research conicet,national scientific and technical research council conicet,,0.9882155060768127,
translators and interpreters,translators,,0.9377771615982056,
internal medicine - infectious diseases,internal medicine / infectious diseases,,0.993647038936615,
public health and administration,administration and public health,,0.9799833297729492,
stanford health care,stanford hospital and clinics,,0.9265040159225464,
pilot dentistry faculty,dentistry pilot faculty,,0.9428762197494507,
childhood education,education and childhood,,0.9562540054321289,
communication and advertising,advertising and communication,,0.9782925844192505,
west china hospital of stomatology,west china hospital,,0.9154259562492371,
fmu,cmu,,0.8308579921722412,
pibic,pibid,,0.8861733078956604,
psychology and political science,psychology and social science,,0.9109695553779602,
"genetics, evolution & environment","genetics, evolution and environment",,0.9957131743431091,
pedagogical studies,pedagogical study,,0.957349419593811,
mass communication and media technology,electronic media and mass communication,,0.9465954899787903,
public finances,public finance,public and business administration,0.957466721534729,0.7335809469223022
nutritional medicine,"nutrition, medicine",,0.9476728439331055,
pension civil servants of state of minas gerais,state government of minas gerais,,0.8383094072341919,
chemical process fundamentals,chemical processes,,0.8793376684188843,
laboratoire de physique nucléaire et de hautes énergies,laboratoire de physique nucléaire et des hautes energies,institut des sciences du végétal,0.9648248553276062,0.7402355670928955
physics & mathematics,physics and mathematics,,0.9948837161064148,
laboratoire de physique et chimie de l'environnement et de l'espace,laboratoire de physique théorique et hautes énergies,institut des sciences du végétal,0.895149827003479,0.7439730763435364
hematology and hematopoietic cell transplantation,hematology & hematopoietic cell transplantation,,0.9987746477127075,
mrc centre for molecular bacteriology and infection,mrc centre for virus research,clinical sciences centre,0.8903567790985107,0.7387104034423828
direito law,direito - law,,0.9733254313468933,
royal wolverhampton hospitals nhs trust,west hertfordshire hospitals nhs trust,royal postgraduate medical school,0.8278846740722656,0.6239480972290039
business development unit,business development department,,0.9422494173049927,
cesif,ifes,,0.8448652625083923,
centre for applied dementia studies,dementia research centre,clinical sciences centre,0.9105443954467773,0.718266487121582
chemical and biological technology,chemical and biological technologies,,0.989112913608551,
plant health department,public health department,,0.8647962808609009,
chemistry and food chemistry,food chemistry,,0.9561525583267212,
monash indigenous studies centre,centre for aboriginal studies,centre for urban and regional studies,0.7628148198127747,0.6276618838310242
crc,ccrc,,0.9268359541893005,
zoology and animal cell biology,"anatomy, cell biology and zoology",,0.9262585639953613,
biotechnology and environment,environmental biotechnology,,0.9680760502815247,
lower saxony historical coastal research,coastal research,,0.7141224145889282,
computer systems and computation,computer systems and computing,,0.980048656463623,
paraclinical,paraclinical science,,0.7417375445365906,
medical chemistry,medical chemistry and biochemistry,,0.9513957500457764,
philosophy school,philosophy course,,0.9170899391174316,
bioinformatics research centre,bioinformatics research center,center for biological sequence analysis,0.9935404062271118,0.7920430898666382
institutes of physical science and information technology,physical science and information technology,,0.8885652422904968,
laboratoire de physique corpusculaire de caen,laboratoire de physique corpusculaire,,0.922336220741272,
mechatronics engineering department,electronics engineering department,,0.950240433216095,
civil and enviromental engineering,enviromental engineering,,0.942302942276001,
state key laboratory of water resources and hydropower engineering science,state key laboratory of water resources engineering and management,,0.9624938368797302,
fiqh and usul,fiqh and usul fiqh,,0.9749047756195068,
division of civil engineering,civil engineering division,,0.9786272644996643,
science économique,economics science,,0.8788580894470215,
gabelli business,costello business,,0.7826798558235168,
clinical evaluative sciences,evaluative clinical sciences,,0.9627501964569092,
mechanical engineering faculty in science and production,mechanical engineering faculty,,0.9269090890884399,
zooengineering faculty,zooengineering,,0.8598482608795166,
"ministry of health, nutrition and indigenous medicine",ministry of health,,0.8602698445320129,
communication and lyrics,communication and expression,,0.8468767404556274,
"industrial engineering, engineering","engineering, industrial engineering",,0.9915313124656677,
general biology department,general biology,,0.8994722366333008,
physiology and anatomy,anatomy and physiology,,0.9229189157485962,
zoonosis,zoonotic diseases,,0.9104106426239014,
"applied chemistry, science and engineering","applied chemistry, science and technology",,0.9830740690231323,
humanities of olinda,communication and tourism of olinda,,0.7858237028121948,
aquaculture & fisheries,aquaculture and fisheries,,0.9977836012840271,
electronic information and automation,automation and electronic information,,0.9503533840179443,
ii architectural constructions,architectural constructions i,,0.9170129299163818,
key laboratory of photochemistry,key laboratory of photochemical conversion and optoelectronic materials,,0.8740495443344116,
master of science in nursing,bachelor of science in nursing,,0.891995370388031,
mechanichal engineering,mechanic engineering,,0.9809732437133789,
administration school ufrgs,administration school,,0.9283092617988586,
electronics and information systems,"electronics, systems and informatics",,0.9768805503845215,
departamento de ingenieria industrial,departamento ingeniería industrial,,0.9668687582015991,
oceanography and environmental science,oceanography and ecological science,,0.9767516851425171,
campus central,campus,,0.7998589277267456,
dentistry program,dental education,,0.8809657692909241,
architectural engineering & environmental design,architectural engineering and environmental design,,0.9980013370513916,
chair of experimental bioinformatics,chair of biotechnology,,0.8509845733642578,
translational research institute,clinical and translational research institute,,0.9279742240905762,
folk music,folk instruments,,0.9119378328323364,
murdoch children's research institute,murdoch childrens research institute,,0.9981076717376709,
pharmacognosy and pharmaceutical botany,pharmaceutical botany,,0.926966667175293,
public health - biostatistics,"public health, biostatistics",health and public affairs,0.9912900328636169,0.7930809259414673
material science and chemistry,materials science and chemistry,,0.9927481412887573,
molecular and life science,molecular and life sciences,,0.989203929901123,
kunming zoology,invertebrate zoology,,0.8582745790481567,
life and consumer science,life and consumer sciences,,0.9430770874023438,
central saint martins art and design,central saint martins,,0.8350948095321655,
biological science and medical engineering,biological science & medical engineering,,0.9969929456710815,
division of hydrologic sciences,hydrologic sciences,,0.8610461950302124,
dmcf,dcf,,0.891739010810852,
"biochemistry, medicine",biochemistry and biomedicine,,0.9725344777107239,
center for plant systems biology,vib-ugent center for plant systems biology,,0.9074413180351257,
iek-9,iek-8,,0.8273646831512451,
preventive medicine and epidemiology,epidemiology and preventive medicine,,0.9648504257202148,
photonics technologies,photonics technology,,0.9881154894828796,
secretary of education of medellin,medellín secretary of education,,0.9282453060150146,
pre-school teaching,pre-school education,,0.9480031132698059,
pedagogy of history and social sciences,history and social sciences,,0.8957191705703735,
ihbt,ibt,,0.8923856019973755,
food and nutrition department,food science and human nutrition department,,0.9455171227455139,
"surface engineering, corrosion and durability",surface engineering,,0.8484150767326355,
commerce and management sciences,commerce and management studies,,0.8996390104293823,
mathematics education,mathematical education,,0.9925400018692017,
"phystech electronics, photonics and molecular physics","electronics, photonics and molecular physics",,0.9667370319366455,
cmee,cme,,0.9387717247009277,
information technology and science,science and information technology,optical information science and technology,0.9909217357635498,0.8657544851303101
sekolah tinggi ilmu statistics,program studi ilmu keperawatan,iain palangka raya,0.7111819982528687,0.703288197517395
thoracic medicine,thoracic,,0.8808505535125732,
kcse,bse,,0.7370625734329224,
baylor medicine,baylor medicine pediatrics,,0.8849829435348511,
foundation studies,centre of foundation studies,,0.8783172369003296,
ntd,cnt,,0.899036169052124,
"biology, medicine and health","biology, medicine, and health",,0.9965652227401733,
advanced light source,advanced photon source,,0.8766985535621643,
export,exports,,0.9128165245056152,
iser,isen,,0.8103122711181641,
finance & marketing,finance and marketing,,0.9934064149856567,
daphne cockwell nursing,daphne cockwell nursing  community services,,0.8425591588020325,
herberger design and arts,fine arts and design,,0.7446913719177246,
instituto federal do sertão pernambucano,instituto federal de pernambuco,,0.9474257826805115,
livestock development,livestock production,,0.8962053060531616,
computer enginnering,computer enginering,,0.9596017599105835,
advanced manufacturing research centre,research and development centre,,0.8413652181625366,
"sociology, anthropology, and social work","sociology, anthropology and social work",,0.9970833659172058,
planning and budget,planning and budgeting,,0.9749565124511719,
elam fine arts,fine arts,,0.8183104395866394,
"counseling, higher education, and special education",counseling & special education,counseling and personnel services,0.946812629699707,0.7708415389060974
national center for public health,national public health,,0.8703585863113403,
tsu,dtai,,0.8273769021034241,
geographical institute,geography institute,,0.9434847235679626,
"south china sea oceanology, chinese academy of sciences",south china sea oceanology chinese academy of sciences,graduate chinese academy of sciences,0.9941087365150452,0.7919344902038574
medical faculty saltillo unit,center for research and advanced studies - saltillo unit,medicine and surgery faculty,0.809773325920105,0.6968374252319336
cardiothoracic intensive care unit,cardiac intensive care unit,,0.9197080135345459,
nursing audit,audit in health services,,0.8461276292800903,
"bachelor of physical education, recreation and sports",bachelor of physical education,,0.9429872035980225,
polymers and functional materials,polymer materials,,0.9497904777526855,
american cancer society,american society of clinical oncology,,0.8941491842269897,
radio engineering systems,radio engineering,radio-physics,0.9449632167816162,0.7915472388267517
center for applied social sciences,center of applied social sciences,,0.9831737279891968,
laboratory for chemistry and life science,laboratory of biochemistry,chemical resources laboratory,0.9258002638816833,0.8216692805290222
physiology and pathology of hearing,laryngology,,0.7355525493621826,
operations research center,operations research,,0.8863615393638611,
petroleum and mining engineering,petroleum & mining engineering,,0.9982172250747681,
instituto federal goiano,instituto federal baiano,,0.8995603322982788,
communication center and lyrics,communication center and expression,,0.852258026599884,
optics and eyewear,optics and optometry,,0.8982411026954651,
anatomy and clinical anatomy,clinical anatomy,,0.9413738250732422,
life science and health engineering,life sciences and health engineering,,0.9840341210365295,
education for humanities - history,"education, history",,0.9249491691589355,
radiography and radiological sciences,medical radiography and radiological sciences,,0.9223604202270508,
meteorologie,meteorology,,0.886681079864502,
centre for molecular medicine and therapeutics,centre for molecular medicine,,0.9729136824607849,
polyvalent intensive care unit,intensive care unit,,0.9282115697860718,
clacso,cla,,0.8263555765151978,
graduate program in plant production,post graduate program in plant production,,0.9683999419212341,
"politics, international relations and philosophy",politics and philosophy,,0.9314085245132446,
ocean engineering division,ocean engineering department,,0.9291194081306458,
textile design,textiles and design,,0.9472976922988892,
center for computational biology and bioinformatics,center for bioinformatics and computational biology,biophysics and computational biology,0.9931216239929199,0.7824596762657166
nuclear engineering program,nuclear engineering,,0.9296008944511414,
knowledge discovery,knowledge,,0.8111909031867981,
master of finance,finance management,,0.806999146938324,
french department,french language department,,0.9020167589187622,
management and accounting,management & accounting,,0.9953114986419678,
economics and public administration,public administration and economics,,0.9808127880096436,
cell culture laboratory,cell biology laboratory,,0.9263220429420471,
structural biology research center,structural biology center,genomic sciences center,0.971059262752533,0.7426446676254272
commercial law,civil and commercial law,,0.9144206047058105,
transnational governance,global governance,,0.8861222267150879,
strategy development department,strategic development department,,0.9346834421157837,
environmental biochemistry,environmental chemistry,microbiology/chemistry,0.9194890260696411,0.8216197490692139
mechanical department,mechanics department,,0.9772025346755981,
mechanics and control processes,automation and control processes,,0.8913755416870117,
det - electronics and telecommunications,electronics and telecommunications det,,0.951753556728363,
global engagement,globalization,economics and international development,0.8353692293167114,0.6683351993560791
cispa helmholtz center for information security,cispa helmholtz centre for information security,,0.9937721490859985,
dermatology and venerology,dermatology,,0.8637068271636963,
hhs,ehs,,0.9391733407974243,
epilepsy center,epilepsy clinic,,0.9327383637428284,
educational anthropology,educational sociology,,0.871688961982727,
disaster management,disaster and emergency management,,0.9477787017822266,
"ceca - center for education, communication and arts","center for education, communication and arts",,0.8404266834259033,
"electrical and information engineering, automation",electrical automation and information engineering,,0.9878570437431335,
social geography,social and economic geography,,0.9248723983764648,
remote sensing and geomatics engineering,remote sensing information engineering,,0.9169455766677856,
"prosthodontics, crown and bridge",prosthodontics and crown and bridge,,0.9955021142959595,
lhep,ihep,,0.91416335105896,
landscape architecture and horticulture,horticulture and landscape architecture,,0.9739554524421692,
digital history,digital preservation,,0.8365074992179871,
postgraduate studies and research,research and postgraduate studies,,0.9872164726257324,
"business, society and engineering","business, engineering and science",,0.894636869430542,
research pharmaceutical sciences,pharmaceutical research,,0.9235377311706543,
precision medicine department,precision medicine,faculty 'of medicine and surgery,0.9061489701271057,0.7787822484970093
it convergence,ict convergence,,0.8919233083724976,
ime,imes,,0.9397932291030884,
"biomedical engineering, science and health systems","biomedical engineering, science, and health systems",,0.9972953796386719,
media analytics,media informatics,,0.828392505645752,
state key laboratory of tea plant biology and utilization,state key laboratory of medicinal chemical biology,,0.7955034971237183,
caçapava campus south,campus crateús,,0.7379375696182251,
"knowledge, technology and innovation",technology & innovation,,0.9032818078994751,
real estate and planning,real estate,,0.848382294178009,
psychology of language,psycholinguistics,,0.906720757484436,
astronomy and steward observatory,steward observatory,,0.8595403432846069,
biomedical sciences and public health,medical sciences and public health,,0.954410970211029,
mobile machinery and railway transport,railway transport,,0.7851647138595581,
institut pasteur of shanghai chinese academy of sciences,institut pasteur of shanghai,graduate chinese academy of sciences,0.9022559523582458,0.785861074924469
cellular and integrative physiology,cellular & integrative physiology,,0.9967831373214722,
centro de investigación en sanidad animal,centre de recerca en sanitat animal,,0.8550536036491394,
state key laboratory of polymer materials engineering,state key laboratory of materials-oriented chemical engineering,,0.9587439298629761,
national research earth science and disaster resilience,national research earth science and disaster prevention,,0.9495294094085693,
regional economics,regional economy,agricultural economics and social sciences,0.931254506111145,0.7366527915000916
writing and society research centre,research centre for social sciences,,0.8035236597061157,
automobile engg,automobile,,0.9371113181114197,
psiquiatría y salud mental,psiquiatria y salud mental,,0.9828631281852722,
"engineering of environment, territory and infrastructure","environment, land and infrastructure engineering",,0.8727542161941528,
lehna,alimh,lthe,0.7858153581619263,0.6420315504074097
safe,safety,,0.8474507927894592,
spanish language and culture,spanish language,,0.8949233293533325,
digital education,digital learning,,0.949368417263031,
bond business school,uts business school,,0.7960103750228882,
psychobiology and methodology of behavioral sciences,psychobiology and methodology in behavioral sciences,,0.9958876371383667,
civil and architecture engineering,civil and architectural engineering,,0.9917868375778198,
mathematical analysis and applications of mathematics,mathematics and applications,,0.9297528266906738,
central coast local health district,central adelaide local health network,,0.6724998354911804,
sports training,sport training,,0.9751888513565063,
education sector,educational sector,,0.9847534894943237,
attorney general&#39;s office,attorney general's office,,0.9049148559570312,
harbin technology - weihai,harbin technology weihai,,0.990088701248169,
portuguese studies,portuguese and brazilian studies,,0.9440243244171143,
postgraduate program in epidemiology,graduate program in epidemiology,,0.9762916564941406,
textile science,textile science and engineering,,0.958581805229187,
telecommunications and information engineering,telecommunication and information engineering,,0.9973512887954712,
documentation and information center,documentation center,,0.917451024055481,
"microbiology, immunology and cancer biology","microbiology, immunology, and cancer biology",,0.9960429072380066,
monitoring evaluation and learning,"monitoring, evaluation and learning",instructional systems,0.9748352766036987,0.648058295249939
information systems institute,information technologies institute,,0.9277569055557251,
navy,u.s. navy,,0.9301419258117676,
otorhinolaryngology - head & neck surgery,otorhinolaryngology - head and neck surgery,,0.9977462291717529,
marketing school,advertising school,,0.873079776763916,
biological laboratory,biomedical laboratory,,0.9694734811782837,
"management, economics and industrial engineering","economics, management and industrial engineering",,0.9837372303009033,
business & economics,business and economics,,0.9964489340782166,
loyola medicine,st. ignatius of loyola,,0.7149946689605713,
chemical engineering and textile,chemical and textile engineering,,0.98917555809021,
natural sciences - physics,"natural sciences, physics",,0.9901476502418518,
ingeniería del software e inteligencia artificial,ciencia de la computación e inteligencia artificial,,0.9186305403709412,
health sciences & medicine,health sciences and medicine,,0.9974989891052246,
dietrich arts and sciences,culinary arts,,0.8074609041213989,
management and human potential,management and human resources,,0.850216269493103,
center for parasitological and vector studies,immunology and parasitology,,0.7159836292266846,
dental hygiene,dental health,,0.9397464394569397,
mechanical engineering and industrial construction,mechanical engineering and construction,,0.9769997596740723,
knowledge & information science,knowledge and information science,,0.9962270259857178,
new york state health - wadsworth center,new york state health,,0.8679918646812439,
counseling and counseling psychology,counseling psychology,,0.9809334874153137,
central marseille,central lille,,0.8791307806968689,
kinesiology and nutrition sciences,kinesiology and nutrition,,0.9439032077789307,
music and performing arts professions,music and performing arts,,0.9321533441543579,
lmgp,lmgc,,0.9170976281166077,
core teacher training,teacher training,training course for officers,0.8651928305625916,0.7086621522903442
thermal energy and power engineering,thermal and power engineering,,0.9777113199234009,
chemical and geological sciences,chemical and earth sciences,,0.9549208879470825,
"philosophy, sociology and law",philosophy and sociology,,0.9342556595802307,
stebicef,ibb,,0.7152414321899414,
meteorological research division,meteorological research,,0.8447495102882385,
alnylam pharmaceuticals inc,pharmaceutical company,,0.7674905061721802,
miami project to cure paralysis,rehabilitation research,,0.6463587284088135,
key laboratory of cenozoic geology and environment,key laboratory of marine geology and environment,,0.8235610127449036,
electronic engineering and computer engineering,electronic and computer engineering,,0.9850118160247803,
fixed prosthodontics department,fixed prosthodontics,,0.919502317905426,
materials engineering and ceramics,materials and ceramics engineering,,0.9920269846916199,
seduc-am,seduc am,,0.8609274625778198,
entrepreneur,entrepreneurship,,0.9214986562728882,
general geology,geology,,0.9304906129837036,
data and systems engineering,information and systems engineering,,0.92850661277771,
division of economics,economics division,,0.9124267101287842,
celular biology,celular and molecular biology,,0.9392497539520264,
international and public policy,international public policy,,0.9783241152763367,
christianity education masters,christian education,,0.8945779800415039,
state serum institute,clinical institute,,0.7577170133590698,
united nations office for project services,united nations development program,u.s. peace corps,0.7790071368217468,0.5923691987991333
thermal technology,thermal engineering,,0.8603627681732178,
astroparticle and cosmology,astrophysics and cosmology,,0.9643833637237549,
marine environmental science,marine environmental sciences,marine and atmospheric chemistry,0.9892936944961548,0.8473544120788574
"criminal law, procedural and history of law",criminal law and procedure,,0.9160071611404419,
music arts education,music education,,0.9797112941741943,
division of basic science and engineering,division of science and engineering,,0.927978515625,
early childhood education institution,early childhood education school,,0.9507948160171509,
electronics & communication engineering,electronics and communication engineering,,0.9976054430007935,
ecology and landscape architecture,landscape architecture,,0.832817792892456,
portuguese literature,portuguese language and literature,,0.9724858999252319,
banking management,bank management,,0.9536306858062744,
parallel and distributed systems,distributed systems,,0.880962610244751,
microelectronic science and engineering,microelectronics science and engineering,,0.9909538626670837,
good,nice,lthe,0.8262957334518433,0.65190589427948
private international and civil law,international private law,,0.968778133392334,
innovation management department,innovation department,,0.9207127690315247,
prostitute,human sexuality,,0.7058860659599304,
gerencia regional de salud lambayeque,gerencia regional de salud,,0.8793634176254272,
uacj,jlu,,0.8103259801864624,
graduate chemical science and engineering,graduate chemical sciences and engineering,,0.9935433268547058,
kinesiology & health,kinesiology and health,,0.9974919557571411,
research programme opera,research programme i&o,,0.704719066619873,
environmental chemistry,chemistry and environment,,0.9487032890319824,
ministry of public health and social welfare,ministry of public health,,0.938657283782959,
"power, electronic and telecommunication engineering","electrical, electronics and communications engineering",,0.9523063898086548,
ready child rescue,ready adult help,,0.6950122117996216,
information design,design and informatics,,0.8879505395889282,
national guard health affairs,public health nursing department,,0.7045798897743225,
speech therapist,speech and language therapist,,0.9536501169204712,
tissue engineering and regenerative medicine,tissue engineering,medical biological sciences,0.9084857702255249,0.7531061768531799
pharmaceutical and biomedical sciences,pharmaceutical & biomedical sciences,,0.9979347586631775,
ear nose throat,ear nose and throat,,0.9632807970046997,
esd,emd,,0.8401409387588501,
dbc,dbm,ibls,0.8805249929428101,0.6643989086151123
health and welfare sciences,health sciences and welfare,,0.986250638961792,
biological basis of behavior,behavioral biology,,0.8776806592941284,
science and mathematics department,"science, mathematics department",,0.9925289154052734,
molecular genetics and developmental biology,molecular biology and genetics,,0.9711045026779175,
wuxi apptec china,wuxi apptec,,0.8800967931747437,
cirimat,ciml,,0.7796011567115784,
systematic botany,systematic and evolutionary botany,,0.9575809240341187,
conservative dentistry & endodontics,conservative dentistry and endodontics,,0.9980000257492065,
innovative chinese medicine and pharmacy,chinese medicine,,0.8383529186248779,
center of science and materials technology,center of sciences and technology,,0.9432773590087891,
drug research,drug discovery research,,0.9353123903274536,
ifrr,ifg,,0.8921496272087097,
provita,uespi,,0.7505328059196472,
survey and mapping,surveying and mapping,,0.8909846544265747,
design of architectural environment,architectural environment design,,0.9563747644424438,
porto campus,realengo campus,brazilian institute graduate and extension,0.772604763507843,0.6343209743499756
chair of economics,chair of macroeconomics,,0.944821298122406,
frontier life and medical sciences,frontier medical sciences,,0.9445421695709229,
psychology and behavioral sciences,psychological and behavioral sciences,,0.9906600713729858,
mechanical engineeering,mechanical engineeing,,0.9719931483268738,
applied electronics and instrumentation,applied electronics & instrumentation,,0.9972562789916992,
pediatric nephrology,paediatric nephrology,,0.9469568729400635,
biology & biochemistry,biology and biochemistry,,0.9963669776916504,
nukus state pedagogical institute named after ajinyoz,nukus state pedagogical institute named after ajiniyaz,,0.8810771703720093,
special education & rehabilitation,special education and rehabilitation,,0.9961547255516052,
mountain research center,rocky mountain research station,,0.8663849830627441,
glaxosmithkline plc,glaxosmithkline,,0.9597985148429871,
natural resources and agroforestry systems,agroforestry,,0.8925299644470215,
center for political and constitutional studies,center for constitutional studies,,0.9306609630584717,
mukesh patel technology management and engineering,sardar patel engineering,veer surendra sai medical sciences and research,0.7843872904777527,0.6203019618988037
gansu provincial hospital,henan provincial people's hospital,,0.9321597814559937,
applied physiology & kinesiology,applied physiology and kinesiology,,0.997390627861023,
laum,hla,,0.8003772497177124,
child study and human development,child development and education,human development and applied psychology,0.8854868412017822,0.7457669377326965
manipal medical sciences,medical sciences,,0.9000980854034424,
dept. of physical education,department physical education,,0.9634689688682556,
data center,data centre,,0.9823705554008484,
athens medicine,athens medical school,,0.8330717086791992,
institut langevin,institute laue-langevin,,0.9564963579177856,
robotics and mechatronics engineering,mechatronics and robotics engineering,,0.9709041118621826,
dcos,dcso,,0.8045281171798706,
research sciences and engineering,research science and engineering,,0.9800371527671814,
property construction and project management,"property, construction and project management",,0.9830965995788574,
addiction medicine,addiction psychiatry,,0.9126821160316467,
center for energy and environment,centre for energy and environment,,0.9564471244812012,
american veterinary internal medicine,clinical veterinary medicine,,0.8094136714935303,
hewlett-packard inc,hewlett packard enterprise,,0.9561038017272949,
food and pharmaceutical science,food and pharmaceutical sciences,,0.9708285331726074,
diagnostic medicine,medical diagnostics,,0.9149569869041443,
walgreens,retail pharmacy,,0.7173051834106445,
tokyo metropolitan medical science,tokyo metropolitan komagome hospital,,0.8800318241119385,
"philosophy, politics and economics","philosophy, politics, and economics",,0.99741530418396,
cnr,cnr-imm,,0.9007796049118042,
instituto de educación superior pedagógico publico tayabamba.,instituto federal de educacao ciencia e tecnologia do amapa,instituto cenecista de ensino superior de santo ângelo,0.8329789638519287,0.7427496910095215
google switzerland,abb switzerland,,0.8114379048347473,
isaac newton mathematical sciences,science and mathematics,,0.6875001192092896,
"computer science, electrical and space engineering",computer science & electrical engineering,,0.9115299582481384,
big data & analytics,big data analytics,data processing technology,0.9841887950897217,0.8163674473762512
grad school,graduate school,,0.9478209614753723,
pharmacognosy and medicinal plants,pharmacognosy and herbal medicine,,0.9171698689460754,
qualcomm inc,qualcomm,,0.9120745658874512,
bradford teaching hospitals nhs foundation trust,sheffield teaching hospitals nhs foundation trust,,0.8432286977767944,
cmcc foundation - euro-mediterranean center on climate change,euro-mediterranean center on climate change,,0.8374171257019043,
sooner,er,,0.7133804559707642,
ufscar,ufr,,0.7741629481315613,
air force research laboratory space vehicles directorate,united states air force research laboratory,,0.8468987941741943,
symmes,ifcs,,0.7714977264404297,
graduate program in applied information,graduate program in information science,,0.9275605082511902,
departamento de psicología social,departamento de psicologia social,,0.9920084476470947,
instrumental analytical chemistry,analytical chemistry,,0.9147107005119324,
physiology and membrane biology,physiology and cellular biology,,0.9296455383300781,
academic division of information and systems,academic division of sciences and information technology,,0.835443913936615,
medical analysis laboratory,medical laboratory analysis,,0.9563876390457153,
graduate in music,graduate in music program,,0.960772693157196,
periodontology and implant dentistry,"periodontology, dentistry",,0.970076322555542,
engineering and technology- machines and equipment of agricultural production,engineering and technology- engineering mechanics and technological processes in agricultural industry,,0.9396772980690002,
centre for biological sciences,center for biological sciences,,0.97261643409729,
territories,territorial development,,0.8363810777664185,
mercedes-benz germany,merck germany,,0.8378325700759888,
business masters,masters in business administration,,0.8788246512413025,
theory of condensed matter,condensed matter theory,,0.9341795444488525,
various departments,multiple departments,,0.9650853872299194,
state key laboratory of systematic and evolutionary botany,state key laboratory of plant genomics,,0.8835252523422241,
"state secretariat of education, culture and sports","state secretariat of education, sport and culture",,0.9962191581726074,
world trade institute,international trade,,0.7378172874450684,
analytical and testing center,analytical & testing center,,0.9973079562187195,
neuroscience and brain technologies,neuroscience,,0.9083404541015625,
resources and environment,resources & environment,,0.995130717754364,
bank of republic of colombia,agricultural bank of colombia,,0.9025737643241882,
"natural, exact and education sciences","biology, exact and natural sciences",,0.9096806049346924,
more,and,,0.8076295852661133,
"health, wellbeing and life sciences",health sciences and wellbeing,,0.9614066481590271,
aids research center,center for aids research,,0.9317192435264587,
medicinal plant development,plant biotechnology,,0.8605231642723083,
business management and economics,business economics and management,,0.9920796155929565,
mathematics and modeling,mathematics and mathematical modeling,,0.9864436388015747,
graduate letters,graduate in letters,,0.9331287145614624,
civil and environmental engineer,environmental engineer,,0.9558595418930054,
malardalens hogskola,skogforsk,,0.6047834157943726,
cullen engineering,woodruff mechanical engineering,,0.7633873224258423,
basic biomedical science,basic biomedical sciences,,0.9784311056137085,
media engineering,immersive media engineering,,0.9362544417381287,
veterinary public health and food safety,food safety and health,,0.9226762056350708,
"marriage, family, and human development",family and human development,,0.876509428024292,
eecs department,ece department,,0.9238901138305664,
reproductive medicine and surgery,reproductive medicine,,0.9347920417785645,
scharr,health and related research scharr,,0.6886278390884399,
elementary science and mathematics education,elementary science education,,0.9392131567001343,
curriculum pedagogy and assessment,"curriculum, pedagogy and assessment",,0.9882920384407043,
brainy surgee,brain,,0.7519943714141846,
quantitative and computational biology,quantitative and computational biosciences,,0.9278947114944458,
association of parents and friends of exceptional children of são paulo,association of parents and friends of exceptional children,,0.7825536131858826,
interactive computing,computing,,0.8927484154701233,
european court of human rights,international and european law,,0.7597442269325256,
barcelona city council,barcelona,,0.8213561773300171,
escuela superior politécnica agropecuaria de manabí,escuela superior politécnica de chimborazo escuela de medicina,,0.8755661249160767,
b.sc,b.sc.,,0.9756370782852173,
land air and water resources,"land, air and water resources",,0.9785164594650269,
kla united states,kbr united states,,0.8918523788452148,
symptom research,neuromuscular research,,0.7999861836433411,
"nutrition and food hygiene, public health","nutrition, public health",,0.9467543959617615,
uteg,utn,,0.8344974517822266,
rowan-virtua osteopathic medicine,edward via osteopathic medicine,,0.7760626077651978,
"health, education and technology",health and technology,,0.9243876338005066,
asociación civil impacta salud y educación,proyección social,,0.7602577209472656,
"english, linguistics",english and linguistics,,0.9956688284873962,
inspur china,china,,0.8697038888931274,
medicinal and industrial plants,plant production department,,0.7767933011054993,
big data and information engineering school,information engineering school,,0.885975182056427,
magister of law,magister,,0.8262125253677368,
ihl,fih,,0.8739066123962402,
conservation center,conservation ecology center,,0.9074358940124512,
minsk theological academy,minsk state medical institute,,0.770655632019043,
population and data sciences,population sciences,,0.9316823482513428,
occupational health and safety engineering,occupational safety engineering,,0.9548001289367676,
postgraduate science,post graduate science,,0.9686480164527893,
natural sciences and humanities,humanities and natural sciences,,0.9650766849517822,
massachusetts general hospital cancer center,massachusetts general hospital,,0.9195798635482788,
engineering and informatics,engineering & informatics,,0.9969591498374939,
"social, genetic & developmental psychiatry centre","social, genetic and developmental psychiatry centre",,0.9966332316398621,
sociology: methodology and theory,sociological theory,,0.9076845645904541,
ministry of environment and sustainable development,ministry of environment,,0.9375534057617188,
"teaching, learning, and teacher education","teaching, learning and teacher education",,0.9987220764160156,
humanites,people,,0.9083462953567505,
center for teaching excellence,centre for teaching excellence,,0.9826574921607971,
physical and astronomical faculty,faculty for physics and astronomy,,0.8841744661331177,
center for development studies,centre for development studies,,0.9733365774154663,
plankton and marine ecology,plankton,,0.870764434337616,
"electronic information and electrical engineering,",electronic information and electrical engineering,,0.9864064455032349,
veterinary medical center,medical center,,0.9084305763244629,
interdisciplinary center for health sciences,center health sciences,,0.9306293725967407,
legal institut,law institute,,0.8045459985733032,
cirsfid,cir,,0.6784857511520386,
"center for human sciences, education and letters","center for human sciences, social and letters",,0.9692080616950989,
liver diseases,liver disease,,0.9794727563858032,
international affairs division,international affairs department,,0.8890492916107178,
journalism and mass media,journalism and media,,0.9646755456924438,
production engineering and metallurgy,production and metallurgy engineering,,0.993371844291687,
physical science department,physical sciences department,,0.9855272769927979,
economic and sociological,economic and social,,0.9658734202384949,
principalship,principal,,0.7987663745880127,
mechatronics and electrical engineering,electrical engineering and mechatronics,,0.9840213060379028,
prograd,proppg,,0.7791199684143066,
bachelor of science in criminology,bs criminology,,0.8485106229782104,
"media, culture and society",culture and media,,0.9471536874771118,
political science and law,law and political science,,0.9833257794380188,
imc,impmc,,0.8888272047042847,
biomems,biologics,,0.8709849715232849,
cdi,cdc,,0.9129246473312378,
organ transplantation,organ transplant center,,0.9274485111236572,
microbiology & hygiene,microbiology and hygiene,,0.9970605373382568,
surgical gastroenterology,gastroenterology surgery,,0.9357519149780273,
drilling technology,drilling engineering,,0.8824326992034912,
architecture and engineering faculty,architectural and engineering faculty,,0.9888437390327454,
departamento de comunicación social,departamento de estudios de la comunicación social,,0.9071353673934937,
post graduate program in architecture,graduate program in architecture,,0.9560603499412537,
arts and crafts,fine and decorative arts,,0.8868652582168579,
control,controlling,,0.9294401407241821,
"business economics, health and social care","business, economics and social sciences",,0.861689567565918,
global brain health institute,brain institute,global research center,0.8683584928512573,0.7094306945800781
"mineralogy, petrology and economic geology",mineralogy and petrology,,0.9296228289604187,
metrologia,metrology,,0.9137120246887207,
national marine environmental monitoring center,national marine environmental forecasting center,,0.850382387638092,
arctic and antarctic research institute,arctic research center,,0.9145499467849731,
dispac,disucom,,0.7282054424285889,
psychiatrist,psychiatrists,,0.9574147462844849,
molecular chemistry,macromolecular chemistry,,0.9822548627853394,
molecular pharmacology and physiology,molecular pharmacology & physiology,,0.9981358647346497,
printing,printmaking,,0.921952486038208,
cellular and system medicine,"molecular medicine, medicine",,0.8197239637374878,
data management unit,data management,,0.9268732070922852,
training and research,research and training,,0.9956496953964233,
ministry and theology,theology and ministry,,0.9449716806411743,
nutriomics,nutrition and dietetics,,0.8902617692947388,
laboratory of neuroimaging,neuroimaging laboratory,,0.9479484558105469,
"industrial management, economics and trade",industrial economics and management,,0.9457341432571411,
health and nursing sciences,health sciences and nursing,,0.9944300651550293,
coman,feac,,0.7600682973861694,
applied bioengineering,bioengineering,,0.9421951770782471,
engineeering,engineeing,,0.9121536016464233,
"soil, water and environmental science","soil, water, and environmental science",,0.9960094690322876,
taub research on alzheimer's disease and aging brain,alzheimer's disease research center,,0.8283397555351257,
nature education,outdoor education,,0.8445096015930176,
comprehensive dentistry,comprehensive general dentistry,,0.9694444537162781,
hospital de santo antónio,hospital do espírito santo,,0.8544947504997253,
hkust,ust,,0.8393563628196716,
profei,profept,,0.7350901961326599,
florence nightingale nursing,florence nightingale nursing and midwifery,,0.8914283514022827,
inra toulouse midi-pyrénées centre,inra montpellier centre,,0.8349148631095886,
singapore clinical sciences,cancer science singapore,,0.8304058909416199,
essua,ess,,0.8085909485816956,
computers and informatics,computer and informatics,,0.977367103099823,
cytology,cytophysiology,,0.8699650764465332,
cattle breeding,cattle raising,,0.9561195373535156,
psychology unit,psychiatry unit,,0.9280596375465393,
"education, agriculture and environment","education, environment and development",,0.8814300298690796,
procter & gamble united states,procter and gamble,,0.792485237121582,
centre for lifelong learning,lifelong learning centre,,0.9441453218460083,
"law, economics and finance",finance and law,,0.946138858795166,
mayo clinic medicine and science,mayo clinic medicine,,0.9331808090209961,
buddhist philosophy,buddhism,,0.9096818566322327,
water resources and irrigation engineering,water resource and irrigation engineering,,0.9939756393432617,
urology service,neurology service,,0.8900555372238159,
instituto superior de ciências da saúde,instituto superior de ciências da saúde egaz moniz,,0.9226729869842529,
ipo porto,porto architecture,escola superior de tecnologia da saúde do porto,0.8170032501220703,0.6919878721237183
dmmm,dmm,,0.8704988956451416,
educational planning,educational planning and management,,0.9357568025588989,
"metallurgical, materials and mining engineering","mining, metallurgical and materials engineering",,0.9833006858825684,
stem cell biology and regenerative medicine,stem cell biology & regenerative medicine,,0.9967280626296997,
g2elab,gipsa-lab,,0.7725796699523926,
computer science and media technology,computer science and technology,,0.9005876779556274,
etsiaab,etsab,,0.9009742736816406,
dcu business school,business school,,0.8090633153915405,
global pediatric medicine,pediatrics and medicine,,0.8403547406196594,
social dynamics and change,politics and society,"environmental, social and spatial change",0.7758075594902039,0.8147691488265991
applied clinical research,applied health research,,0.9193317890167236,
mestrado em desenvolvimento regional,programa de mestrado em desenvolvimento regional,,0.9329485893249512,
world languages,world language,,0.9522656798362732,
"modelling, evidence and policy",theory and modelling,,0.7570004463195801,
research centre in digitalization and intelligent robotics,centre for artificial intelligence,,0.8246709108352661,
western technology and higher education,education and technology,,0.8344289064407349,
cpdoc,dcp,,0.8371500968933105,
centre for demographic research,center for demographic research,,0.9746745824813843,
burnet institute,power institute,,0.705108642578125,
kids research institute australia,children's cancer institute australia,,0.867759108543396,
nutrition and dietetics service,food and nutrition service,,0.8880060315132141,
scholarly communications,academic writing,,0.8334009647369385,
theory and biosystems,theory and bio-systems,,0.9712429642677307,
paprsb health sciences,health sciences,,0.8529092669487,
p.a. hertzen moscow oncology research institute,n.n. petrov oncology research institute,,0.8034690618515015,
cataloging department,cataloging,,0.8817874789237976,
construction management and real estate,construction and real estate management,,0.9904784560203552,
language theory and communication sciences,theory of language and communication sciences,,0.9777514338493347,
cavendish laboratory,"cavendish laboratory, physics",,0.8909307718276978,
psychiatry & behavioural neurosciences,psychiatry and behavioural neurosciences,,0.998169481754303,
research and innovation division,division of research and innovation,,0.9619758129119873,
tape,etap,,0.6913609504699707,
mathematics and computing science,mathematics and computer science,,0.9898214340209961,
corporate sustainability,sustainability governance,,0.892343282699585,
west china basic medical sciences & forensic medicine,west china basic medical sciences and forensic medicine,,0.9980890154838562,
"electronics, telecommunication and informatics","electronics, telecommunications and informatics",,0.9954565167427063,
counseling and personnel services,counseling services,counseling & human services,0.9328063130378723,0.9334498643875122
plant science division,division of plant science,,0.9730932116508484,
speech pathology,speech language pathology,,0.9560444951057434,
biomechanics,biomechanics and movement science,,0.9107748866081238,
congress of republic of peru,autonomous region of peru,,0.7589594721794128,
te huataki waiora health,waikato district health board,,0.7556348443031311,
discab,disu,dibe,0.8168160915374756,0.7763918042182922
jackson geosciences,jackson geoscience,,0.9850040078163147,
ecd,oecd,,0.9442895650863647,
each,and,,0.7650203704833984,
letters / literature,letters and literature,,0.9807060956954956,
gender equality,equality,,0.8200950622558594,
mathematics-computer,mathematics and computer,,0.9857680797576904,
teaching innovation unit,teaching and learning innovation,,0.8703126907348633,
ingeniero civil,ingenieria civil,,0.9113112688064575,
"center for demographic, urban and environmental studies",center for urban demographic and environmental,,0.9020301103591919,
health education department,health education,,0.9084584712982178,
"environmental, biological and pharmaceutical sciences and technologies",biological and pharmaceutical sciences and environmental technologies,,0.9831835627555847,
welding research institute,joining and welding research institute,,0.8653426170349121,
imapp,itp,,0.6735010743141174,
construction economics and management,construction economics & management,,0.9970054626464844,
it convergence,ict convergence,,0.8919233083724976,
turku pet centre,pet centre,,0.7856151461601257,
chemical and food engineering,food and chemical engineering,,0.9871988892555237,
specialty chemicals,chemicals,,0.8877183794975281,
"economics, administration, actuary and accounting","economics, administration, accounting and actuary",,0.9969107508659363,
"division of applied chemistry, graduate engineering","applied chemistry, graduate engineering",,0.931114912033081,
education and learning technology,educational technology,,0.9702587127685547,
maritime division,maritime,,0.8597939014434814,
automotive mechanic,automotive mechanics,,0.9640923738479614,
applied science & engineering,applied science and engineering,,0.9958556294441223,
center for nanoscience and engineering,centre for nanoscience and engineering,,0.9754680395126343,
bbe,sbe,,0.9185018539428711,
human body movement,human movement,,0.9476258158683777,
film & tv,film and tv,,0.9958797097206116,
periodontology and oral implantology,periodontology & oral implantology,,0.9970443248748779,
archaeology of northwestern europe,archeologie,,0.6678082942962646,
software engineering and management intelligent technologies,software engineering,,0.8548086881637573,
veterinary medicine and animal production,veterinary medicine and animal husbandry,,0.9475213289260864,
instituto nacional de medicina legal y ciencias forenses,instituto nacional de medicina legal e ciências forenses,,0.973410964012146,
islamic theology,islamic theology and philosophy,,0.9478560090065002,
sciences and water technology,water science and technology,,0.9754155874252319,
graphic communication,graphic communication design,,0.9032388925552368,
"order of red banner of labor, s.i. georgievsky medical institute",medical academy named after s.i. georgievsky,zaporozhye state medical institute,0.7452797293663025,0.6871522665023804
international management and business,international business and management,,0.9963624477386475,
public governance and management,public management and governance,,0.9947834610939026,
carnegie faculty,carnegie education,,0.8742547035217285,
biotechnology and bioscience,biotechnology and biosciences,,0.9942185878753662,
doctoral informatics,doctoral applied informatics and applied mathematics,,0.8874641060829163,
postgraduate program in process engineering,postgraduate program in engineering,,0.9348932504653931,
"pediatrics, medicine",pediatrics and medicine,,0.9933189153671265,
scientific-organizational department,scientific and organizational department,,0.9779813289642334,
repertory,performing arts,,0.8411039113998413,
experimental physics iv,experimental physics vi,,0.9650183320045471,
master's degree in health sciences,graduate degree in health sciences,,0.8987217545509338,
departamento de tecnologia industrial,departamento de engenharia industrial,agricultural mechanization department,0.8735250234603882,0.6817893385887146
laboratoire de physique subatomique et des technologies associees,laboratoire de physique subatomique et de cosmologie,,0.8864700198173523,
law faculty political and social sciences,law and political science faculty,,0.9301681518554688,
mathematics science and technology education,"mathematics, science and technology education",,0.9886646866798401,
nutritional epidemiology,epidemiology and bio-statistics,,0.8239524364471436,
crh,crm,,0.8635437488555908,
molecular biology division,molecular and structural biology division,,0.9618829488754272,
swisspeace,swiss-prot,swiss-prot group,0.7634748220443726,0.7433825731277466
classical philology department italianistica,classical philology and italian studies,,0.9278523921966553,
law and public administration,public administration and law,,0.9836803078651428,
graduate physical sciences astronomical sciences,"graduate science, physics",,0.9096659421920776,
research center for biology,research center for biotechnology,,0.8981677293777466,
"computer, control, and management engineering","computer, control and management engineering",,0.9950518608093262,
humanities research institute,humanities institute,,0.9394413232803345,
psicology,´psicologia,,0.9118870496749878,
harquail earth sciences,earth science department,,0.7840776443481445,
delhi economics,"commerce, delhi economics",,0.9002328515052795,
chemistry and nanotechnology,chemistry & nanoscience,,0.978025496006012,
bioeconomy and health,bioeconomy,,0.9217957854270935,
instituto salvadoreño del seguro social,instituto mexicano del seguro social,,0.8234590888023376,
national public works of state,national state public works,,0.9780553579330444,
pg and research commerce,pg & research commerce,,0.990730881690979,
hassania public works,hassan ii agronomic and veterinary institute,,0.6248278617858887,
"dr. siyami ersek chest, heart and vascular surgery training and research hospital",bakırköy dr. sadi konuk training and research hospital,,0.8041261434555054,
literature and languages ​​of world,literatures and languages ​​of world,,0.9941348433494568,
laboratoire plasma et conversion d'energie,laboratoire plasma et conversion d'énergie,,0.9928256273269653,
english and mel,english & mel,,0.9910410642623901,
downstream,upstream,,0.9114792346954346,
sogamoso,putumayo,,0.7211187481880188,
swiss bioinformatics,sib swiss bioinformatics,,0.9766059517860413,
research center for mining technology,research center for metallurgy,,0.8287489414215088,
soil science & agricultural chemistry,soil science and agricultural chemistry,,0.9972871541976929,
keldysh applied mathematics,applied maths,,0.7798800468444824,
"sociology, anthropology, and criminal justice","sociology, anthropology and criminal justice",,0.9974079132080078,
animal health and anatomy,animal health,,0.9224112033843994,
centre of teaching and learning,centre for teaching and learning,,0.9315769672393799,
no medical school. one,medical school,,0.6869613528251648,
"stadística, mathematics and informatics","mathematics, statistics and informatics",,0.8983927369117737,
quality and production,production and quality,,0.9864014983177185,
graduate in urban planning,graduate program in urban planning,,0.9653391242027283,
folklore,folkloristics,,0.8964099884033203,
medical and biological faculty,medico-biological faculty,,0.9634544849395752,
biochemical and chemical engineering,biological and chemical engineering,,0.9815834164619446,
"biodiversity, ecology and evolution",biodiversity and ecology,,0.9696569442749023,
information and control engineering,information science and control engineering,,0.9561048150062561,
social science unit,social sciences unit,,0.979011058807373,
restorative sciences,rehabilitation science and technology,,0.7907272577285767,
inria sophia antipolis mediterranean research centre,research centre inria sophia antipolis - méditerranée,,0.8332335948944092,
ukrainian military medical academy,ukrainian medical stomatological academy,,0.883598268032074,
advanced photon source,advanced light source,,0.8766985535621643,
clinical and developmental neuropsychology,"clinical, neuro and developmental psychology",,0.9454230070114136,
planning management,planning and management,,0.9754352569580078,
culture and art ica,culture and art,,0.9655746221542358,
human and information sciences,human sciences and information,,0.9746335744857788,
military school,military education,,0.9277046918869019,
oncology and pathology,oncology pathology,,0.9770158529281616,
miller medicine,quillen medicine,,0.8070214986801147,
battelle,warfighter performance,,0.648892879486084,
ocean systems,oceans,,0.8985339403152466,
bioinfomatics,microbial biotechnology,,0.8904709219932556,
environmental health and ecological science,environmental health and ecological sciences,,0.9889810085296631,
mgh health professions,health professions,,0.9606906771659851,
women's and children's health,women's & children's health,,0.9972261190414429,
instituto federal de educação ciência e tecnologia de roraima,"instituto federal de educação, ciência e tecnologia de roraima",,0.9910825490951538,
caspo,casp,,0.8495227098464966,
natural resources institute finland,natural resources institute finland luke,,0.9117172360420227,
sports education,sport education,,0.9554615616798401,
"psychiatry, medicine",psychology and medicine,,0.9389824271202087,
water resource engineering,water resources engineering,,0.99278724193573,
infectious disease and immunology,infectious diseases and immunology,,0.9963144063949585,
computer & electrical engineering,computer and electrical engineering,,0.995900571346283,
costa rica technology,costa rican technology,,0.9649512767791748,
chemistry and material sciences,chemistry and material science,,0.9931994676589966,
normal superior pisa,pisa,,0.7179805040359497,
moore center for science,science center,marine sciences research center,0.7716292142868042,0.6675763130187988
massachusetts technology lincoln laboratory,"lincoln laboratory, massachusetts technology",,0.9715107679367065,
military fire state of rio de janeiro,military rio de janeiro,,0.8528382778167725,
department for functional materials in medicine and dentistry,materials department,,0.7887619733810425,
escuela nacional de trabajo social,facultad de trabajo social y desarrollo humano,,0.8337095975875854,
stirling management school,glasgow school for business and society,,0.7372459173202515,
of mathematics,numerical mathematics,,0.9515586495399475,
south african national bioinformatics institute,south african national biodiversity institute,,0.8734908103942871,
automated electric drive,electric drive,,0.879643440246582,
bauman kazan state academy of veterinary medicine,kazan state academy of veterinary medicine named after n.e. bauman,,0.9173892736434937,
atomic energy,atomic physics,,0.8888766765594482,
daniels business,zicklin business,,0.7295663356781006,
management academy,academy of management,,0.950869083404541,
royal derby hospital,royal marsden hospital,royal postgraduate medical school,0.85220867395401,0.6705808639526367
teagasc food research centre moorepark,teagasc food research centre ashtown,,0.8295331001281738,
qimr berghofer medical research institute,mater medical research institute,,0.7057411670684814,
dgtu,bgtu,,0.9337483048439026,
synthetic biology and immunology,microbiology and immunology,,0.8512119650840759,
defectology faculty,defectology,,0.7832132577896118,
liver transplant unit,liver transplantation,,0.898730456829071,
"latin american technology, infrastructure and territory ilatt","latin american technology, infrastructure and territory",,0.9896609783172607,
earth & environmental sciences,earth and environmental sciences,,0.9981859922409058,
nishina center for accelerator-based science,high energy accelerator research organization,,0.8035802841186523,
intuit united states,ansys united states,,0.936072587966919,
marine biology,marine environmental biology,,0.9596883654594421,
"state key laboratory of supramolecular structure and materials, chemistry",state key laboratory of supramolecular structure and materials,,0.9777724146842957,
strategic projects,strategic initiatives,,0.9061306715011597,
tropical medicine and infectious diseases,tropical medicine and infectious disease,,0.9971089363098145,
shifa international hospital,shalamar hospital,,0.8142354488372803,
ipd,ip&d,,0.8832113146781921,
russian and east european studies,russian and eurasian studies,,0.9489120244979858,
aircraft design,aircraft engineering,,0.8841795921325684,
mitre corp,mitre corporation,,0.8424270153045654,
machine engineering,machanical engineering,,0.9264054298400879,
clinical physiology and nuclear medicine,clinical medicine - nuclear medicine,,0.9250713586807251,
periodontolgy,periodontology,,0.8593763709068298,
kaluga branch,branch,,0.7260580062866211,
applied electronics & instrumentation,applied electronics and instrumentation,,0.9972562789916992,
rural clinical school,la trobe rural health school,,0.777299165725708,
human nutrition and consumer sciences,food sciences and human nutrition,,0.927118718624115,
"general, inorganic and theoretical chemistry",general and inorganic chemistry,,0.9395178556442261,
bioinformatics core,bioinformatics,biophysics and computational biology,0.9108548164367676,0.7681899070739746
science and industry systems,engineering science and technology,,0.8398035764694214,
educatio,educatin,,0.9607564210891724,
thales group,group,,0.7707492709159851,
national center for physical acoustics,center for hearing research,,0.7279000282287598,
develop,it development,,0.8584926724433899,
graduate program in comparative history,graduate program in history,,0.943534791469574,
architecture et urbanisme,architecture & urbanism,,0.920856237411499,
clinical research and leadership,clinical research and education,,0.8232133388519287,
english philology and translation studies,english philology and translation,,0.9633539915084839,
american physics,modern physics,,0.7449276447296143,
ppgd,ppgdh,,0.9329831004142761,
laboratory of cell biology,laboratory of cell biophysics,,0.9735067486763,
pharmaceutical candidate optimization,pharmaceutical development,,0.7739344835281372,
dill,plant health,,0.688169002532959,
paul baerwald social work and social welfare,social work and social welfare,,0.7255310416221619,
experimental nuclear physics,experimental nuclear physics and cosmophysics,,0.9445925951004028,
paleobotany,paleobiology,,0.9059330224990845,
spcts,crct,,0.8289770483970642,
risk and actuarial studies,risk analysis,,0.8478100895881653,
botany & plant pathology,botany and plant pathology,,0.9964733123779297,
data sciences platform,data science platform,,0.9863319396972656,
teaching body expression,educaction,,0.7427816390991211,
family and consumer studies,family and consumer science,,0.8680951595306396,
life sciences and chemistry,life sciences & chemistry,,0.9964809417724609,
scandinavian,scandinavian languages,,0.9081846475601196,
theoretical physics group,theoretical astrophysics group,,0.9003140330314636,
music performance,music,,0.91274094581604,
laboratory of clinical immunology,laboratory of immunology,,0.9841370582580566,
educational academic social sciences,educational academic human sciences,,0.9675723910331726,
radio astronomy division,radio astronomy,,0.90113365650177,
turkish aerospace industries turkey,turkish airlines,,0.8421571254730225,
materials science and manufacturing,materials science and technology,,0.9466250538825989,
vetrinary medicine,veterinary medicine,,0.966278076171875,
medical genetics unit,medical genetics department,,0.9243592023849487,
human anatomy and psychobiology,human anatomy and physiology,,0.8845421075820923,
scientific research unit,research unit,,0.9478334188461304,
environment,environmental,,0.971844494342804,
guidance and counseling,guidance & counseling,,0.9970692992210388,
industrial technical education,industrial technology education,,0.9763049483299255,
international studies,global and international studies,,0.9483553171157837,
"gastroenterology, hepatology, infectious diseases and endocrinology","gastroenterology, hepatology and endocrinology",,0.9803534150123596,
international paraíba,fatec carapicuíba,,0.7479780316352844,
"instituto federal de educação, ciência e tecnologia da bahia, ministério da educação","instituto federal de educação, ciência e tecnologia da bahia",,0.9640651345252991,
family agriculture,amazon family farms,,0.8495579957962036,
shanghai mental health center,shanghai public health clinical center,,0.8517080545425415,
language training,language teaching,,0.9181005954742432,
school unit,teaching unit,,0.8638880848884583,
mechanical and automotive,mechanical and automotive engineering,,0.9242228269577026,
iii health,ii health,,0.9496766328811646,
institutional research office,research office,,0.9175846576690674,
"computer science, engineering and mathematics","computing, engineering and mathematics",,0.9685015678405762,
utpl,utp,,0.8435739278793335,
national biotechnology development agency,national pharmaceutical research and development,,0.778791069984436,
norwegian international affairs,norwegian economics,,0.807923436164856,
mathematics department pure and applied,pure and applied mathematics,,0.906480073928833,
dermatology service,dermatologia service,,0.9753040671348572,
instituto superior de contabilidade e administração,instituto superior de contabilidade e administração de coimbra,,0.9485548138618469,
bachelor in medicine and surgery,bachelor of medicine and surgery,,0.9775338172912598,
institutes of physical science and information technology,physical science and information technology,,0.8885652422904968,
center for east asian studies,centre for east asian studies,centre for russian and east european studies,0.9817279577255249,0.7108145952224731
maurer law,moritz law,,0.7856862545013428,
prehistoric and archeology,prehistoric archeology,,0.9848908185958862,
high-de-seine,national architecture paris-val de seine,,0.7636873722076416,
"school for engineering of matter, transport, and energy","school for engineering of matter, transport and energy",applied mechanics and engineering sciences,0.9983043074607849,0.7819135189056396
fisiologia e biofisica,biofisica,,0.8925336599349976,
european union security studies,european union studies,,0.9110212326049805,
unidata,uasd,,0.7513608932495117,
icmr,icm,,0.913591742515564,
idaho national laboratory,pacific northwest national laboratory,,0.7654648423194885,
daqui,dequi,,0.7474691271781921,
clinical nutrition and dietetics,clinical nutrition & dietetics,,0.9964983463287354,
graduate communication,graduate in communication,,0.9153738617897034,
graduate program in electrical and computer engineering,postgraduate program in electrical and computer engineering,,0.9775672554969788,
bioengineering and nano-bioengineering,bioengineering and biotechnology,,0.946338951587677,
transport research centre,transport research,,0.9118523001670837,
gene therapy and regulation of gene expression,gene therapy,,0.8893335461616516,
geophysical fluid dynamics laboratory,fluid dynamics laboratory,,0.906531572341919,
biological research,biological studies,,0.9614355564117432,
chinese academy of agricultural sciences tea research institute,oil crops research institute chinese academy of agricultural sciences,graduate chinese academy of sciences,0.8596644401550293,0.7700459957122803
pd&i,ppd,m.p.c,0.8757679462432861,0.7742077112197876
luiss guido carli,inmi lazzaro spallanzani irccs,,0.7360329627990723,
robotics and autonomous systems,robotics and intelligent systems,,0.9673341512680054,
chinese language & literature,chinese language and literature,,0.9982406497001648,
data analysis and artificial intelligence,data science and artificial intelligence,,0.9658711552619934,
adaptive and neural computation,machine learning and artificial intelligence,,0.7695478200912476,
"water, energy and environmental engineering",water and environmental engineering,,0.9549793004989624,
doctoral chemistry,clinical chemistry,,0.8898239731788635,
organization and leadership,leadership and organization,,0.973548948764801,
safety and health,health and safety,,0.9853951930999756,
sanquin research,research,,0.7487347722053528,
escuela superior politecnica de chimborazo,escuela superior politécnica de chimborazo escuela de medicina,,0.9072729349136353,
institute bergonié,institut albert bonniot,institut des sciences du végétal,0.827934980392456,0.7318909168243408
legal disciplines,civil legal disciplines,,0.9150519371032715,
inova health system,health system,,0.8803170919418335,
biospheric sciences laboratory,biophysics laboratory,,0.8910202383995056,
centre for transportation systems,transportation systems,,0.7963573932647705,
geology and hydrology,hydrogeology,,0.9501116275787354,
ueap,eap,,0.8984857797622681,
astrometry,astronomy,,0.861458957195282,
eece,deece,,0.8656898140907288,
petroleum systems engineering,petroleum engineering,,0.9527115225791931,
elec-electrical power,electrical power,,0.9732024669647217,
asian and european languages,asian languages and cultures,,0.8612173795700073,
nursing and obstetrics,nursing and midwifery,,0.9237751364707947,
social sciences ics,social sciences - ics,,0.9744157791137695,
engineering - electrical engineering,"engineering, electrical engineering",,0.9897711277008057,
instituto federal do sul de minas gerais - campus machado,instituto federal de minas gerais - campus bambuí,,0.9281435012817383,
astronomical observatory of trieste,astronomical observatory,,0.7423431873321533,
aeronautical manufacturing engineering,aerospace engineering and mechanics,,0.904247522354126,
international security studies,international relations and security studies,,0.9507999420166016,
clinical & health sciences,clinical and health sciences,,0.9968012571334839,
manchester art,manchester architecture,,0.8211686015129089,
innate immunity and inflammation,autoimmunity,,0.780478835105896,
public health medicine,"public health, medicine",,0.9712920784950256,
uvm,uim,,0.8789612054824829,
thayer engineering at dartmouth,geisel medicine at dartmouth,,0.7001850008964539,
social computing,computer and communication,,0.8064281940460205,
culture division,culture,,0.7984097003936768,
sports center,center of physical education and sports,,0.8437458276748657,
research group,bisite research group,,0.9318660497665405,
ifsul,faaz,,0.775564432144165,
environment and sustainability,environment & sustainability,,0.9973912239074707,
colleague,colleage,,0.7806312441825867,
lyda hill bioinformatics,bioinformatics,biophysics and computational biology,0.7131109833717346,0.6327170729637146
earth & environmental science,earth and environmental science,,0.9979545474052429,
r&d dept.,r & d department,,0.9351077675819397,
highways,highway,,0.9257572889328003,
engineering & information technology,engineering and information technology,,0.9977008104324341,
agriculture microbiology,agricultural microbiology,,0.992785632610321,
marine resources,marine environment and resources,,0.9655624628067017,
internal medicine and gerontology,internal medicine and geriatrics,"gastroenterology, hepatology, nutritional disorders and pediatrics",0.9377264380455017,0.7492644190788269
"environment, resources and sustainability","resources, environment and sustainability",,0.9929157495498657,
ehesp,ecp,enspg,0.849204421043396,0.7080927491188049
oral and maxillofacial,maxillofacial,,0.9062868356704712,
physics chemistry,physics and chemistry,,0.9741748571395874,
symbiosis design,symbiosis,,0.8549914360046387,
liver diseases branch,liver diseases,,0.9464004039764404,
centre for environmental studies,center for environmental studies,,0.9686509370803833,
oceanography and marine geology,oceanography,,0.9024627208709717,
chemical sciences division,chemical science division,,0.9872924089431763,
energy and petroleum industry,oil and gas industry,,0.9148579835891724,
degree in physical education,in physical education degree,,0.9931341409683228,
sanquin research,research,,0.7487347722053528,
libraries and information,information and libraries,,0.9682594537734985,
harvard forest,forest,,0.7365845441818237,
admistrativo,adminsitrativo,,0.8492603302001953,
hopkins centre,charles perkins centre,,0.7904052138328552,
national office for aerospace studies and research,office of research and innovation,,0.7547191381454468,
gis cell,ict cell,,0.9110207557678223,
professional master's degree in administration,master's degree in administration,,0.9839978218078613,
humanities and educational sciences,humanities and education sciences,,0.9945613741874695,
low-carbon energy and power engineering,environmental energy engineering,,0.8708245754241943,
islamic history and arts,islamic history,,0.9129062294960022,
agricultural and resources economics,agricultural and resource economics,,0.9965240955352783,
hospital das forças armadas,hospital agamenon magalhães,,0.8257175087928772,
medstar health research institute,health research institute,,0.8724901080131531,
global environmental studies,environmental and sustainability studies,,0.8904316425323486,
boston biomedical research institute,boston scientific corporation,biomedical imaging research institute,0.8566850423812866,0.7375513315200806
computational fluid dynamics,mechanics and fluid dynamics,,0.8629121780395508,
research and development cell,research & development cell,,0.9962449669837952,
"joão pinheiro foundation, professor paulo neves de carvalho government",joão pinheiro foundation,,0.8485677242279053,
drake memorial library,howard-tilton memorial library,information resources and library science,0.6865265369415283,0.5409753322601318
oracle corporation,oracle corp,,0.9330819845199585,
specialized services,special services,counseling and personnel services,0.8977779150009155,0.738007664680481
korea research ships and ocean engineering,korea ocean science and technology,,0.8811419606208801,
complejo regional nororiental,dirección regional,,0.7641377449035645,
internal medicine and infectious diseases,"internal medicine, infectious diseases",,0.9963228702545166,
"ministry of health, consumption and welfare",ministry of health,,0.8670107126235962,
france,ile-de-france,,0.9091839790344238,
forest resources,forestry and natural resources,,0.9576126337051392,
cultural anthropology and development studies,cultural anthropology and development sociology,,0.9613374471664429,
saúde animal,sanidade animal,,0.8804938793182373,
discovery sciences,discovery science,,0.9548906087875366,
public leadership,public management and leadership,,0.9141626358032227,
moscow medical academy,moscow theological academy,,0.8313573598861694,
peninsula medical school,peninsula schools of medicine and dentistry,,0.8701094388961792,
wastewater,water and wastewater,,0.8780553936958313,
rfx consortium,fcc,,0.6348608732223511,
unasp,unesc,,0.8934553861618042,
forensic services,forensic department,,0.9297972917556763,
halmos arts and sciences,arts and sciences,,0.8669885396957397,
center for regenerative medicine,centre for regenerative medicine,clinical sciences centre,0.9847326278686523,0.7649943828582764
theoretical physics iii,theoretical physics ii,,0.9640177488327026,
professional master's degree in law,master's degree in legal sciences,,0.9369523525238037,
toulouse-lautrec institute,toulouse lautrec,,0.8814118504524231,
meteorologi,meteorology,,0.8545165061950684,
center for biological sciences,center of biological sciences,,0.9894492030143738,
cognitive systems lab,cognitive science lab,,0.9490465521812439,
bogotá secretary of education,bogotá education secretariat,,0.9222890138626099,
visual culture,visual cultures,,0.9685912728309631,
stan state financial polytechnic,polytechnic,,0.7773585319519043,
evaluation department,evaluation office,,0.9061614274978638,
ukrainian language department,ukrainian and foreign languages department,,0.944157063961029,
dicatam,dicam,,0.8565934896469116,
ebtt,vtt,,0.8095546960830688,
livestock development,livestock production,,0.8962053060531616,
technical sciences fibroids,social sciences fibroids,,0.8787235021591187,
pranveer singh technology,indian technology kanpur,veer surendra sai medical sciences and research,0.7656016945838928,0.6682355999946594
community and mental health nursing,community health nursing,,0.9293211102485657,
facilities engineering,building services engineering,,0.8696381449699402,
shanghai center for mathematical sciences,national center for applied mathematics in chongqing,graduate chinese academy of sciences,0.8554306030273438,0.6912655234336853
cermes3,m3,,0.7925511598587036,
structural biology,structural biology and biophysics,,0.9503839015960693,
product safety,quality & safety,,0.8391233086585999,
biomedical and forensic science,biomedical and forensic sciences,,0.9896966218948364,
public economics,public economics and administration,,0.9186815023422241,
crop protection division,division of crop protection,,0.9679604768753052,
"surgical, biochemistry and immunology specialties","pathology, medicine",,0.8428511023521423,
pediatrics and medical genetics,pediatrics and genetics,,0.9743698239326477,
pós-graduação em comunicação social,programa de pós-graduação em comunicação social,,0.9397638440132141,
bionut,biomaterial,,0.7373336553573608,
referral center for occupational health,occupational health service,,0.7994567155838013,
kavli cosmological physics,kavli theoretical physics,,0.9365822672843933,
anesthesia and intensive care medicine,anaesthesia and intensive care medicine,,0.9803941249847412,
nuclear physics department,nuclear physics division,,0.9230738282203674,
hello,iam,,0.7630174160003662,
academy of management of ministry of internal affairs of russia,omsk academy of ministry of internal affairs of russia,,0.934851348400116,
"foreign languages, translation and interpreting",translation and interpreting,,0.899361789226532,
caro and cuervo,caro and cuervo institute,,0.8343134522438049,
bau,fachbereich architecture,,0.7532100677490234,
photogrammetry and remote sensing department,remote sensing department,,0.9206888675689697,
mathematics and data science,mathematical and data sciences,,0.9813866019248962,
breeding and genetics,genetics and breeding,,0.9722141027450562,
urban and regional planning and geo-information management,urban and regional planning,,0.8963602781295776,
biotechnology faculty,biological sciences faculty,,0.9460023045539856,
calculation mauro picone applications,mauro picone applications of calculus national research council,,0.7926831841468811,
roads and bridges,highways and bridges,,0.9253501892089844,
"architecture, arts and design","architecture, design and arts",,0.9977313280105591,
institut pere mata,instituto,,0.7985259294509888,
otorhinolaryngology-head & neck surgery,otorhinolaryngology-head and neck surgery,,0.998326301574707,
electronic and information technology,electronics and information technology,,0.9749776721000671,
cyber security and digital forensics,cyber security & digital forensics,,0.9972102642059326,
"pharmacology, pharmacy",pharmacology and pharmacy,,0.997174859046936,
mrc mitochondrial biology unit,mitochondrial biology unit,,0.8669222593307495,
national institute on drug abuse,national institute on alcohol abuse and alcoholism,,0.8735396265983582,
propaganda and communication sciences faculty,propaganda and communication faculty,,0.9648611545562744,
nanchang technology,yancheng technology,,0.931721568107605,
municipal and environmental engineering,environmental and municipal engineering,,0.9712855815887451,
center for information and neural networks,computer science and networks,,0.8119195699691772,
unirp,unopar,,0.8279709815979004,
csse,csed,,0.8894867897033691,
mccb,ccb,,0.8462649583816528,
computational science center,computational science research center,,0.974739134311676,
electrical engineering/computer science,electrical engineering & computer science,,0.9892632961273193,
umr168,umr 168,iufm,0.9575982093811035,0.6454989314079285
niwa,na,,0.771499514579773,
town & regional planning,town and regional planning,,0.9975183010101318,
copel,asces,,0.6437540054321289,
full degree in geography,degree course in geography,,0.8884422183036804,
access to justice,justice,,0.850123405456543,
animal and poultry nutrition,poultry nutrition,,0.9611624479293823,
international school medicine of future,international medical school,,0.839277982711792,
regulation and global governance regnet,regulation and global governance,,0.9709830284118652,
vegetables production,vegetable production,,0.9789682030677795,
phramongkutklao medicine,phramongkutklao hospital,,0.8714969158172607,
trinity arts & sciences,trinity arts and sciences,,0.993871808052063,
national and regional security,national and international security,,0.9437346458435059,
geodetic institute,geoscience institute,,0.9104112386703491,
hamburg observatory,hamburger observatory,,0.7370527982711792,
radiophysics faculty,radiophysical faculty,,0.933672308921814,
mathmatics,mathematics,,0.9776802659034729,
division of environmental sciences,environmental sciences division,,0.9713606238365173,
immunotoxicology,immunopathology,,0.9187062978744507,
engineering science and mathematics,engineering sciences and mathematics,,0.982414960861206,
collegium medicum in bydgoszcz,medical sciences in katowice,,0.8145304918289185,
architettura e design,architecture & design,,0.8628177642822266,
pharmaceutical sciences and medicines,pharmaceutical sciences,,0.9697450399398804,
"agronomy, food, natural resources, animals and environment dafnae","agronomy, animals, food, natural resources, and environment - dafnae",,0.9828810691833496,
graduate in psychology,graduate in clinical psychology,,0.9545870423316956,
faculty economics,faculty economics and business,,0.9417648911476135,
business excellence,business management & entrepreneurship,,0.8026951551437378,
choral department dyryzhyrovanyya,department fyzvospytanyya,,0.7414983510971069,
art and social sciences,arts and social science,,0.9803839921951294,
professional business administration,business administration and management,,0.9103460907936096,
biochemical and pharmaceutical technology,technology in biopharmaceuticals,,0.9442317485809326,
grammar school,school education,,0.8368910551071167,
basic and applied science,fundamental and applied science,,0.9727213978767395,
office of technology transfer,technology transfer office,,0.9497702121734619,
postgraduate deanery,pro postgraduate deanery,,0.9466656446456909,
german clinic,german,,0.7483296394348145,
united nations industrial development organization,united nations development programme,,0.8253592252731323,
foot and ankle,foot and ankle surgery,,0.7299395203590393,
biomedical laboratory sciences,biomedical laboratory science,,0.9892363548278809,
degge,deg,,0.8633509874343872,
"sport, exercise and health",sport and health,,0.9786725640296936,
instituto federal de goiás - campus jataí,instituto federal de minas gerais - campus bambuí,,0.8739988803863525,
geriatrie,geriatria,,0.9301984906196594,
law and finance,finance and law,,0.9811641573905945,
"learning, informatics, management and ethics","learning, informatics, management and ethics lime",,0.9710859060287476,
global studies institute,international studies institute,global research center,0.9010279178619385,0.7449383735656738
islamic economic,islamic economy,,0.9765105843544006,
departamento de ingeniería civil y agrícola,departamento de ingeniería civil y ambiental,,0.9513664245605469,
technology analysis and systems development,systems analysis and development,,0.9088196754455566,
fraunhofer centre for applied photonics,applied photonics,,0.71950364112854,
peb,ieb,,0.7649862766265869,
irccs foundation national cancer institute,national cancer institute irccs pascale foundation,,0.8385559320449829,
immunology and biotechnology,biomedical sciences - immunology,,0.918607771396637,
blizzard institute,ice,,0.6361608505249023,
zoonoses,zoonosis,,0.8673797845840454,
eeffto,ees,,0.8559635281562805,
physics and engineering physics,physics & engineering physics,,0.9940825700759888,
z. smith reynolds library,milner library,,0.7392562627792358,
"social sciences, philosophy",social sciences and philosophy,,0.9946268796920776,
bell center,bell labs,bell laboratories,0.6843072175979614,0.7149629592895508
mathematics and computer,mathematics-computer,,0.9857680797576904,
national educational evaluation,educational evaluation,meritorious national teachers&#39; school,0.843292236328125,0.7108806371688843
theatre & dance,theatre and dance,,0.9969347715377808,
law & business  business management: ted rogers management,global management studies  business management: ted rogers management,,0.8712913393974304,
performing arts and film,theatre and film,,0.9179479479789734,
osaka daigaku,okayama daigaku,,0.9595638513565063,
"diabetes, obesity and metabolism institute",diabetes research institute,,0.8860153555870056,
iphys,communication technology,,0.7311015129089355,
museum of life,museum science and life,,0.8571996092796326,
endemic medicine,medicine and infectious diseases,,0.8778194189071655,
understanding evolution,evolutionary biology,,0.866550624370575,
royal australasian physicians,royal australian physicians,,0.9887944459915161,
graduate international and development studies,graduate international studies,,0.9374374151229858,
gemmology,oftalmology,,0.8221319317817688,
irhs,iirs,,0.7701373100280762,
department for nanostructured materials,nanostructured materials,,0.8102423548698425,
regulatory affairs department,regulatory department,,0.9631052017211914,
biomorf,biophysic,,0.837734043598175,
patient care services,patient services,,0.9629614949226379,
periodontics and implantology,periodontics & implantology,,0.99688321352005,
"先導科学研究科生命共生体進化学専攻/ evolutionary studies of biosystems, advanced sciences","生命科学研究科遺伝学専攻/ genetics, life science",,0.9245575666427612,
translation and interpreting department,translation and interpretation department,,0.9907832741737366,
culture and society - anthropology,social and cultural anthropology,,0.9711639881134033,
ners,ngs,,0.8448374271392822,
graduate program in international strategic studies,graduate program in international relations,,0.8785020112991333,
hematology service,hematologia service,,0.9653196930885315,
"exercise science, sport and health","sport science, exercise and health",,0.9729597568511963,
luis medical school razetti,medical school luis razetti,,0.9346235990524292,
center for economic and social research,center for economic research,,0.9546571969985962,
psychatry,psycology,,0.9155767560005188,
molecular ecology,molecular interaction ecology,,0.9553619623184204,
"chang gung memorial hospital, linkou",linkou chang gung memorial hospital,,0.972656786441803,
ufps,ucp,,0.8044930696487427,
english language pedagogy,english language and teaching,,0.9498486518859863,
bioland laboratory,biological laboratory,,0.8622968792915344,
hydrobiologie,ufr biologie,,0.8500308394432068,
must,machine-essential,,0.6555070877075195,
auditing department,audit department,,0.9587395191192627,
carim,ims,icra,0.7644845247268677,0.7453471422195435
engineering mathematics and technology,engineering and mathematics,,0.9497083425521851,
food technology company,food technology,,0.9026630520820618,
school masters and doctorate,school doctoral and postgraduate studies,,0.9265768527984619,
fcm,mcm,,0.9241800308227539,
management & international business,management and international business,,0.9959878921508789,
italian hospital of buenos aires,argentina society of intensive care,,0.7220282554626465,
agronomic science,agronomic sciences,,0.9729711413383484,
finances and accounting,financial and accounting,,0.9588794708251953,
english culture - são paulo,sao paulo,,0.8119471669197083,
comparative political science,political science,,0.8896512389183044,
school department,school education department,,0.9620844125747681,
graduate program in food science and technology,graduate program in food technology,,0.9828342199325562,
extension and development communication,development communication,,0.8541690707206726,
nurse anesthesia program,nursing program,,0.8347837924957275,
graduate computer science and systems engineering,graduate computer science and engineering,,0.9704036712646484,
wildlife,wild life,,0.9881983399391174,
leibniz centre for literary and cultural research,leibniz centre for general linguistics,,0.8647056818008423,
information technology & systems,information technology and systems,,0.9974882006645203,
national child health san borja,national child health - san borja,,0.9776805639266968,
research authority,research department,,0.7969390153884888,
twin research,twin research and genetic epidemiology,combined studies,0.7740719318389893,0.7130090594291687
medicines management,medicines,,0.8954060673713684,
kcse,bse,,0.7370625734329224,
hospital de amor,hospital moinhos de vento,,0.7516249418258667,
mehanical engineering,mecahnical engineering,,0.9279583692550659,
surgery's room,surgery department,,0.8610343337059021,
sociology innovation center,sociology center organizations,,0.8079115152359009,
research and publications,research and publication,,0.9798511862754822,
child and adolescent health,health of children and adolescents,,0.9577592015266418,
research vaccines and sera. mechnikov of russian academy of medical sciences,"research general pathology and pathophysiology, russian academy of medical sciences",smolensk state medical academy,0.8851079344749451,0.7683209776878357
leadership team,senior leadership team,,0.9157881736755371,
executive search,executive team,,0.7191887497901917,
molecular biophysics and biochemistry,molecular biochemistry and biophysics,,0.9983048439025879,
laboratory bacteriology,laboratory of bacteriology,,0.9527380466461182,
pedagogy and education,education and pedagogy,,0.9740794897079468,
beams department,beams,,0.8801047801971436,
free law of law,public law,,0.7434035539627075,
dept. of naval architecture and ocean engineering,naval architecture & marine engineering,,0.8810536861419678,
aids and cancer virus program,cancer program,,0.8287546634674072,
hoover institution,mct,,0.6352871656417847,
womens and childrens health,women's & children's health,,0.9772895574569702,
petrographic and geochemical research center,laboratory for studies in geophysics and spatial oceanography,,0.7937052249908447,
internal medicine iv,internal medicine i,,0.9614793062210083,
directorate of health,directorate of public health,,0.966562807559967,
environmental systems analysis,environmental analysis,,0.9135571718215942,
lrcs,lrc,lthe,0.9408116936683655,0.7122734785079956
"geographic, geophysical and energy engineering","geographic engineering, geophysics and energy",,0.9773057699203491,
national cancer centre singapore,cancer science singapore,,0.867567777633667,
grimwade centre for cultural materials conservation,centre for heritage and museum studies,"english, media studies and art history",0.6758995056152344,0.5645273327827454
solar research,solar physics,,0.8228585720062256,
web development,web developer,,0.9511909484863281,
maritime and transport technology,maritime technology,,0.9486136436462402,
himalayan agricultural sciences and technology,agricultural sciences,,0.7712966203689575,
shalamar hospital,abbasi shaheed hospital,,0.8389160633087158,
signal processing and speech communication laboratory,signal processing,,0.7538086771965027,
rail,railway,,0.938759446144104,
economics and social studies,economic and social studies,,0.9779412150382996,
media and visual arts,media arts,,0.9730660915374756,
economy and management school,economics and management school,,0.9874524474143982,
defense and strategic studies,defence & strategic studies,history and american studies,0.9826564192771912,0.6212169528007507
vicerrectorado research and postgraduate,vicerrectoría research,,0.8470917344093323,
severance hospital,hospital,,0.8635096549987793,
endocrinology department,endocrinology division,,0.9335132837295532,
urology and renal transplant,urology and renal transplantation,,0.9957186579704285,
bioscience and territory,biosciences and territory,,0.9809497594833374,
textile chemistry,"textile engineering, chemistry and science",,0.8989725112915039,
art history and visual culture,history of art and visual culture,,0.9877025485038757,
cbmeg,ceb,,0.736286997795105,
bioassay,bioanalytical,,0.8884414434432983,
administrative division,administration division,,0.9645137190818787,
pathology and molecular medicine,pathology & molecular medicine,,0.992631196975708,
data analysis department,data department,,0.9452534317970276,
geohazards center,geoinformation,,0.6389497518539429,
business systems,business and information systems,,0.9438390731811523,
digital learning,digital education,instructional systems,0.949368417263031,0.713522732257843
aeronautical,aeronautic,,0.9642733335494995,
forest ecology,forest ecosystems,,0.966708242893219,
state administration,state and municipal administration,,0.8842830657958984,
puerto rico education,teacher education department,,0.647336483001709,
moores cancer center,cancer research center,,0.7883825302124023,
biotechnoloy,biotechnolgy,,0.8797874450683594,
sciences of antiquity,sciences of antiquity ',,0.9778386354446411,
service endocrinology,endocrinology service,,0.9638876914978027,
agroscope,agroscope standort changins,,0.8068053722381592,
administrative support,administrative services,public and business administration,0.8944256901741028,0.6813122034072876
tropical diseases,tropical and infectious diseases,,0.967322826385498,
western technology and higher education,education and technology,,0.8344289064407349,
parish,district,,0.6663306951522827,
agricultural economics and policy,agricultural economics,,0.9170677065849304,
ait austrian technology gmbh,infineon technologies austria,,0.8210970759391785,
training and development center,training center,,0.9276430606842041,
imedea,imn,,0.7943952679634094,
ufr humanities,graduate humanities,,0.8092555403709412,
institut des sciences du mouvement,institut des sciences moléculaires,,0.90423583984375,
alcohol research group,research group,,0.8305162787437439,
special pathogens,microbial pathogens and immunity,,0.8462285995483398,
planetology and geoscience laboratory,geophysical laboratory,,0.8813024759292603,
electricity career,electricity engineering,,0.8021708726882935,
clinic americas,clinic,,0.8068565130233765,
chemistry and biotechnology,chemistry & biotechnology,,0.996996283531189,
theater department,theatre department,,0.9839755296707153,
dghs,sgs,,0.7627362012863159,
graduate international and development studies,graduate international studies,,0.9374374151229858,
entomology and plant pathology,entomology & plant pathology,,0.9952682256698608,
thermal power,thermal energy,,0.9542388916015625,
health sciences physiotherapy and rehabilitation,"health sciences, physiotherapy and rehabilitation",,0.975448727607727,
medical imaging and radiological sciences,medical imaging and radiation sciences,,0.9743833541870117,
humanities and technologies,humanities and technology,,0.9815264344215393,
nursing and healthcare leadership,nursing leadership,,0.9403617978096008,
center for earthquake research and information,national earthquake information center,,0.898190975189209,
orchestra,orchestra faculty,,0.848107099533081,
r&d satellite observations,earth observation science,,0.7872833609580994,
graduate program in nursing and health,graduate program in clinical care nursing and health,,0.9816861152648926,
general and comparative linguistics,general and applied linguistics,,0.9508801698684692,
ipp,ippn,,0.9131990671157837,
center for lasers and applications,center lasers and applications,,0.9534849524497986,
"architecture, architecture",architecture,,0.9721521735191345,
chemical and materials,chemical materials,,0.962619960308075,
optometry & vision science,optometry and vision science,,0.9971076250076294,
national and homeland security,national security,government and foreign affairs,0.9663925170898438,0.6576423645019531
must,machine-essential,,0.6555070877075195,
wireless,wireless communication,,0.9017863869667053,
saidu teaching hospital,ayub teaching hospital,,0.8419844508171082,
biomedical engineering program,biomedical engineering graduate program,,0.9327019453048706,
aerospace and mechanical engineering department,mechanical and aerospace engineering department,,0.969634473323822,
education and social policy,educational & social policy,,0.9857898950576782,
center for theoretical problems of physicochemical pharmacology,neuroscience and pharmacology,,0.7690731883049011,
sorocaba city hall,city hall of curitiba,,0.8125176429748535,
policlinico umberto i,foundation irccs policlinico san matteo,,0.724491536617279,
machine learning,applied machine learning,,0.9455928802490234,
chemical sciences and technology,chemical sciences and technologies,,0.9904611706733704,
toulouse lautrec,toulouse-lautrec institute,,0.8814118504524231,
bachelor's degree in biological sciences,bachelor&#39;s degree in biological sciences,,0.9570302367210388,
geoengineering,geo-engineering,,0.9852581024169922,
finance and entrepreneurship,business and entrepreneurship,,0.8708746433258057,
s1 nursing,of nursing,,0.8460341095924377,
icmcb,icb,,0.8909675478935242,
beijing control engineering,beijing technology,,0.8260902166366577,
cbmr,cbm,m.p.c,0.906922459602356,0.753602147102356
infn section of rome ii,infn section of rome i,,0.8084812164306641,
uteg,utn,,0.8344974517822266,
arid land agriculture,center for desert agriculture,,0.6931810975074768,
electro-optics and photonics,electro-optics,,0.9526205658912659,
laboratory of ornithology,lab of ornithology,,0.9454108476638794,
"agronomy, horticulture and plant protection- botany, genetics and plant protection","botany, genetics and plant protection",,0.9533183574676514,
falest,fale,,0.7422646284103394,
department for arts and cultural studies,department for study of culture,,0.8956867456436157,
nutrition and gastronomy,food and nutrition,,0.9406902194023132,
cellular biology and physiology,cell biology & physiology,,0.9792681336402893,
inventory,inventory and monitoring,,0.7621590495109558,
early years of elementary school,elementary school - initial years,,0.9329957365989685,
graduate in latin american studies,graduate program in latin american studies,,0.9686836004257202,
neuroanesthesia,neuroanaesthesia,,0.9845834970474243,
upch,cch,,0.8104029893875122,
madrid city council,madrid's community,,0.8322678208351135,
national plant genome research,national research center on plant biotechnology,,0.8281593322753906,
defense and security,security and defense,,0.9923373460769653,
center for civil society research,social research center,,0.8313685059547424,
space astronomy group,astrophysics and astronomy,,0.8058302402496338,
"mathematics, science and technology","mathematics, science, and technology",,0.9964663982391357,
biology and environmental science,biology & environmental science,,0.9970310926437378,
"chemistry, chemical engineering and materials science","chemistry, chemical engineering and material science",,0.9969680309295654,
population ecology,population biology,,0.8651658892631531,
geology and geoenvironment,environmental geology,,0.9432764053344727,
cell and tissue engineering,biomaterials and tissue engineering,,0.919805645942688,
material and chemical engineering,materials and chemical engineering,,0.9891484975814819,
nursery career,nursing career,,0.9668803215026855,
linguistics & cognitive science,linguistics and cognitive science,,0.9962218999862671,
arabic language and its literature,arabic language and literature,,0.9949634075164795,
ii medical department,medical department,,0.9174306392669678,
psychogeriatrics,psychopedagogy,,0.9227946400642395,
signal processing laboratory,photonics laboratory,,0.8045307993888855,
genetics and epidemiology,genetic epidemiology,,0.9570086002349854,
medical robotics,advanced robotics,,0.8231490850448608,
wolfson card,wolfson school,,0.7304168939590454,
multimedia production,media production,,0.9114913940429688,
plant health and environmental,plant health and environment,,0.993035078048706,
"energy, environmental and technological research center",center for environmental and technological energy research,,0.9704852104187012,
national center for environmental health,national environmental health sciences,,0.8714233636856079,
centre for biotechnology and microbiology,centre of biotechnology and microbiology,,0.9945235848426819,
"internal medicine, endocrinology",internal medicine and endocrinology,,0.996431827545166,
guangzhou women and children medical center,guangzhou women and children's medical center,,0.995268702507019,
casimiro mondino national neurological institute foundation,carlo besta neurological institute foundation,,0.779426097869873,
center for research in cognitive science,brain research center,,0.8421196937561035,
hunter centre for entrepreneurship,centre for entrepreneurship,,0.8525023460388184,
division of applied social sciences,division of social sciences,,0.9604184031486511,
national center for computational sciences,center for computational sciences,,0.9201436042785645,
division of biochemical sciences,biochemical sciences division,,0.9374458193778992,
neurological clinic,neurology clinic,,0.990923285484314,
language arabic,arabic language,,0.9848224520683289,
merck germany,nec germany,,0.8868544101715088,
cleveland clinic lerner medicine,cleveland clinic,,0.9282460808753967,
cge,cege,,0.9447081089019775,
adaptive machine systems,mechanical systems,intelligent system,0.8009223937988281,0.7804991602897644
kazakh language and literature,kazakh literature,,0.9752639532089233,
process chemistry,chemical process,,0.940240740776062,
melbourne population and global health,melbourne population & global health,,0.9974561929702759,
ibb,ibs,,0.87554931640625,
cinde,cesde,,0.70637446641922,
csai,cse-ai,,0.8605592250823975,
centre for high energy physics,center for high energy physics,,0.9856618642807007,
engineering center,engineering research center,,0.9371227025985718,
"planning, public policy and management","planning, public policy, and management",,0.9950493574142456,
prosthodontics & implantology,prosthodontics and implantology,,0.9975119829177856,
école nationale supérieure des ingénieurs en arts chimiques et technologiques,école nationale supérieure de l'électronique et de ses applications,,0.8863831162452698,
x-ray science division,x-ray department,,0.8849289417266846,
surgeon,surgery,,0.9146040678024292,
orthopedics,orthopedic,,0.9398970603942871,
civic design,architecture and urban design,architecture and cities,0.8733294010162354,0.8071551322937012
"applied chemistry, science and technology","applied chemistry, science and engineering",,0.9830740690231323,
centre for wildlife management,wildlife management,,0.7792582511901855,
medical education and informatics,medical informatics,,0.8880518674850464,
wound care,patient care,,0.8113702535629272,
chemical & process engineering,chemical and process engineering,,0.9968922138214111,
life and environmental science,life & environmental science,,0.9973595142364502,
national technology warangal,national technology durgapur,,0.8262044191360474,
agricultural industry technology,agricultural technology,,0.9814311861991882,
integrated health services,integrated health,,0.9069409370422363,
pedagogical sciences,pedagogical and educational sciences,,0.94557785987854,
necker sick children,children hospital,,0.7225432395935059,
central lille,central marseille,,0.8791307806968689,
graduate program in history of brazil,brazilian studies,brazilian institute graduate and extension,0.8551416397094727,0.7737547159194946
technological sonora,music technology,,0.8143141269683838,
ecosystem modelling,ecological modelling,engineering-economic systems,0.9329005479812622,0.7239841222763062
national commerce and management,national business and management,,0.9192265868186951,
ecoscience - wildlife ecology,ecoscience - terrestrial ecology,,0.8955129981040955,
dcso,dcsc,,0.8709298372268677,
hygiene and environmental medicine,hygiene and medical microbiology,,0.8954084515571594,
is2m,mn2s,lthe,0.7855385541915894,0.692744255065918
hydraulics department,hydraulic department,,0.9441893100738525,
social and applied sciences,applied social sciences,,0.9690248966217041,
dept. of neurology,department for neurology,,0.9670534729957581,
brazilian biosciences national laboratory,brazilian biorenewables national laboratory,brazilian institute graduate and extension,0.9444282054901123,0.6875170469284058
economic theory and marketing,economics and marketing,,0.9259415864944458,
political psychology,psychology and political science,,0.8765461444854736,
imt lille douai,insa toulouse,,0.8120723962783813,
"pharmacy practice, pharmacy","pharmacy, pharmacy practice",,0.9944585561752319,
ipbs,ipb,,0.8417776823043823,
scientific writing,scientific publications,,0.9137086868286133,
cellular biology and anatomy,cell biology & anatomy,"biochemistry, molecular biology and cell biology",0.9795308709144592,0.8767086267471313
metadata services,data services,,0.8636925220489502,
health protection,health security,,0.8852619528770447,
guillermo almenara irigoyen level iv hospital,hospital base guillermo almenara irigoyen,,0.8918261528015137,
social statistics,social statistics and demography,,0.9297186136245728,
environmental science and analytical chemistry,chemical and environmental science,,0.9612635374069214,
quantitative methods in economics and management,quantitative methods for economics and business,,0.952067494392395,
climatic research unit,climate research,,0.7827551364898682,
cybermedia center,cyberscience center,,0.8434653878211975,
japan synchrotoron radiation research institute,japan synchrotron radiation research institute,,0.9701005220413208,
admission and leveling coordination,admission and leveling unit,,0.7267250418663025,
nuclear engineering and management,nuclear engineering,,0.8853285312652588,
mail,letters and communication,,0.809964656829834,
national cardiology ignacio chavez,medical sciences and biological dr. ignacio chavez,,0.8314633965492249,
louvain drug research institute,louvain biomolecular science and technology,,0.7782317399978638,
power electrical,electrical power,,0.9669301509857178,
"management, marketing and entrepreneurship","marketing, management and entrepreneurship",,0.9877052307128906,
planning,planning and projects,,0.9277100563049316,
d-mavt,dmavt,,0.9044744968414307,
irc,ircm,,0.8449608087539673,
"learning, informatics, management and ethics","learning, informatics, management and ethics lime",,0.9710859060287476,
etna observatory,astronomical observatory,,0.6226305961608887,
school food,school nutrition,,0.9203677177429199,
laboratory of microbiology,laboratory of medical microbiology,,0.9743949174880981,
electrical engineering,electrical engineering.,,0.9945762157440186,
nutrition and food safety,food safety and nutrition,,0.9887555837631226,
law and security studies,criminology and security studies,,0.8699414730072021,
instruments and singing,music,,0.8550960421562195,
simons theory of computing,theoretical computer science,simon business,0.7376841306686401,0.6324122548103333
graduate program in education ppgedu,graduate program in education - ppgedu,,0.9914011359214783,
"lima, callao",lima callao,,0.9531397819519043,
municipal secretary of culture,culture secretary,,0.8055092692375183,
infn section of catania,infn section of rome i,,0.7909249663352966,
niroo research institute,research institute,,0.7458688616752625,
middle and far east,east asia studies,,0.7432775497436523,
commerce school,business school,,0.8076876401901245,
esfm,fm,,0.8359982371330261,
veterinary medicine and public health,veterinary public health,,0.9416593909263611,
electronic and electric engineering,electric & electronic engineering,,0.9874554872512817,
water resources management and agrometeorology,hydrology and water resources management,,0.848746657371521,
applied health science,applied health sciences,,0.9731704592704773,
reading,read inc,,0.8200592994689941,
feeding,fed,,0.8848767280578613,
post graduate program in veterinary science,graduate program in veterinary science,,0.9682648777961731,
instrumentation and automation,automation and instrumentation,,0.9706792831420898,
california professional psychology,professional psychology,,0.8302066922187805,
outside,landscape,,0.7922598719596863,
solar research,solar physics,,0.8228585720062256,
deans office,dean's office,,0.9268297553062439,
it convergence engineering,convergence it engineering,,0.9262124300003052,
graduate program in bioethics,bioethics program,,0.8318345546722412,
health services academy,health professions education,,0.803130030632019,
division of agronomy,agronomy division,,0.9042530059814453,
"philosophy, letters and education sciences.","philosophy, letters and education sciences",,0.9969689846038818,
"music, theatre & dance","music, theatre and dance",,0.9962738156318665,
catholic academy in warsaw,warsaw medical academy,,0.7198917269706726,
protein science,protein sciences,,0.9817907810211182,
school health sciences,health sciences school,,0.9758918285369873,
oceanography and geography,geography and oceanography,,0.9726240634918213,
uc syd,ucn,,0.8707462549209595,
state key laboratory of high field laser physics,state key laboratory of infrared physics,,0.8662975430488586,
pgeha,ppgea,,0.8240947723388672,
vaccine development,vaccine process development,,0.931688666343689,
asset management,financial management,,0.7954380512237549,
medpace united states,asml united states,,0.8062047958374023,
ultrasound medicine,ultrasound medicine department,,0.9098277688026428,
central school marseille,lille central school,,0.8717656135559082,
clinical pharmacology & pharmacometrics,clinical pharmacology and pharmacometrics,,0.9969730973243713,
haskins laboratories inc,haskins laboratories,,0.9716567993164062,
medical microbiology & immunology,medical microbiology and immunology,,0.9978858828544617,
economic and administration,administration and economic,,0.967444896697998,
basic and clinical sciences,basic and biomedical sciences,,0.9531576037406921,
obstetrics and gynaecology department,obstetrics and gynecology department,,0.9635586738586426,
macromolecular crystallography unit,macromolecular crystallography,crystallography and mineralogy,0.9373043179512024,0.7094159722328186
planejamento urbano e regional,instituto de planejamento urbano e regional,,0.8472908735275269,
class,teaching class,,0.8914330005645752,
"aggeu magalhães research center, oswaldo cruz foundation",aggeu magalhães research center,,0.897284984588623,
child and adolescent health,health of children and adolescents,,0.9577592015266418,
history and philosophy department,historical-philological faculty,historical and pedagogical faculty,0.8615289330482483,0.8133273124694824
front office,front desk,,0.9076733589172363,
structural research,structural studies,,0.9188634157180786,
teaching english as a foreign language,teaching english as a second language,,0.9738249778747559,
fraunhofer applied solid state physics,kirchhoff physics,,0.8230391144752502,
production area,production operations,,0.9166616201400757,
mpa-11: materials synthesis and integrated devices,mpa-11,,0.7422789931297302,
neurosurgery service,neurosurgery,,0.9362363219261169,
regulatory interaction and multi-level governance,regulatory affairs,,0.8154411315917969,
southern health nhs foundation trust,south tees hospitals nhs foundation trust,,0.912104070186615,
digital communications,digital communication,and communications signals,0.9880253076553345,0.8027044534683228
mathematics and statistic,mathematics and statistics,,0.9856675863265991,
anthropological survey of india,archaeological survey of india,,0.9225363731384277,
sciences - physics,"sciences, physics",,0.9873681664466858,
civil engineering and natural resources,civil engineering and earth resources,,0.9689087867736816,
"internal medicine, physical rehabilitation and sports medicine",physical and rehabilitation medicine,,0.9190689921379089,
pennsylvania water science center,water science center,,0.8118041753768921,
centre for chronic disease control,centre for infectious diseases,,0.8811320662498474,
"communications, media and design",media and communications,,0.8696414828300476,
dental technology,dental sciences,,0.8780251741409302,
meat science,meat science and technology,,0.9118249416351318,
l&#39;oréal france,acts france,,0.8033760786056519,
math and computer science,math & computer science,,0.9968912601470947,
public policy research institute,public policy institute,development studies institute,0.9674738049507141,0.7194423675537109
fae,education - fae,,0.7778913378715515,
technological superhard and novel carbon materials,advanced materials and technologies,,0.8225254416465759,
sciences and technologies,sciences and technology,,0.986572265625,
measurement science and technology,measurement technology,,0.9249045848846436,
saint petersburg informatics and automation,saint petersburg state technology,,0.813787043094635,
"chemistry, botany and zoology","chemistry, botany, zoology",,0.9954186081886292,
post graduate program in animal science,graduate program in animal science,,0.9616974592208862,
psychology/sociology,sociology/psychology,,0.9911459684371948,
law and forensic science,criminal and forensic sciences,,0.8925617337226868,
business economics and accounting,"business, economics and accountancy",,0.9643242955207825,
ira a. fulton engineering,ira a. fulton schools of engineering,,0.9097350239753723,
basic oncology,fundamental oncology,,0.9089785814285278,
communication and sociology,communication sciences and sociology,,0.9275222420692444,
animal and aquatic sciences,animal science and aquaculture,,0.9077800512313843,
math and natural sciences,math and sciences,,0.977495551109314,
clinical pharmacology,clinical pharmacology and pharmacotherapy,,0.9642809629440308,
eastern technology,"eastern technology, ningbo",,0.8373223543167114,
graduate school for health sciences,graduate health sciences,,0.9470323324203491,
systematics and evolution of animals,animal ecology & systematics,,0.9018430709838867,
educational science and technology,education science and technology,,0.9765933752059937,
wheels,cogs,,0.729358434677124,
"drug delivery, disposition and dynamics",drug development,,0.7440035343170166,
m.phil,ph.d,,0.8171629309654236,
"physical therapy, health sciences","health sciences, physical therapy",,0.9916086196899414,
records management,records and archives management,,0.9311890602111816,
geological service of italy,rina services italy,,0.7306301593780518,
optics and optometry,optics and optometry and vision sciences,,0.9326378107070923,
energy and automated systems institute,power engineering and automated systems institute,,0.9161299467086792,
engineering and agronomy,agronomic engineering,,0.9514403343200684,
plant pest and diseases,plant pests and diseases,,0.9869745969772339,
nuclear chemical engineering,nuclear engineering,,0.9451630711555481,
aquatic bioscience,aquatic biosciences,,0.9790770411491394,
epizootiology,enzymology,,0.803848147392273,
psicologia social e do trabalho,"psicologia social, do trabalho e das organizações",,0.941407322883606,
physiopathology,physiology and physiopathology,,0.9621357321739197,
network planning,network development,,0.7932573556900024,
"accounting, finance and audit- accounting and taxation","accounting, audit and taxation",,0.9609541893005371,
fluid dynamics and ship theory,fluid dynamics and thermodynamics,,0.8085043430328369,
facultad de ingeniería civil y arquitectura,facultad de ingeniería civil y ambiental,,0.9497950077056885,
industrial engineering and engineering management,industrial engineering and management,,0.9853469133377075,
bouches du rhône,bouches-du-rhône,,0.9491109848022461,
cid,inesc-id,,0.848017692565918,
ultrasound imaging,ultrasound imaging division,radiophysical,0.8897347450256348,0.6441271305084229
engineering and materials science,engineering & materials science,,0.9976321458816528,
military science,military sciences,,0.9599692821502686,
limnological institute,physical culture and sports institute,,0.7922583222389221,
epidemiology department,epidemiological department,,0.9686002731323242,
quality management and patient safety,quality and patient safety,,0.9546376466751099,
commercial address,commercial area,,0.8277714252471924,
hospital militar central,hospital militar,,0.8771846294403076,
sheffield methods institute,sheffield education,london research institute,0.7678919434547424,0.6369587779045105
tokamak department,tokamak,,0.880918025970459,
laboratory medicine,laboratory medicine and medical sciences,,0.9461362361907959,
nethersole nursing,nursing,,0.7142289280891418,
nidcr,nidcd,,0.8815392255783081,
common subjects,general subjects,,0.8675669431686401,
mchd,dvm,,0.7506698369979858,
media and communication studies,media & communication studies,,0.9963868856430054,
quantitative methods in economics and management,quantitative methods for economics and business,,0.952067494392395,
education secretariat of montería,nariño departmental education secretariat,,0.8138386011123657,
international management development,international management,,0.9076078534126282,
central midwest water science center,upper midwest water science center,,0.9493229985237122,
culture and arts,arts and culture,,0.9886077642440796,
laboratory for mechanics of materials and nanostructures,laboratory of nanobiotechnology,,0.8614598512649536,
computation,computational methods,,0.9117119312286377,
graduate agriculture and life sciences,graduate agricultural and life sciences,,0.9941708445549011,
jindal liberal arts and humanities,liberal arts and humanities,,0.9195715188980103,
company hospital sant'andrea,irccs san raffaele hospital,,0.8110657334327698,
emergency and critical care medicine,emergency medicine and critical care,,0.9884681105613708,
more,and,,0.8076295852661133,
dental clinics,dental clinic,,0.9676153659820557,
structures and construction,construction and structures,,0.9673930406570435,
nervous system diseases,nervous diseases,,0.9724783897399902,
pg paud,pgpaud,,0.9478436708450317,
data science and business analytics,data science and analytics,,0.9329211711883545,
national parks of colombia,south american sa colombia,,0.8003275990486145,
"philosophy, contemporary history and political science",philosophy and social sciences,,0.8866708278656006,
"energy, geoscience, infrastructure and society","civil, environmental, and geo-engineering",,0.841768741607666,
self,themselves,,0.7883404493331909,
unae,oei,,0.8026836514472961,
educational administration and planning,educational planning and administration,,0.9905363321304321,
xijing hospital,beijing hospital,,0.9715265035629272,
"economic history, institutions, politics and world economy",economic history and institutions,,0.9215836524963379,
shenzhen children's hospital,shenzhen people's hospital,,0.9306061267852783,
instituto federal de educação ciência e tecnologia do sudeste de minas gerais,"instituto federal de educação, ciência e tecnologia do sudeste de minas gerais",,0.9919940829277039,
degree in biomedicine,bachelor's degree in biomedicine,,0.9468865394592285,
engineering and projects,projects and engineering,,0.982352077960968,
laboratory of plant biotechnology,laboratory of plant physiology,,0.9571084976196289,
psychology & biology,psychology and biology,,0.9958273768424988,
biology and computer science,"biology, computer science",,0.9930161237716675,
medicine-cardiology,medicine/cardiology,,0.9862853288650513,
aerospace engineering department,aeronautical engineering department,,0.9723107814788818,
sculpture,sculpture department,,0.8630473017692566,
dagestan state medical academy,astrakhan state medical academy,,0.8801430463790894,
environmental physiology,environmental biochemistry,,0.884695291519165,
"national polytechnic institute, national medicine and homeopathy","national polytechnic institute, national biological sciences",,0.8766312003135681,
stability,reliability,,0.8077021837234497,
social sciences - political science,"social sciences, political science",,0.9885019659996033,
outreach,community outreach,,0.8364405632019043,
sk hynix inc,sk hynix,,0.9099231958389282,
"pediatrics, neonatology",pediatrics and neonatology,,0.995800256729126,
princeton international and regional studies,princeton public and international affairs,,0.8313301801681519,
shanghai advanced finance,shanghai advanced study,,0.7967764139175415,
"economic, administrative and commerce",economic and administrative,,0.9229788184165955,
center for theoretical physics of complex systems,center for theoretical physics,,0.9336409568786621,
architecture & civil engineering,architecture and civil engineering,,0.9977738857269287,
foundation training,academic foundation programme,,0.7846443057060242,
integrated sciences,integrated science,,0.9343684911727905,
"area studies, sociology, history, politics and literature","area studies, history, politics and literature","history, sociology",0.977361798286438,0.8366091847419739
immaculate conception educational institution,immaculate conception school,,0.89827960729599,
"gastroenterology, hepatology and infectious diseases","gastroenterology, hepatology, infectious diseases and endocrinology","gastroenterology, hepatology, nutritional disorders and pediatrics",0.96327805519104,0.9022404551506042
uncisal,unc,,0.8481607437133789,
instituto federal de educação ciência e tecnologia do espírito santo,"instituto federal de educação, ciência e tecnologia do espírito santo",,0.9918408393859863,
economics and social development,economic and social development,,0.9422231316566467,
quality assurance,quality assurement,,0.9822192192077637,
social sciences arts and humanities,"social sciences, arts and humanities",,0.9805899262428284,
water quality and resource management,water management,,0.915989875793457,
"structure of matter, thermal and electronic physical",structure of matter,,0.8892065286636353,
coloproctologia,coloproctology,,0.938758909702301,
common core,core subjects,,0.7973189353942871,
hunan technology,hunan science and technology,,0.892001748085022,
uti neonatal,uti neonatal pediatric,,0.9390683770179749,
minister office,minister's office,,0.97166907787323,
urologic sciences,urology,,0.9315388202667236,
aws,ey,,0.8410674333572388,
ppgi,ppgpi,,0.8977726697921753,
vib-ku leuven center for microbiology,vib-ku leuven center for cancer biology,,0.8874079585075378,
forest and nature conservation policy group,forest and nature conservation policy,,0.8742294311523438,
physical design,design,,0.8621326684951782,
cipe,ci,,0.8093204498291016,
hamk edu research unit,research unit,,0.7731398940086365,
international politics and diplomacy,international relations and politics,,0.9648492336273193,
archiv,archive,,0.9210425615310669,
psiquiatría y salud mental,psiquiatria y salud mental,,0.9828631281852722,
hospital san josé,san juan de dios hospital,,0.8734517097473145,
mechanical & electronic engineering,mechanical and electronic engineering,,0.996688961982727,
centre for functional ecology,functional ecology center,,0.9533511996269226,
postgraduate humanities and social sciences,social sciences and humanities,,0.9102346897125244,
competition law,commercial law,inns of court law,0.8072147965431213,0.6734582185745239
global sustainability institute,sustainability institute,centre for environmental strategy,0.9123891592025757,0.6974204778671265
fensg,ppgenf,,0.8330804109573364,
"mechanical, aerospace and biomedical engineering","mechanical, aerospace, and biomedical engineering",,0.9969935417175293,
physics research department,physics department,,0.9417939782142639,
"ecology, forestry and horticulture- ecology and environmental protection","ecology, forestry and horticulture- forestry and horticulture",,0.9143410921096802,
deaprtment of physics,physics depatment,,0.845085620880127,
faculté de psychologie et des sciences de l'education,faculté des sciences psychologiques et de l'éducation,,0.9640517234802246,
faeng,feng,,0.8894737958908081,
"biostatistics, epidemiology and population health","biostatistics, epidemiology, and population health",,0.9954525232315063,
"mechanical, industrial & aerospace engineering","mechanical, industrial and aerospace engineering",,0.9962467551231384,
tropical health,tropical medicine,,0.8479493856430054,
information akademi,information studies,,0.7325773239135742,
unifesspa,unifeso,,0.8545771837234497,
economics education,economics and education,,0.9563323259353638,
library & information center,library and information center,,0.9968026876449585,
intel corp,intel corporation,,0.8976105451583862,
instituto federal de são paulo,federal são paulo,,0.9295844435691833,
humanities campus iv,humanities - campus v,,0.9270102381706238,
sutran,unasam,,0.7261683940887451,
chemical san carlos,chemical sao carlos,,0.9208739399909973,
cybersecurity lab,information technology laboratory,,0.7787121534347534,
particles and accelerators,particle physics,,0.8441314101219177,
biostatistics and health informatics,biostatistics & health informatics,,0.9971984624862671,
individual sports,sport games,,0.8777616024017334,
cooperative research,cooperative studies,,0.934417724609375,
cseai&ml,cse ai&ml,m.p.c,0.9346185326576233,0.6482451558113098
health and physical education,health & physical education,,0.9973940849304199,
derby business school,aston business school,,0.7522246241569519,
leisure and tourism,tourism and leisure,,0.9759677648544312,
hampshire hospitals nhs foundation trust,buckinghamshire healthcare nhs trust,,0.8796988725662231,
nihr clinical research facility,nihr clinical research network,clinical sciences centre,0.8701953291893005,0.816802442073822
sheffield centre for health and related research,sheffield translational neuroscience,clinical sciences centre,0.8113855123519897,0.6867450475692749
deparment of pharmacy,departement of pharmacy,,0.9441229104995728,
hydrology and meteorology,meteorology and hydrology,,0.9698269367218018,
pedagogy school,pedagogical school,,0.9636905193328857,
multidisciplinary rehabilitation and health,health and rehabilitation,,0.886154055595398,
psychology section,psychology area,psychology and women's studies,0.92741858959198,0.8089940547943115
cedoc,cedep,,0.8069484829902649,
chemical analysis laboratory,analytical chemistry laboratory,,0.9672501087188721,
old story,old history,,0.8311421871185303,
system analysis and management,systems analysis,,0.9295476078987122,
industrial eng,industrial eng.,,0.9683303833007812,
modern german literature,german literature,,0.9210529327392578,
"public health, health policy and management",public health policy and management,,0.981346070766449,
services medical sciences,medical & health sciences,,0.945486307144165,
"literary, linguistic and comparative studies","literary, philological and linguistic studies",,0.9338175654411316,
academic unit of geography,geography education,,0.8402199745178223,
chemical and biochemical engineering department,chemical and biological engineering department,,0.9833491444587708,
queen square neurology,ucl queen square neurology,,0.8954775929450989,
medicine with division of dentistry in zabrze,medical medical-dental branch in zabrze,,0.9216105937957764,
"brazilian education, development and research","brazilian education, development and research idp",brazilian institute graduate and extension,0.9591771364212036,0.8307183980941772
ucayali,andahuaylas,,0.7851089239120483,
"nursing, medicine",nursing and medicine,,0.9945535063743591,
foreign languages unit,foreign language department,,0.899549126625061,
physiotherapy and occupational therapy faculty,physiotherapy department and occupational therapy,,0.8799290657043457,
financial administration and accounting,financial management and accounting,,0.9466003179550171,
social science and humanities,social science & humanities,,0.9965898394584656,
hydroecology and water protection,water resources management,,0.8366899490356445,
letters neolatinas,neolatinas,,0.8622949123382568,
informationswissenschaften,sozialwissenschaften fachbereich,,0.8649420142173767,
maritime transportation and management engineering,maritime transportation management engineering,,0.9849503636360168,
virus reference department,virus research,,0.6841121912002563,
creda,umecit,,0.7250720262527466,
secretaria de assistencia social,secretaria de desenvolvimento social,,0.9055234789848328,
mathematical education,mathematics education,,0.9925400018692017,
bioagricultural sciences,agrobiological sciences,national agrobiological sciences,0.9603540897369385,0.8832382559776306
behavioral and cognitive neuroscience,cognitive and behavioral neuroscience,cognitive and neural systems,0.9797110557556152,0.8020802736282349
chile,professional chile,,0.8471648693084717,
radilogy,bilogy,,0.9505058526992798,
aihc and archaeology,aihc & archaeology,,0.9851763844490051,
conisma,ismn,,0.8176305294036865,
doctoral earth sciences,doctoral environmental sciences,,0.8676319122314453,
ppgeq,ppgq,,0.9459611773490906,
pure and applied physics,pure & applied physics,,0.9791581630706787,
a.o. kovalevsky biology of southern seas,v.s. sobolev geology and mineralogy,,0.7370140552520752,
physics dept,physics dept.,,0.9614711403846741,
evidence generation,evidence,data processing technology,0.8878598213195801,0.6156938076019287
crop production ecology,crop genetics and breeding,,0.8278506994247437,
islamic educational early childhood,islamic early childhood education,,0.9901737570762634,
doms,als,,0.7491859793663025,
ilmul advia,ilmul advia pharmacology,,0.7422281503677368,
chemical and engineering,chemical and chemical engineering,,0.982042670249939,
mental health research institute,mental health institute,,0.9337624311447144,
health directorate,directorate of health,,0.9499595165252686,
center for studies in physics and biology,center for theoretical biological physics,,0.9048012495040894,
molecular oncology and immunology,immunology and oncology,,0.9474542140960693,
ecology and hidrology,ecology and zoology,biology-geology,0.8856921195983887,0.7985515594482422
biological and agricultural engineering department,agricultural and biological engineering department,,0.9800710678100586,
nuffield clinical neurosciences,nuffield clinical neuroscience,,0.9390462636947632,
jizzakh polytechnical institute,jizzakh polytechnic institute,,0.9875808954238892,
geriatrics and palliative medicine,geriatrics and palliative care,,0.9727949500083923,
physiology and medicine,"physiology, medicine",,0.9937434196472168,
cesem,cese,,0.8773669004440308,
chemical research institute,chemical institute,,0.9672369956970215,
ac camargo hospital,accamargo cancer center,,0.8293412923812866,
fisheries and life science,fisheries and life sciences,,0.9881666898727417,
"samsung electronics co., ltd.",samsung electronics,,0.9066241979598999,
center for astrophysics harvard & smithsonian,center for astrophysics | harvard & smithsonian,,0.9823338389396667,
cseaiml,cse-aiml,m.p.c,0.9277940988540649,0.6553694009780884
general cardiology,cardiology,,0.9168605208396912,
technical / vocational course,vocational technical education,,0.9301978349685669,
processing and food engineering,food processing and engineering,,0.989837646484375,
aeronautical sciences,aeronautical science,,0.9732363224029541,
advanced medical and dental institute,advanced medical and dental institute amdi,,0.8918102979660034,
mathematical and computing sciences - icmc,mathematical sciences and computing icmc,,0.9808560609817505,
computer science & software engineering,computer science and software engineering,,0.9964562654495239,
philosophy and cognitive science,philosophy and social science,,0.9347188472747803,
cross-cultural and regional studies,intercultural studies,,0.8921366930007935,
santhiram pharmacy,krupanidhi pharmacy,vijayanagar medical sciences,0.849788248538971,0.6433100700378418
cancer research uk beatson institute,cancer research uk,,0.8282290101051331,
genomic regulatory center,centre for genomic regulation,,0.8891549110412598,
national metal and materials technology center,national electronics and computer technology center,,0.8047904372215271,
centre for teacher education,center for teacher education,,0.9786882400512695,
ciqus,csic,,0.782067060470581,
city of hope,beckman research city of hope,,0.7513444423675537,
laboratory jean kuntzmann,laboratory jean perrin,,0.8057041168212891,
"ministry of health, social services and equality","ministry of health, consumption and welfare",,0.8660093545913696,
invasion ecology,evolutionary ecology,,0.6873521208763123,
"danish education - educational sociology, emdrup","danish education - educational anthropology, emdrup",,0.976373553276062,
national laboratory science and bioethanol technology,national laboratory biosciences,,0.7759517431259155,
ctic,imes,,0.7826801538467407,
departamento de desarrollo social,desarrollo social,,0.888787031173706,
butler music,music,,0.7827144861221313,
translational science,translational sciences,research biological sciences,0.9754519462585449,0.794354259967804
advanced studies in education,advanced education,,0.8998075127601624,
east african library and information science,library and information science,,0.8017652034759521,
power and aeronautical engineering,power and mechanical engineering,,0.8920915126800537,
mechanics and mathematics,mechanics & mathematics,,0.9959216117858887,
fiscal affairs department,finance department,government and foreign affairs,0.8596551418304443,0.6360740661621094
digitization department,digitalization department,,0.9271186590194702,
parul pharmacy and research,parul pharmacy,,0.8343589305877686,
prehistoric and historical archaeology,prehistory and historical archaeology,,0.9820850491523743,
foods and nutrition,foods & nutrition,,0.9955264329910278,
centre for environmental and renewable energy solutions,centre for energy and environment,centre for environmental strategy,0.9074220657348633,0.8473722338676453
chinese and history,chinese history and culture,,0.9756718873977661,
defense preparedness,defense and security,,0.8535263538360596,
computing and technology,computing & technology,,0.9963393211364746,
national professorate and education,national education,,0.8338630199432373,
mechatronics and control engineering,mechatronics & control engineering,,0.9968803524971008,
physiology laboratory,physiological laboratory,,0.9683189392089844,
laboratory of parasitology,laboratory of parasitic diseases,,0.9190413355827332,
defence and strategic studies,defence & strategic studies,,0.9979164600372314,
harbin veterinary research institute,chinese academy of agricultural sciences harbin veterinary research institute,,0.9081847667694092,
indian science bangalore,samsung r&d institute india - bangalore,,0.80152428150177,
central biological and social sciences applied,human and social sciences applied,,0.885183572769165,
harvardx,harvard,,0.7367736101150513,
wood and paper science and technology,wood and paper science,,0.9367996454238892,
innovation management and entrepreneurship,entrepreneurship and innovation management,,0.979320228099823,
applied geography,geography and applied geography,,0.9263273477554321,
islamic banking,islamic banking and finance,sharia &amp; islamic economics,0.9699426293373108,0.7675884962081909
facom,facem,,0.8918837308883667,
taube jewish studies,jewish studies,,0.8814524412155151,
strategic communications,strategic communication,,0.9805439710617065,
engineering surveying and mapping,engineering and terrain mapping,,0.9240530133247375,
new psychotherapy and counselling,psychotherapy and counselling,,0.8692306876182556,
internal medicne,internal medecine,,0.957736074924469,
"biology, chemistry and geography","biology, geography and chemistry",,0.9975720643997192,
graduate convergence science and technology,graduate science and technology,,0.9589106440544128,
social science studies,social science,,0.9646649360656738,
natural history collections,natural history,,0.8269277811050415,
collective behaviour,collective behavior,,0.9963032007217407,
graduate latu sense,postgraduate - lato sensu,,0.8611162900924683,
solid-state physics laboratory,solid-state physics,,0.8423693776130676,
cangzhou central hospital,huzhou central hospital,,0.9280861020088196,
tourism and event management,tourism and events management,,0.9974358081817627,
agricultural engineering and food,agricultural and food engineering,,0.9862555265426636,
"metabolism, digestion & reproduction","metabolism, digestion and reproduction",human metabolism,0.9973437190055847,0.7118992209434509
language and communication studies,languages and communication studies,,0.9780237674713135,
crop science and biotechnology,crop science and technology,,0.9428993463516235,
"natural sciences, mathematics and statistics",natural sciences and mathematics,,0.9371685981750488,
pharmacy and optometry,pharmacy services,welsh pharmacy,0.8556796908378601,0.6980757117271423
mihajlo pupin institute,institute,,0.6801382303237915,
vib-uantwerp center for molecular neurology,vib-ku leuven center for brain & disease research,,0.8589233160018921,
"education, communication and society","education, communication & society",,0.9959704875946045,
rhode island design,staten island,,0.8023001551628113,
carnegie institution for science plant biology,carnegie institution for science,,0.8996953368186951,
airworthiness,aviation safety,,0.8198620080947876,
business management & entrepreneurship,business management and entrepreneurship,,0.9966848492622375,
agriculture and natural science,agriculture and natural sciences,,0.9896210432052612,
hospital infantil de méxico federico gómez,hospital infantil de méxico federico gomez,,0.9512503147125244,
food biochemistry,biochemistry and food chemistry,,0.9441785216331482,
australian company directors,australian business,,0.7502040863037109,
biotechonology,biotechology,,0.9503324031829834,
nust health sciences,health sciences,,0.9611811637878418,
state key laboratory of high field laser physics,state key laboratory of infrared physics,,0.8662975430488586,
institut de psychiatrie et neurosciences de paris,institut des neurosciences paris-saclay,paris-grignon national agronomic institute,0.9269924163818359,0.7204315662384033
space science department,space science division,,0.9056845903396606,
pediatrics and medicine,"pediatrics, medicine",,0.9933189153671265,
phitem,ufr phitem,,0.8404790759086609,
office of united nations high commissioner for human rights,united nations high commissioner for refugees,committee on human development,0.7774326205253601,0.5371588468551636
center for studies in physics and biology,center for theoretical biological physics,,0.9048012495040894,
ukm medical molecular biology institute umbi,ukm medical molecular biology institute,,0.8965104818344116,
under graduation,undergraduation,,0.9322453737258911,
diretoria regional de educação,coordenadoria regional de educação,,0.8852378726005554,
indra systems in,systems,,0.7843552827835083,
center of innovation and technological development in computing,computer science and technological innovation,,0.8761677742004395,
kios research and innovation center of excellence,research centre,,0.6853199005126953,
center for earthquake research and information,national earthquake information center,,0.898190975189209,
sturm law,maurer law,,0.7277340292930603,
exercise and health,health and physical activity,,0.9756802320480347,
division of global health protection,global health division,,0.8930767774581909,
uin sunan kalijaga yogyakarta,iain palangka raya,,0.8299232721328735,
"linguistics, philology and phonetics",linguistics and philology,,0.9360318183898926,
neuroscience research,neurology research,,0.9552313089370728,
business administration and engineering,business and engineering,,0.9390469789505005,
kneu,human kinetics,,0.7110587358474731,
porto hospital center,porto higher nursing,,0.8339729309082031,
graduate and postdoctoral studies,graduate studies and research,,0.945982813835144,
biophysic,biophysik,,0.9367238283157349,
graduate theological union,union theological seminary,,0.8497599363327026,
centre for demographic research,center for demographic research,,0.9746745824813843,
political and economic sciences,economic and political sciences,,0.9903506636619568,
communications ministry,communication department,,0.8047364950180054,
public companies of medellín,municipality of medellín,,0.8726614713668823,
biology/molecular biology,molecular biology,,0.9693888425827026,
kids research institute australia,children's cancer institute australia,,0.867759108543396,
ekonomi ve finans,tarim ekonomisi,,0.8489387035369873,
computer application,computer applications,,0.9558720588684082,
agricultural research for northern sweden,rise research institutes of sweden,,0.8135849237442017,
dap,inap,,0.8838996887207031,
agricultural and forestry defense of espírito santo,government of state of espírito santo,instituto cenecista de ensino superior de santo ângelo,0.7147239446640015,0.5420888066291809
"earth, environmental and resource sciences","earth, environmental and resources sciences",,0.9967814683914185,
society sciences,socias sciences,,0.9485695958137512,
max planck evolutionary biology,max planck evolutionary anthropology,max planck bioinorganic chemistry,0.9527133703231812,0.7732949256896973
telematics department,telematics,,0.9145572185516357,
talent,human talents,,0.8904695510864258,
history of christianity,christianity and history of ideas,,0.8887891173362732,
economic policy,economics and economic policy,,0.9490694403648376,
molecular oncology laboratory,laboratory of molecular oncology,,0.9287713766098022,
coordenadoria regional de educação,diretoria regional de educação,,0.8852378726005554,
hydrology and water resources,hydrology & water resources,,0.9973447322845459,
computational biology group,computational biology unit,,0.9171655178070068,
aquatic resources management,aquatic resource management,,0.9957973957061768,
managment studies,management studies,combined studies,0.9348592758178711,0.6956928372383118
physiology and pharmacology vittorio erspamer,physiology and pharmacology v. erspamer,,0.7934705018997192,
ieds,cied,,0.9109705686569214,
textile and apparel technology,textile and clothing technology,,0.9873626232147217,
brian lamb communication,lam,,0.6546646356582642,
hospital são josé,hospital de são josé,,0.9885373115539551,
cellular pathology,cell pathology,,0.9612053036689758,
"social work, education and community wellbeing","social work, care and community",,0.9286532402038574,
public policy and economic history,economics and history,,0.8976011872291565,
structure of macromolecules,macromolecular structures,structure and constituents of matter,0.9398778676986694,0.7936621904373169
memory division,memory,,0.8026752471923828,
biomechanics laboratory,biotechnology laboratory,,0.9184185266494751,
solo singing,vocal music,,0.7802718877792358,
economic informatics and cybernetics,"economic cybernetics, statistics and informatics",,0.97035813331604,
ministry of labor,ministry of labor and employment promotion,,0.8959120512008667,
dlis,dcis,gslis,0.881627082824707,0.7867153882980347
hemodialysis center,dialysis center,,0.9169629812240601,
cities,urban systems,,0.8180142641067505,
communication research center,communication research,,0.8929259777069092,
genetics research,genetic research,,0.9778718948364258,
stem cell research center,center for stem cell research,,0.9805877208709717,
academic unit of physics,academic physics,,0.9285156726837158,
bartlett school,bartlett,,0.760772705078125,
agricultural faculty,agriculture faculty,,0.9800206422805786,
graduate urban innovation,urban innovation,,0.8868330717086792,
behavioral and organizational sciences,behavioral and social sciences,,0.9212466478347778,
ritsumeikan global innovation research organization,global research institute,human informatics research institute,0.7387948036193848,0.6790506839752197
"microbiology, immunology, and cancer biology","microbiology, immunology and cancer biology",,0.9960429072380066,
national medical research,national health and medical research,,0.9611119031906128,
"didactics of experimental, social and mathematics sciences","didactics of mathematics, social sciences and experimental sciences",,0.9742077589035034,
"electrical, electronic and information engineering guglielmo marconi","electrical, electronic, and information engineering guglielmo marconi",,0.9969161748886108,
arts therapies,creative arts therapies,,0.9461061954498291,
wiso,imw,,0.7547528147697449,
pharmaceutical service,pharmaceutical services,,0.9835963249206543,
ganhobu,uiryuhakgwa,,0.7569524049758911,
leibniz research molecular pharmacology,leibniz polymer research,,0.8520727753639221,
hassan medical sciences,datta meghe medical sciences,,0.7909441590309143,
performance improvement,improvement,,0.8536948561668396,
lcc,ccl,,0.9371620416641235,
icpna,itp,,0.7556151151657104,
center for artificial intelligence,centre for artificial intelligence,,0.9801159501075745,
monitoring and evaluation,monitoring & evaluation,,0.9963041543960571,
computer and systems department,computer systems department,,0.9903515577316284,
special education and counselling,special education and rehabilitation,,0.8695074319839478,
biological sciences & bioengineering,biological sciences and bioengineering,,0.9965482950210571,
electro-optics,electro-optics and photonics,,0.9526205658912659,
fundación cardiovascular de colombia,fresenius medical care colombia,,0.8309393525123596,
system innovation,systems innovation,adaptive machine systems,0.9766092300415039,0.7296524047851562
behavioral and cognitive biology,behavioral biology,,0.9382263422012329,
oceanology. pp shirshov russian academy of sciences,"shirshov oceanology, russian academy of sciences",,0.9773739576339722,
cairns institute,cairnmillar institute,bragg institute,0.8427220582962036,0.6975057721138
research & policy,research and policy,,0.9945904612541199,
information science and policy,information science,information science and technologies,0.8848121762275696,0.8688981533050537
korea astronomy and space science institute,korea aerospace research institute,,0.8574924468994141,
"literary, philological and linguistic studies",linguistic and literary studies,,0.940222978591919,
"centre for earth, ocean and atmospheric sciences",centre for atmospheric and oceanic sciences,,0.9691634178161621,
wolfson population health,wolfson preventive medicine,,0.7891991138458252,
pythagoras,pythagoras londrina,greek,0.8341636657714844,0.6773761510848999
advanced materials research aimr,advanced materials research,,0.9499313235282898,
modena local health authority,local health authority of reggio emilia,,0.7549834847450256,
ethnic studies,intercultural studies,,0.8557361364364624,
integrated biomedical sciences,integrated biomedical science,,0.9784402847290039,
izabal,eduacion,,0.6391246318817139,
graduate program in food and nutrition,graduate program in nutrition and food,,0.9978373050689697,
remote sensing and geographic information system,remote sensing and geographic information systems,,0.9887352585792542,
mit portugal,sonae portugal,portuguese language and culture,0.8856674432754517,0.7660154104232788
social and educational sciences,educational and social sciences,,0.9899728298187256,
environmental resources management,environmental resource management,,0.9960934519767761,
vicerrectoría de investigación y proyección social,vicerrectoría research,,0.8102815747261047,
grc,grd,,0.8897590637207031,
digestive oncology,gastrointestinal oncology,,0.9059678316116333,
administrative direction,administartion,public and business administration,0.8922213315963745,0.6947745084762573
paediatrics & child health,paediatrics and child health,,0.9976276159286499,
animal science and nutrition,animal nutrition and feed science,,0.9615261554718018,
geophysics and volcanology,national geophysics and volcanology,earth and geoenvironmental sciences,0.9174963235855103,0.7783147096633911
urban planning & design,urban design & planning,,0.9985211491584778,
max delbrück center,max delbrück center for molecular medicine,,0.8333563804626465,
aerospace engineering sciences,aerospace science and engineering,,0.9771901369094849,
manangement,manegment,,0.829912006855011,
academic department,academic affairs department,,0.9571603536605835,
musculoskeletal physiotherapy,physical therapy,,0.907372236251831,
k s hegde medical academy,medical school,,0.8321524858474731,
civil and urban engineering,civil & urban engineering,,0.997490406036377,
facc,accm,,0.8701502084732056,
transfusion medicine and transplant engineering,transplantation medicine,,0.9020704030990601,
government of santa catarina,federal santa catarina,,0.8455727696418762,
pharmacognosy and herbal medicine,pharmacognosy and traditional medicine,,0.9340304732322693,
slavic philology,slavonic philology,,0.982552170753479,
biotechnology and bioprocess engineering,bioprocess and biotechnology engineering,,0.9962345361709595,
departament of genetics,dept. of genetics,molecular genetics center,0.9388500452041626,0.7035853862762451
infectious disease research,infectious disease research center,,0.9086143970489502,
chemical & materials engineering,chemical and materials engineering,,0.9975842833518982,
bariatric and metabolic surgery,bariatric surgery,,0.8910301923751831,
geoinformatics - z_gis,geoinformatics,,0.8364758491516113,
technical course,technical courses,,0.962367832660675,
paula souza center,"paula souza center, taquaritinga technology",,0.7615832090377808,
"molecular, cellular, and biomedical sciences","molecular, cellular and biomedical sciences",,0.9977089166641235,
queen's management school,queen's business school,royal postgraduate medical school,0.9305989742279053,0.6500974893569946
central research laboratories,central laboratories,,0.9553892016410828,
chemical ugo schiff,chemistry ugo schiff,,0.8725872039794922,
sta,st,,0.8906303644180298,
cultural and religious studies,"culture, religion and social studies",,0.9296098947525024,
northwest general hospital and research center,northwest medicine,,0.7727886438369751,
ccs-2,ccs-3,,0.8821771144866943,
botany & plant pathology,botany and plant pathology,,0.9964733123779297,
political science and public management,political science and public administration,,0.9453076124191284,
"creol, optics and photonics",optics and photonics creol,,0.9414530396461487,
global political studies,politics and international studies,,0.9151448607444763,
integrated circuits and optoelectronic chips,integrated circuits and electronics,,0.9161465167999268,
horticulture and forestry science,horticulture and forestry sciences,,0.9922386407852173,
labour law,labor law,,0.9578744769096375,
nishina center for accelerator-based science,high energy accelerator research organization,,0.8035802841186523,
linguistic and literary scientific faculty,linguistic and literary sciences,,0.8829294443130493,
lasalle arts,arts,,0.7594345808029175,
psycology,psyhology,,0.9646167755126953,
ieb,eeb,,0.8841246366500854,
geosolutions,solutions,engineering-economic systems,0.8857064843177795,0.6488892436027527
ccm,ccms,,0.9467781782150269,
exact and experimental sciences,exact and natural sciences,,0.9235613346099854,
d-math,math,,0.9090805053710938,
clinical medicine and therapeutics,medicine and therapeutics,,0.9376540780067444,
division of graduate studies,division of postgraduate studies,,0.9665928483009338,
"civil, mining and environmental engineering","civil, environmental and mining engineering",,0.9956117868423462,
eastern virginia medical school,virginia tech carilion medicine,,0.7804415225982666,
psicologia social e das organizações,"psicologia social, do trabalho e das organizações",,0.9717280864715576,
research and strategy,strategic research,,0.9451265335083008,
"laboratory of hydraulics, hydrology and glaciology vaw",laboratory of atmospheric chemistry,,0.763947606086731,
organic chemisty,organic chemistry i,,0.9488478899002075,
computer science and bioinformatics,bioinformatics & computational biology,,0.9513158798217773,
ufr sciences humaines et sociales,ufr lettres et sciences humaines,,0.905854344367981,
"medicine, dentistry",medicine and dentistry,,0.9963011741638184,
family medicine clinic,family clinic,,0.9610058069229126,
psychology of language,psycholinguistics,,0.906720757484436,
kazakh philology,kazakh linguistics,,0.9071469306945801,
rehabilitation research,rehabilitation science,,0.9144638776779175,
human formation,people,,0.7789578437805176,
computer engineering faculty,computer science faculty,,0.9232412576675415,
centro federal de educação tecnológica celso suckow da fonseca,centro federal de educação tecnólogica celso suckow da fonseca,,0.9941158294677734,
dnap,dap,,0.8745096921920776,
jacobs medicine,jacobs medicine and biomedical sciences,,0.9166328310966492,
automatic control and applied informatics,automatic control and computer science,,0.8950648307800293,
fmu,cmu,,0.8308579921722412,
lithuanian studies,lithuanian history,,0.8802066445350647,
"development, aging and cancer",cancer biology,,0.7486526370048523,
cesi,ceri,,0.8464481830596924,
haskayne business,bissett business,,0.7419002056121826,
medical research new zealand,landcare research new zealand,,0.8611472845077515,
nuclear theory group,nuclear physics group,,0.8926331996917725,
surveying and geoinformatics,surveying & geoinformatics,,0.9965119361877441,
biochemistry & molecular biology,biochemistry and molecular biology,,0.9962965250015259,
international vaccine institute,center for vaccine research,,0.7898710370063782,
hitachi cambridge laboratory,computing laboratory,,0.7174673080444336,
educational leadership and foundations,educational foundations and leadership,,0.9868249893188477,
architecture and computer technology,architecture and technology,,0.9332529306411743,
operations research and industrial engineering,operations research & industrial engineering,,0.9955289363861084,
"psychology, health and society",psychology and public health,,0.9120457172393799,
zaragoza logistics center,logistics department,,0.6622991561889648,
water resources research institute,water research institute,marine sciences research center,0.9686625003814697,0.709179162979126
health and social science,health and social sciences,,0.9793295860290527,
"chemical engineering, materials, and environment","chemical, environmental and materials engineering",,0.9703891277313232,
records,records management,,0.8820725083351135,
ciencias de la comunicación y trabajo social,comunicación y psicología social,,0.8583847284317017,
defence,defense,,0.956957221031189,
computer science and system engineering,computer science and systems engineering,,0.9954696297645569,
agricultural education & communication,agricultural education and communication,,0.9978501796722412,
bogota health secretariat,bogotá district health secretariat,,0.906845211982727,
fset,set,,0.8469423055648804,
cresa,ceres,,0.8332549333572388,
escola nacional de botânica tropical,embrapa centro nacional de pesquisa de mandioca e fruticultura tropical,,0.8021399974822998,
ocean systems,oceans,,0.8985339403152466,
molecular signal processing,signal processing,,0.8466606140136719,
center specializing in rehabilitation,rehabilitation center,,0.9508494138717651,
history and political theory,theory and history of political science,,0.9354065656661987,
ccu,cmu,,0.8813185691833496,
anesthesia and perioperative care,anesthesia and perioperative medicine,,0.9745165109634399,
brooks health,brookdale geriatrics and palliative medicine,,0.7259149551391602,
ericsson ab,ericsson,,0.9598308801651001,
primary care department,primary health care department,,0.9591403603553772,
cotton loved lab,orange labs rennes,,0.570264458656311,
chair of materials science,chair of materials science and nanotechnology,,0.9458811283111572,
macroeconomics,macroeconomics and economic development,,0.9406952261924744,
"computer, control, and management engineering","computer, control and management engineering",,0.9950518608093262,
bachillerato general unificado,bachillerato general,,0.909470796585083,
rajiv gandhi veterinary education and research,rajiv gandhi centre for biotechnology,,0.8153156042098999,
bioelectronics and biosensors,bioelectronics,,0.929531455039978,
economics and management school,economy and management school,,0.9874524474143982,
plastic surgery and burns treatment,plastic surgery and burns,,0.982029914855957,
npgau,ppgau,,0.8819238543510437,
social work department,social work,,0.8960050940513611,
arab academy for science technology and maritime transport - cairo campus,arab academy for science technology and maritime transport,,0.9066590070724487,
national land agency,land management,,0.7334927320480347,
physics & astronomy,physics and astronomy,,0.9955975413322449,
"education, culture and society",education and society,,0.947097659111023,
medical education development center,medical education center,,0.9574230909347534,
florida space institute,florida,,0.725059986114502,
engineering and science department,science and engineering department,,0.9885694980621338,
immunoalergologia,allergology and clinical immunology,,0.8874353766441345,
infectious diseases,infection diseases,,0.9908065795898438,
production machines and equipment,processing machinery and equipment,,0.9243016839027405,
developmental studies,development studies,,0.9532657861709595,
arts & letters,arts and letters,,0.9898474812507629,
groningen evolutionary life sciences gelifes,groningen evolutionary life sciences,,0.9382493495941162,
internal medicine and therapeutics,internal medicine and medical therapy,,0.9498677849769592,
soil science and technology,soil science,,0.9364011287689209,
"pathobiology, pharmacology and zoological medicine","medicine, microbiology and immunology",,0.8502088785171509,
wegener center for climate and global change,climate research,,0.6944237947463989,
school for business and society,business school,,0.8870550394058228,
bloco operatório central,laboratório central,,0.7620145082473755,
centre for journalism and mass communication,symbiosis centre for media and communication,,0.8142452239990234,
infectious disease control,infectious diseases and infection control,,0.9730808734893799,
national medical sciences and nutrition salvador zubiran,medical and biological sciences dr. ignacio chávez,,0.7222861051559448,
daphne cockwell nursing,daphne cockwell nursing  community services,,0.8425591588020325,
pharmaceutical sciences and health,pharmaceutical and health sciences,,0.986703634262085,
escuela superior politecnica de chimborazo,escuela superior politécnica de chimborazo escuela de medicina,,0.9072729349136353,
theory and history of pedagogy,theory and history of education,,0.9274379014968872,
health and allied professions,health and care professions,,0.9646196961402893,
vaccine discovery,vaccine research,cancer immunology and aids,0.8775970935821533,0.6593429446220398
ampere laboratory,ims laboratory,,0.8612744212150574,
national institute on minority health and health disparities,center for health disparities research,,0.7845037579536438,
medicine. rheumatology,medicine/rheumatology,,0.9894992113113403,
school sesi,school,,0.9225327968597412,
vehicle and traffic engineering,automotive and traffic engineering,,0.9545530080795288,
sd,dh,,0.880137026309967,
mathematical statistics,mathematics statistics,,0.9907854795455933,
specialization in clinical psychology,clinical psychology and psychotherapy,,0.9286109209060669,
leibniz centre for general linguistics,leibniz-centre general linguistics,,0.9658298492431641,
nephrology unit,nephrology department,,0.8943888545036316,
icade,esade,,0.6727741956710815,
electronic and automatic,automatic and electronic,,0.970733106136322,
applied business,business,,0.8022230267524719,
law and criminology,law & criminology,,0.9974511861801147,
forest products,forest product,,0.9711801409721375,
aquatic health sciences,aquatic sciences,,0.8887937664985657,
"informatics, bioengineering, robotics and systems engineering","computer science, bioengineering, robotics and systems engineering",,0.9625941514968872,
biorobotics institute,biorobotic institute,,0.9792508482933044,
risk consulting,risk management,,0.8419901132583618,
training and education sciences,education & training,,0.9226102828979492,
medicine and allied health sciences,medicine and allied medical sciences,,0.9908708930015564,
geomodelling,geomatics,,0.8059236407279968,
dr. b.r. ambedkar center for biomedical research,dr. b. r. ambedkar national technology jalandhar,,0.7963241338729858,
chinese academy of agricultural sciences agricultural genomes institute at shenzhen,chinese academy of agricultural sciences,graduate chinese academy of sciences,0.9020624756813049,0.7910342216491699
hardware design,hardware engineering,industrial electronics engineering,0.8702124357223511,0.7180225849151611
graduate library & information studies,graduate library and information studies,,0.9977622032165527,
humaniora,humanities,,0.8110796213150024,
tyndall centre for climate change research,climate research,centre for environmental strategy,0.7523422837257385,0.61701500415802
biomedical engineering and biotechnology,biomedical science and engineering,,0.9738630652427673,
forestry and biodiversity,forestry and ecology,,0.9655039310455322,
nersc,ners,,0.8145202398300171,
medical laboratory analysis,medical analysis laboratory,,0.9563876390457153,
educational foundations and leadership,educational leadership and foundations,,0.9868249893188477,
electric mechanic engineering,electrical mechanics,,0.9183909893035889,
global history,world history,,0.9604606628417969,
laris,lara,lthe,0.7972794771194458,0.6372080445289612
"medicine, nursing, and health sciences","medicine, nursing and health sciences",,0.9966087341308594,
applied plant science,applied plant sciences,,0.9795286655426025,
"mechatronics, informatics and interdisciplinary studies",informatics and computer science,,0.8279954791069031,
deparment of computer science,departament of computer science,cognitive and computing sciences,0.9506018161773682,0.7672362327575684
"engineering of environment, territory and infrastructure","environment, land and infrastructure engineering",,0.8727542161941528,
slm,sls,,0.891272783279419,
urology and pediatric urology,pediatric urology,,0.8860619068145752,
kfu,urfu,,0.8034039735794067,
eidaes,idaes,,0.8421894311904907,
siemens gamesa renewable energy,renewable energy,,0.7085809707641602,
astrophysics and planetary sciences,astrophysics and planetary science,,0.9942427277565002,
centro de investigaciones y estudios superiores en antropología social occidente,centro de investigación y estudios superiores en antropología social,,0.9533511400222778,
"biomedical engineering, science and health systems","biomedical engineering, science, and health systems",,0.9972953796386719,
geomatics,technical geomatics,,0.9257023334503174,
forest engineering department,forestry engineering department,forest engineering faculty,0.984091579914093,0.8864132165908813
anaesthesiology and intensive care,anaesthesiology & intensive care,,0.997278094291687,
thermal physics,thermophysics,,0.9219045639038086,
saty,thema,,0.7654215097427368,
a.r.t.e.s. graduate school for humanities cologne,graduate humanities,,0.7569052577018738,
madrid health service,"community of madrid, madrid health service",,0.9146690368652344,
european cancer stem cell research institute,cancer research institute,clinical sciences centre,0.8129812479019165,0.7261630296707153
creative practice,creativity,,0.9268984198570251,
material management,materials management,,0.9800009727478027,
electrical enegineering,electrical enginering,,0.9476407766342163,
libraries and cultural resources,libraries and archives,,0.9001728296279907,
biotchnology,biotechnologia,,0.8748948574066162,
anesthesiologist,anesthesiology,,0.9237774610519409,
detector group,diffraction group,,0.6563642024993896,
dental surgeon,dentist surgeon,,0.9761716723442078,
cmic,cic,,0.8186466693878174,
therapy department,therapy dept.,,0.959343433380127,
microtechnique,microtechnology,,0.8993864059448242,
care and treatment,patient care,,0.9029237031936646,
moscow conservatory,moscow,,0.7122195363044739,
nuclear chemistry and technology,nuclear chemistry,,0.9348775744438171,
christian education,christian religious education,,0.9705466032028198,
marine chemistry,marine biochemistry,,0.9197004437446594,
islamic economic,islamic economy,,0.9765105843544006,
letters - portuguese and spanish,letters portuguese / spanish,,0.974840521812439,
daelt,deis,,0.8144150972366333,
dmmm,dmm,,0.8704988956451416,
poole management,sanitation,,0.7601357698440552,
senasa,sen,,0.7425508499145508,
languages and education,education and languages,,0.977766215801239,
educational psychology & counseling,educational psychology and counseling,,0.996912956237793,
medicien,medicince,,0.9654679298400879,
fundamental 2,fundamental,,0.8713854551315308,
egade,unade,,0.7275803089141846,
nanotechnology group,nanotechnology,,0.8701411485671997,
jožef stefan international postgraduate school,jožef stefan institute,,0.8811584115028381,
interfaculty initiative in information studies,graduate interdisciplinary information studies,human informatics research institute,0.819085955619812,0.7146407961845398
copel,asces,,0.6437540054321289,
electrical engineering & telecommunications,electrical engineering and telecommunications,,0.9975929260253906,
academic management,academic administration,,0.9058895111083984,
arctic and antarctic research institute,arctic research center,,0.9145499467849731,
electrotechnical laboratory,electrochemistry laboratory,,0.9616844654083252,
laser technologies,laser technology,,0.9851142168045044,
francisco flor educational unit,eloy alfaro educational unit,,0.7058109641075134,
civil eng. dept.,civil eng,,0.8535828590393066,
"social, cultural, and justice studies",social and cultural studies,,0.9042462110519409,
degree in physiotherapy,degree in physical therapy,,0.9587963819503784,
machanical engineering,mechanial engineering,,0.978257417678833,
center for applied genetic technologies,center for applied genomics,,0.9142029881477356,
government and political science,political science and government,,0.9833336472511292,
max planck innovation and competition,max planck research on collective goods,max planck metal research,0.7573888897895813,0.7220128774642944
"law, administration and international relations",international relations and law,,0.9097076654434204,
economics and islamic business,islamic economics and business,sharia &amp; islamic economics,0.9864141941070557,0.876022458076477
centre for public policy,centre of policy studies,,0.9103919267654419,
map centre for urban health solutions,urban health,,0.7867607474327087,
professional engineer program,professional engineering,,0.838175892829895,
agricultural and life sciences,agricultural & life sciences,,0.9969964027404785,
human health science,human and health science,,0.9862634539604187,
feg,indeg,enserg,0.7957741022109985,0.7126655578613281
health and life sciences,health & life sciences,,0.9964527487754822,
business sao paulo companies,of sao paulo economics,,0.8253377676010132,
mechanical school,mechanical engineering school,,0.9079040288925171,
higher education,iilm higher education,,0.9463589191436768,
clinical development and medical affairs,medical affairs and clinical research,,0.9273356199264526,
academic biology,professional biological sciences,,0.9006156921386719,
bio technology,bio-technology,microbial gene technology,0.993633508682251,0.8344404697418213
natural medicine,natural medicines,,0.9456227421760559,
post graduate program in education in science and math,postgraduate program in science and mathematics education,,0.9797097444534302,
pharmaceutics and social pharmacy,"pharmacology, pharmacy",,0.8826925754547119,
economic and administration,administration and economic,,0.967444896697998,
pedagogy and psychology department,psychology and pedagogy department,,0.9467566013336182,
social administration,social service administration,,0.9031395316123962,
national academy of agricultural research management,national academy of medical sciences,,0.7646013498306274,
mechanics and safety engineering,mechanics and engineering,,0.9158567190170288,
veterinary public health and hygiene department,veterinary hygiene and public health,,0.86805260181427,
multimedia and graphic arts,visual arts and visual communication design,,0.8647913932800293,
chuvash state agricultural academy,vyatka state agricultural academy,,0.9100287556648254,
school of pharmacy,academy of pharmacy,,0.8580693006515503,
gene center,genome centre,,0.8706066012382507,
earth and environmental sciences,earth & environmental sciences,,0.9981859922409058,
psychology and education department,education and psychology department,,0.9642300605773926,
catalan paleontology miquel crusafont,catalan classical archeology,,0.7151677012443542,
art and design,art & design,,0.9964898228645325,
internal medicine - pediatrics,internal medicine-pediatrics,,0.9869959950447083,
analog design,graphic design,,0.7603433728218079,
lavoisier institute versailles,inra versailles-grignon centre,,0.8356736898422241,
horticulture research institute,horticultural research institute,,0.9868907928466797,
civil engineering institute,engineering institute,,0.9272251725196838,
cañar,caja,,0.7818193435668945,
materials engineering department,material engineering department,,0.9895263314247131,
edinburgh futures institute,edinburgh business school,development studies institute,0.6604800224304199,0.6033889055252075
multiphase chemistry,supramolecular chemistry,,0.891250491142273,
dtu wind and energy systems,wind and energy systems,,0.9566147327423096,
cdb,dbb,ibls,0.9046127796173096,0.7559777498245239
virginia tech,virginia tech carilion medicine,,0.832628071308136,
chemical and bimolecular engineering,chemical and biomolecular engineering,,0.9799098968505859,
marketing and advertising program,advertising program,,0.9409706592559814,
sciences & technology,sciences and technology,,0.996839165687561,
architecture and building,achitecture,,0.9593374729156494,
plant biology,plant biological sciences,,0.9782592058181763,
ecologia humana,human ecology,,0.7747009992599487,
polish centre of mediterranean archaeology,mediterranean studies,,0.7362480163574219,
division of undergraduate education,higher education division,,0.8355181813240051,
biology and biotechnology c. darwin,biology and biotechnology charles darwin,,0.8979063034057617,
chrono-environmental lab,environmental chemistry laboratory,,0.8482412099838257,
maastricht graduate governance,graduate governance,,0.8095231652259827,
faculdade de arquitetura e urbanismo e design,faculdade de arquitetura e urbanismo e de design,,0.9977483749389648,
english as a second language,english as a foreign language,,0.9375495910644531,
"oxford centre for diabetes, endocrinology and metabolism",diabetes research centre,,0.7937703728675842,
world meteorological organization,federal office of meteorology and climatology meteoswiss,,0.759842038154602,
univem,unifg,,0.8693307638168335,
human intelligence systems,intelligent systems,,0.9035948514938354,
information and library science,information & library science,,0.9969620108604431,
international livestock research institute,agricultural research institute,,0.8217118978500366,
good jesus ielusc,good jesus group,,0.7887011766433716,
chemistry & biochemistry department,chemistry and biochemistry department,,0.9970253705978394,
"biochemistry, biotechnology and bioinformatics",biochemistry and bioinformatics,,0.9808006286621094,
nipgr,uips,,0.827888011932373,
water management,watermanagement,,0.986398458480835,
simmons cancer center,simmons comprehensive cancer center,,0.9674125909805298,
distance education application and research center,distance education center,,0.8909828662872314,
"biology, biophysics",biophysics,,0.9594684839248657,
mes,nes,,0.8897155523300171,
accounting and audit,accounting and auditing,,0.9830052852630615,
physics and technology faculty,physics faculty,,0.9329928755760193,
centre for interdisciplinary research,center for interdisciplinary research,global research center,0.9767723083496094,0.821694016456604
interior architecture and design,interior architecture design,,0.9849246740341187,
science and engineering of oxide materials and nanomaterials,materials science and engineering,,0.8888105750083923,
escuela técnica superior de ingeniería industrial,escuela técnica superior de ingeniería y diseño industrial,,0.982844889163971,
chemistry and technology of materials,chemistry and technology,,0.9581276178359985,
applied and creative arts,creative arts,,0.9228059649467468,
faesa,fa,,0.8430442810058594,
education and art,art and education,"english, media studies and art history",0.9914354681968689,0.7857285737991333
integrated health center,integrated health institute,,0.8826054334640503,
center for reproductive medicine,center of reproductive medicine,,0.9869226813316345,
royal australian and new zealand radiologists,royal australian and new zealand ophthalmologists,,0.8333225846290588,
communication studies and journalism,journalism and communication studies,,0.9602597951889038,
kazım karabekir education,hasan ali yücel education,,0.875379741191864,
nursing program,nursing study program,,0.8852958679199219,
rheumatology clinic,rheumatology,,0.9129090309143066,
shanghai pharmaceutical industry,xiangya pharmaceutical sciences,,0.7997591495513916,
human factors research group,research group,,0.858893871307373,
cesar school,school,,0.7738025188446045,
vascular biology,vascular cell biology,,0.9366394281387329,
ncezid,niaid,,0.7933050394058228,
energy and resources institute,energy research centre,,0.763435959815979,
molecular department,dept. of molecular medicine,molecular medical sciences,0.886474609375,0.8366382122039795
national fisheries engineering,fisheries engineering,,0.8167624473571777,
modern physics,of physics,,0.8823115229606628,
engineering and computing center,engineering center,,0.9108839631080627,
production animal studies,animal production institute,,0.7974845170974731,
basic medicine and clinical pharmacy,basic medicine,,0.8610473871231079,
host-microbe interactions,host microbe interactions,,0.9506616592407227,
postgraduate science,post graduate science,,0.9686480164527893,
research & innovation center,research and innovation center,,0.9968627095222473,
hotel management & tourism,hotel management and tourism,,0.9969942569732666,
general comptroller of municipality,attorney general of municipality,,0.7570539712905884,
hydrogen energy systems,energy systems,,0.7931106090545654,
bogomoletz physiology national academy of sciences of ukraine,national academy of sciences of ukraine,,0.8906478881835938,
digital media lab,digital humanities lab,,0.8968132138252258,
chemistry and materials science,chemistry & materials science,,0.9968754649162292,
centre for blue governance,centre for public policy,management centre,0.6283032894134521,0.5548758506774902
mathematical information technology,mathematics and computer science,,0.8870272636413574,
urban health,municipal health,,0.8197958469390869,
pedagogy and methodology of primary education,pedagogy and primary education,,0.9574289321899414,
general training department,training department,training course for officers,0.901473879814148,0.7305917739868164
wording,speech and language,,0.8492743968963623,
blogger,post,,0.7458932399749756,
nautical,maritime,,0.8738976716995239,
tel aviv sourasky medical center,sheba medical center at tel hashomer,,0.725638747215271,
pharmaceutical and administrative sciences,pharmaceutical and biomedical sciences,,0.904606282711029,
ufjf,ufsj,,0.7669589519500732,
ruralia institute,rural studies,,0.7809646725654602,
glaciology and climate,glaciology,,0.894000768661499,
"saint-petersburg research ear, throat, nose and speech",st. petersburg research radiation hygiene,,0.7364436388015747,
international water management institute,water institute,,0.857986330986023,
center for devices and radiological health,center for radiological research,,0.8534528017044067,
nova sbe,nova,,0.8245524168014526,
arts academic unit,arts faculty,,0.8666083216667175,
special education studies,special education,,0.9447120428085327,
são luís education,i educacao,,0.8449819087982178,
design studio,design office,,0.8492532968521118,
computer networks and communications,computer networks,,0.9431794881820679,
protein engineering,protein science and engineering,,0.9374929666519165,
"education, health and human services","education, health, and human services",,0.9936969876289368,
economic studies,economics studies,,0.963193416595459,
financial analysis and audit,"accounting, analysis and audit",,0.9244174957275391,
environment and resource studies,resource and environmental studies,,0.9861398935317993,
contracts,contract,,0.9333570003509521,
bachelors,men,,0.6832222938537598,
"philosophy, social sciences and education",philosophy and educational sciences,"philosophy, education and psychology",0.9692279696464539,0.9292112588882446
center for cell and gene therapy,center for gene therapy,,0.947455644607544,
political systems,political sceince,,0.8705134391784668,
european public administration,public administration and management,,0.7541645765304565,
development and learning psychology,educational and developmental psychology,,0.9483212828636169,
historical and heritage studies,heritage studies,,0.9492479562759399,
"law, public law",law - public law,,0.9899188876152039,
business area,commercial area,,0.9357667565345764,
"centre for gender, power and diversity",culture and society - interacting minds centre,,0.6137669682502747,
neonatal unit,neonatal intensive care unit,,0.8984854221343994,
zoology & physiology,zoology and physiology,,0.9957690238952637,
nursing leadership,nursing and healthcare leadership,,0.9403617978096008,
wihuri research institute,niilo mäki institute,,0.7346214652061462,
lincoln law school,lincoln business school,,0.8161555528640747,
inacap,inap,,0.7761714458465576,
technical chemistry ii,technical chemistry i,,0.9274818897247314,
quantum materials and devices unit,quantum materials,,0.8735994100570679,
agricultural information technology,agriculture and technology,,0.910590410232544,
teknik electronics,electronics,,0.9366179704666138,
pharmaceutics and food technology,pharmaceutical technology,,0.9029417037963867,
collage of dentistry,dental collage,,0.9306391477584839,
pediatric anesthesiology,pediatric medicine,,0.9198148250579834,
diagnóstico oral,departamento de diagnóstico oral,,0.8585634231567383,
development research and development policy,research and policy,,0.8459866046905518,
chinese academy of agricultural sciences tea research institute,oil crops research institute chinese academy of agricultural sciences,graduate chinese academy of sciences,0.8596644401550293,0.7700459957122803
"civil, maritime and environmental engineering",civil and environmental engineering,,0.9316936135292053,
christ king school,school,,0.7094688415527344,
insper,hper,,0.8779828548431396,
ufps,ucp,,0.8044930696487427,
mathematical physicist,mathematical physics,,0.9197123050689697,
paramedical school,medicine school,,0.8300845623016357,
hubrecht institute,umc utrecht,,0.7898852825164795,
national mental health,national  mental health,,0.9914134740829468,
secretary of agriculture,agriculture secretary,,0.9437706470489502,
romano-germanic philology,roman-german philology,,0.9232479333877563,
astronomical observatory of trieste,astronomical observatory,,0.7423431873321533,
education observatory,educational institute,,0.738182783126831,
immunology genetics and pathology,"immunology, genetics and pathology",,0.9840337038040161,
omfs,mmg,,0.8268047571182251,
departement of law,departament of law,,0.9869574308395386,
office of controller of examinations,examination department,,0.7512288093566895,
atmospheric sciences and global change division,division of atmospheric sciences,,0.8684377670288086,
nuclear magnetic resonance,magnetic resonance,,0.782098650932312,
macmillan center,mcdermott center for human growth and development,,0.6518045663833618,
google brain,google deepmind,,0.8878604173660278,
biochemistry and molecular & cellular biology,biochemistry and cellular & molecular biology,"biochemistry, molecular biology and cell biology",0.9987213015556335,0.981572687625885
rutgers business school,rutgers law school,,0.8477728366851807,
hydrogeochemistry,hydrobiology,,0.8819427490234375,
"molecular, cellular & developmental biology","molecular, cellular, & developmental biology",,0.996877908706665,
analyst,research consultant,,0.7041813731193542,
marketing & communication,marketing and communication,,0.9956733584403992,
it unochapecó,unidompedro,,0.7240060567855835,
korea railroad research institute,korea transport institute,,0.8258960247039795,
infn section of pavia,infn section of padua,,0.68592369556427,
sistemas para internet,informática para internet,,0.8341408371925354,
cheriton computer science,computer science,,0.9096724987030029,
genetics & genomics,genetics and genomics,,0.9963014125823975,
"cultures, languages & linguist","cultures, languages and linguistics",,0.9793531894683838,
irccs center s giovanni di dio fatebenefratelli,irccs san raffaele pisana,,0.8226065635681152,
preventive medicine and epidemiology,epidemiology and preventive medicine,,0.9648504257202148,
lee shau kee business and administration,business and administration,,0.7541173100471497,
iaasars,geomatics,,0.5972367525100708,
persian language,persian language and literature,,0.8870264291763306,
centre for sustainable development,center for sustainable development,,0.9701849222183228,
engineering in food industries,engineering of food industries,,0.9765181541442871,
practical advanced studies,advanced studies,,0.796665608882904,
finance and economics department,economics and finance department,,0.9787251949310303,
organometallic chemistry,inorganic chemistry,,0.9430677890777588,
scottish literature,scottish history,,0.8352836966514587,
systems engineering and engineering management,system engineering and engineering management,,0.994857907295227,
mount sinai health system,mount sinai hospital,,0.9365358948707581,
biomedical engneering,biomedical engieering,,0.9234395623207092,
symbiosis centre for media and communication,symbiosis media and communication,,0.8354278206825256,
dominick p. purpura neuroscience,dept. of neuroscience,,0.6799289584159851,
bureau of economic geology,economic geology,,0.7855342030525208,
korean medicine,korea oriental medicine,,0.9371286034584045,
state key laboratory of marine geology,state key laboratory of marine environmental science,,0.9260250926017761,
oncology r&d,oncology research,cancer immunology and aids,0.9367933869361877,0.7845945358276367
cygames research,research electronic science,,0.6991814374923706,
thapar engineering and technology,thapar engineering & technology,,0.9970870018005371,
aquaculture & fisheries,aquaculture and fisheries,,0.9977836012840271,
educational futures network,education futures,,0.770048975944519,
environment and sanitation studies,environmental studies,,0.8667979836463928,
ethnology,ethnology and anthropology,,0.8825044631958008,
bionano,ifbaiano,,0.8488825559616089,
health and human science,human and health science,,0.9934418201446533,
armed forces biomedical research institute,research institute,,0.7654415369033813,
pure & applied chemistry,pure and applied chemistry,,0.988704264163971,
"biodiversity, genetics and evolution",biodiversity and evolutionary biology,biology-geology,0.9608069658279419,0.7822741270065308
mental health education center,mental health center,,0.9195467233657837,
escuela normal rural gral. matías ramos santos,benemérita normal school veracruzana enrique c. rébsamen,,0.7424894571304321,
illumina,illumina inc,lucent technologies,0.8843527436256409,0.6388898491859436
mitrani desert ecology,desert studies,,0.7107028961181641,
renewable energies,renewable energy sources,,0.9686198830604553,
st george hospital,george global health,,0.7233918905258179,
nursing and midwifery,nursing & midwifery,,0.996978759765625,
concrete,structural concrete,,0.9138863682746887,
architectural and engineering faculty,architecture and engineering faculty,,0.9888437390327454,
graduate program in applied information,graduate program in information science,,0.9275605082511902,
"molecular, cellular and developmental biology","molecular, cellular, and developmental biology",,0.997379720211029,
shanghai astronomical observatory chinese academy of sciences,shanghai astronomical observatory,,0.939764142036438,
production solutions,production technologies,,0.8635523319244385,
electrical engineeering,electrical engineeing,,0.9667935371398926,
rural and urban planning,urban and regional planning,,0.8987606167793274,
west china hospital of stomatology,west china hospital,,0.9154259562492371,
mechanical engineering and computer science,mechanical engineering and computer,,0.9689798355102539,
mathematics &amp; computer science,mathematics - computer science,,0.9675666093826294,
earth sciences institute,earth science institute,,0.979473352432251,
history and international studies,history & international studies,,0.9966168403625488,
centro de referência especializado em assistência social,centro de referência especializado de assistência social,,0.9940110445022583,
innovative clinical studies and long-term treatment consequences in cancer inclins,oncology research,,0.811805248260498,
applied mathematics and statistics,applied mathematics & statistics,,0.9960533976554871,
natural sciences - physics,"natural sciences, physics",,0.9901476502418518,
"biochemistry, cell & molecular biology","biochemistry, cell and molecular biology",,0.9968768358230591,
earth and space exploration,earth & space exploration,,0.9982547163963318,
flathead lake biological station,kellogg biological station,,0.7143673896789551,
freelance consultant,self employed consultant,,0.8655945062637329,
gdcb,gsb,,0.8753012418746948,
faculté des sciences du sport,faculté de sciences,,0.890765368938446,
i biosystem engineering,biosystem engineering,,0.9240957498550415,
pace-sd,sbcs,,0.603683352470398,
"surgical, oncological and stomatological disciplines","surgery, oncology and gastroenterology",faculty 'of medicine and surgery,0.9129531979560852,0.7994877099990845
analista,ista,,0.7450252175331116,
advisory department,advisory services,,0.8789691925048828,
royal physicians of ireland,royal surgeons in ireland medicine,,0.9099316596984863,
cryogenic engineering,cryogenic engineering centre,,0.9149682521820068,
educational administration and foundations,educational foundations and administration,,0.9770785570144653,
advanced studies in basic sciences,research in fundamental sciences,,0.9292445182800293,
furniture and decoration,furniture design,,0.883985161781311,
health sciences medicine,medical health sciences,,0.9811356067657471,
jinnah hospital,jinnah postgraduate medical center,,0.8501113653182983,
immunology center of marseille luminy,marseille-luminy immunology center,,0.9555972814559937,
photonic science and engineering,physics and photonics science,geodesy and photogrammetry engineering,0.8807374238967896,0.7626121640205383
museum of natural history,natural history museum,,0.9744671583175659,
mechanical and aeronautical,mechanics and aeronautics,,0.9673522114753723,
r&d satellite observations,earth observation science,,0.7872833609580994,
health sciences & medicine,health sciences and medicine,,0.9974989891052246,
forensic laboratory,forensic science laboratory,,0.9743523001670837,
research center for geological disaster,disaster research center,,0.8589432239532471,
ism,dbism,,0.8266831636428833,
technological and higher education hong kong,hong kong academy of medicine,,0.7340689897537231,
nursing course,technical course in nursing,,0.9058855772018433,
cinema and tv,cinema and television,,0.9944394826889038,
advanced chemical engineering,advanced materials and chemical engineering,,0.9483699798583984,
subsurface energy systems,energy systems,,0.8441422581672668,
mpy,mp,,0.8071248531341553,
information systems & technology,information systems and technology,,0.996433436870575,
international sos,international,,0.9053034782409668,
clinical education,clinical research education,,0.9215477705001831,
science museum,museum of natural sciences,,0.9116194844245911,
brewing and distilling,brewing,,0.8009822368621826,
marine and freshwater solutions,water management,,0.7561072111129761,
indeg,ag,,0.8042399883270264,
life sciences and public health,biomedical sciences and public health,,0.94996577501297,
indian management kashipur,indian management rohtak,jawaharlal post graduate medical education,0.887345552444458,0.5835226774215698
horticulture sciences,horticultural sciences,,0.9890255331993103,
international training materials science,applied materials science,,0.7750961184501648,
engineering product development pillar,engineering product development,,0.8856485486030579,
dicp,ppd,,0.8581045866012573,
tamil literature,literature and languages,,0.7018977403640747,
graduate in business administration,graduate program in business administration,,0.9575601816177368,
biomedical sciences,biomedical science,,0.982131838798523,
operational oceanography,oceanography,,0.8012946844100952,
"law, economics and administration","law, administration and economics",,0.9957982897758484,
defense,defence,,0.956957221031189,
apparel design,fashion design,,0.8758511543273926,
"sociology, anthropology, and criminal justice","sociology, anthropology and criminal justice",,0.9974079132080078,
international & public affairs,international and public affairs,,0.9953491687774658,
history of republic of turkey,central bank of republic of turkey,,0.8070484399795532,
pharmaceutical,pharmaceuticals,,0.9836059808731079,
ophthalmology and visual sciences,ophthalmology & visual sciences,,0.9967507123947144,
nephrology and dialysis unit,dialysis unit,,0.9466159343719482,
arts parana,arts,,0.821164608001709,
english and theatre studies,english and theatre,,0.905968427658081,
math coordination,math,,0.9056336879730225,
ft,fcm,,0.767055869102478,
ucl division of psychology and language sciences,division of psychology and language sciences,,0.9889419078826904,
safety assessment,safety analysis,,0.9462629556655884,
"medicine, division of rheumatology",division of rheumatology,,0.9491864442825317,
"state key laboratory of supramolecular structure and materials, chemistry",state key laboratory of supramolecular structure and materials,,0.9777724146842957,
iqs engineering,"engineering,",,0.8146731853485107,
edebiyat,hadis,,0.7732466459274292,
electronics and communications,electronics & communications,,0.9962157607078552,
interdisciplinary center for marine research and environmental,interdisciplinary center for marine and environmental research,,0.9946824908256531,
"chemistry, biotechnology and bioprocess engineering",chemical engineering and biotechnology,,0.9589186906814575,
revival,energies,,0.6269296407699585,
cornell public affairs,political science & public administration,,0.7538751363754272,
history and international relations department,history department,historical and pedagogical faculty,0.8686995506286621,0.732559084892273
emergency and disaster medicine,disaster and emergency medicine,,0.9519081115722656,
manufacturing science division,material science and technology division,,0.8943929076194763,
centre for sustainable energy technologies,centre for sustainable technologies,,0.9564208984375,
fryske akademy,academy of arts,,0.6944129467010498,
medical parasitology and infection biology,infection biology,,0.8922709226608276,
fundamental chemistry,fundamental and applied chemistry,,0.9019725322723389,
"juliaca, puno",puno - juliaca,,0.9667831659317017,
pharmacotherapy and outcomes science,pharmacotherapy and translational research,,0.8746206760406494,
machine learning lab,machine learning research,,0.9131298065185547,
molecular metabolism,metabolism,human biological chemistry and genetics,0.8711791038513184,0.672049880027771
home health,home health care,,0.9483444690704346,
interdisciplinary humanities,academic humanities,,0.9161580204963684,
religious,religion,,0.9532676935195923,
comprehensive general dentistry,comprehensive dentistry,,0.9694444537162781,
restorative dentistry,"restorative dentistry, dentistry",,0.9792206287384033,
biology and environment,biology and environmental,,0.9814304113388062,
capital market,capital markets,,0.9579745531082153,
robert m. buchan mining,mcb,,0.5886316299438477,
environmental futures research institute,environment institute,,0.8034896850585938,
southern high school,high school,galileo galilei state scientific high school,0.8535584211349487,0.6321955323219299
computer engineering and information technology,computer engineering & information technology,,0.9971721172332764,
"national geophysics and volcanology, milan section","national geophysics and volcanology, catania section",geophysics and volcanology,0.8783906102180481,0.752280592918396
transitional,transitional year,,0.8271197080612183,
international school for strangeness nuclear physics snp school 2022,12th international school for strangeness nuclear physics snp school 2023,,0.8613719940185547,
paulista law,paulist law,,0.8916817903518677,
biology and wildlife,wildlife biology,,0.9293026328086853,
digital contents,digital content,,0.92328280210495,
dartmouth–hitchcock medical center,dartmouth-hitchcock medical center,dartmouth medical school,0.9946392774581909,0.8604617118835449
estomatherapy,nursing stomatherapy,,0.8700547218322754,
"materials, chemical, and computational science",materials and science,,0.9362584352493286,
overseas education,international education,,0.9267573356628418,
quality management office,quality management department,management centre,0.9197902679443359,0.6661688685417175
"departamento de historia medieval, moderna y contemporánea","departamento de historia antigua, medieval, paleografía y diplomática",,0.9486038684844971,
language and arabic literature,arabic language & literature,,0.9877272844314575,
electronic engineering school,electromechanical engineering school,,0.9644065499305725,
center for materials technologies,materials science and materials technology,,0.8387835621833801,
sep,sept,,0.929486870765686,
malay language,malay studies,,0.7789938449859619,
electrical and electrical engineering,electrical engineering,,0.9798647165298462,
laboratory medicine & pathobiology,laboratory medicine and pathobiology,,0.9981979131698608,
biophysics and computational biology,computational biophysics,computational biology and bioinformatics,0.9475107192993164,0.9169826507568359
acoustic engineering,acoustical engineering,,0.9619709253311157,
"psychology,",psychology,,0.9784801006317139,
iip,imip,,0.9036622643470764,
federal office of public health,departement of health,,0.8522462844848633,
"economics, administration and education",economics and administration,,0.907828688621521,
doctoral study,doctoral studies,,0.9670101404190063,
shenyang engineering,xinjiang engineering,,0.8604332208633423,
centre for microbiology and environmental systems science,centre for molecular biology,,0.8113453388214111,
couple and family therapy,family therapy,,0.8477836847305298,
polar geophysical institute,geophysical institute,,0.812030553817749,
"physiology, anatomy and cell biology","anatomy, physiology and cell biology",,0.9550310373306274,
oncology referral center,cancer center,,0.8417782783508301,
physiology & biochemistry,physiology and biochemistry,,0.9967917799949646,
sanmartin,san martin de porres,,0.7988599538803101,
national neurological sciences,neurosciences,,0.8319185972213745,
acis,ac,,0.864393949508667,
"astronomy, science",astronomical science,,0.9580628871917725,
u. s. geological survey,u.s. geological survey,,0.9945831298828125,
"escuela superior de ingeniería, ciencia y tecnología",escuela superior de ingeniería y tecnología,escuela técnica superior de ingenieros aeronáuticos,0.9865477085113525,0.8945565223693848
montpellier molecular genetics institute,molecular genetics montpellier,,0.899527907371521,
agriculture mechanization,agricultural mechanization,,0.9928327202796936,
lenguas romances,romance languages,,0.7684030532836914,
transport research,transport studies,,0.9148741960525513,
english language teaching unit,english language teaching,,0.9304293394088745,
allergy/immunology,allergy and immunology,,0.9796250462532043,
accounting and taxes,accounting and tax,,0.9914900660514832,
health & biomedical sciences,health and biomedical sciences,,0.9972915649414062,
general courses department,general courses,department for intensive instruction,0.900234580039978,0.7176339626312256
mathematics and applied physics,mathematics and physics,,0.9702551364898682,
lab of molecular biology,molecular and cellular biology laboratory,,0.9534136056900024,
counseling & special education,counseling and special education,counseling and personnel services,0.9971210360527039,0.7810506820678711
cis-july,cies-july,,0.9652585387229919,
national oceanography centre,national oceanography center,,0.9736394286155701,
sponsorship,it support,,0.6552537083625793,
joint research center,joint research centre,,0.9922970533370972,
economic research,research economics,,0.9539178609848022,
building science,construction science,,0.898948609828949,
beams department,beams,,0.8801047801971436,
"international relations, political science and sociology",international relations and social sciences,,0.9309942722320557,
instituto superior tecnologico consulting group,instituto superior tecnologico consulting group ecuador,,0.8594067692756653,
puc-rio,puc,,0.8071006536483765,
technical research institute,technology research institute,,0.9547988772392273,
textiles and clothing,textiles & clothing,,0.9928258657455444,
market research,marketing and market research,,0.9354348182678223,
poi,iau,,0.7636775374412537,
cultural resource management,cultural resources,,0.8670897483825684,
maternal and child department,department maternal and child,,0.9496488571166992,
shupyk national medical academy of postgraduate education,kharkiv medical academy of postgraduate education,,0.8473291993141174,
medicines discovery institute,molecular and clinical sciences research institute,molecular medical sciences,0.8975622057914734,0.7602306604385376
engineering research institute,engineering technology research institute,human informatics research institute,0.964054524898529,0.7632239460945129
ecohydrology,ecohydrology and biogeochemistry,"ecology, ethology, and evolution",0.9047766923904419,0.7662590742111206
oncology referral center,cancer center,,0.8417782783508301,
amity architecture & planning,amity architecture and planning,,0.9966826438903809,
"genetics, bioinformatics, and computational biology","genetics, genomics and bioinformatics",biophysics and computational biology,0.946347177028656,0.8830810785293579
galician and latin philology,greek and latin philology,,0.8589891195297241,
criminology and forensic sciences,criminology and forensic science,,0.9929276704788208,
finance & accounting,finance and accounting,,0.9957841634750366,
anesthesiologist,anesthesiology,,0.9237774610519409,
spring high energy physics hepss2025,spring high energy physics hepss2024,,0.9336161017417908,
"economics, management, industrial engineering and tourism degeit","economics, management, industrial engineering and tourism",,0.9544966220855713,
computing and telecommunications,information technology and telecommunications,,0.9339986443519592,
mining and minerals engineering,mining and mineral engineering,,0.9920752048492432,
astronomical czech academy of sciences,czech academy of sciences,,0.9243154525756836,
multidisciplinary research for advanced materials,multidisciplinary research for advanced materials imram,,0.9612040519714355,
herzog august bibliothek,herzog august library,,0.9005914926528931,
ucl qatar,yazd,,0.7548873424530029,
biocemistry,biohemistry,,0.9297696352005005,
bim,imbim,,0.8884298801422119,
clinical effectiveness,clinical and health effectiveness,,0.9130293130874634,
amsterdam umc location vumc,amsterdam umc location amc,dutch cancer institute - antoni van leeuwenhoek hospital,0.9448455572128296,0.613005518913269
bio-informatics,bioinformatics,,0.9892411231994629,
communications address,communication address,,0.9847861528396606,
persian language,persian language and literature,,0.8870264291763306,
private security,corporate security,,0.7859172821044922,
national center for space studies,national center for scientific research,,0.7681243419647217,
computo,computacion and it,,0.887342095375061,
virtual engineering,computer aided engineering,,0.8328822255134583,
health services management & organisation hsmo,management in healthcare,,0.8266494274139404,
rtd,crtd,,0.8063174486160278,
discovery biology,new biology,,0.8697415590286255,
factor inwentash social work,factor-inwentash social work,,0.9430593252182007,
aeronautics & astronautics,aeronautics and astronautics,,0.9967489242553711,
is department,of department,,0.9504518508911133,
pharmacy and pharmaceutical science,pharmacy and pharmaceutical sciences,,0.9848130345344543,
christ church,church,,0.9122345447540283,
technical school,technical high school,,0.9309389591217041,
ibg-1,ibg-2,,0.9219774007797241,
danish meteorological institute,danish technological institute,,0.7947444915771484,
pharmaceutical chemistry & analysis,pharmaceutical chemistry and analysis,,0.9975192546844482,
"civil engineering, geo and environmental sciences",civil engineering and environmental sciences,,0.9651126861572266,
suerc,upe,,0.8517739772796631,
comprehensive cancer centre,comprehensive cancer center,clinical sciences centre,0.9921913743019104,0.66828453540802
information systems and business analytics,business analytics and information systems,,0.9880396723747253,
commercial engineering school,engineering and business school,,0.8772476315498352,
classics & ancient history,classics and ancient history,,0.9965496063232422,
softserve,softserve united states,,0.835132360458374,
escola superior de saúde de beja,escola superior de saúde de leiria,escola superior de enfermagem de bissaya barreto,0.8963914513587952,0.8473893404006958
eseba,eba,,0.8851079344749451,
hospital são vicente de paulo,hospital são paulo,,0.8956758379936218,
tema genus,tema,,0.81195068359375,
european global studies,european studies,,0.9220861196517944,
medicine for older people,medicine for elderly,,0.9820003509521484,
paediatric and preventive dentistry,pediatric and preventive dentistry,,0.9811837077140808,
"internal medicine, division of infectious diseases","division of infectious diseases, internal medicine",,0.9639955759048462,
drugs and medicines department,pharmaceutical department,,0.8960858583450317,
audiovisual and multimedia,audiovisual,,0.9442610144615173,
vocational justice,justice,,0.8168596029281616,
society and genetics,human genetics,human biological chemistry and genetics,0.8287696838378906,0.7095211744308472
family physician,family doctor,,0.9653419256210327,
science and research branch,science branch,,0.9480524659156799,
luxury,hospitality,lthe,0.6536769866943359,0.5350329875946045
german language and literature i,german language and literature,,0.9945473670959473,
academy of arts and design,academy of arts & design,,0.9976912140846252,
agricultural school jundiaí,jundiaí medical school,,0.8235368132591248,
centre for social medicine and community health,centre of social medicine and community health,,0.9947808980941772,
clinical trials center,clinical trial center,,0.986139178276062,
social genetic and developmental psychiatry centre,"social, genetic & developmental psychiatry centre",,0.9844220876693726,
diabetes complications and metabolism,diabetes and metabolism,,0.9573180079460144,
centro cultural colombo americano,american colombo center,,0.8230314254760742,
sunarp,retina,,0.5456920266151428,
cdib,cdi,,0.890929639339447,
chss,hss,,0.9040509462356567,
hevesy györgy phd chemistry,károly ihrig doctoral management and business,,0.6551845073699951,
"geography, environment, and geomatics","geography, environment and geomatics",,0.9969189167022705,
pythagoras londrina,pythagoras,,0.8341636657714844,
international business program,international business school,,0.8234380483627319,
hubrecht developmental biology and stem cell research,roessingh research and development,,0.7659296989440918,
renewable energy engineering,sustainable and renewable energy engineering,,0.9475215673446655,
biocomplexity institute,bioinformatics institute,,0.8231968879699707,
china communications construction company china,china telecom china,,0.8786901235580444,
"educational technology, education",education and technology,instructional systems,0.9779780507087708,0.811151385307312
audiovisual communication and advertising ii,audiovisual communication and advertising i,,0.9580204486846924,
instituto superior de entre douro e vouga,instituto superior de ciências educativas do douro,,0.8625682592391968,
mental and physical health and preventive medicine,preventive medicine and public health,,0.8718949556350708,
laboratoire lorrain de recherche en informatique et ses applications,laboratoire d'informatique pour la mécanique et les sciences de l'ingénieur,,0.8641430139541626,
physical optics,optics,,0.887825608253479,
communications and networking,communication and networking,,0.98689204454422,
chemical physics and optics,chemistry and physics,,0.9046773910522461,
behavior,human behavior,lthe,0.8869568109512329,0.6825956106185913
aerospace research centre,aerospace research center,,0.9896367788314819,
dbbs,dbb,,0.9305403232574463,
educatio,educatin,,0.9607564210891724,
local governance,local government,,0.9196470379829407,
medicine and general surgery,general medicine and surgery,,0.9797458052635193,
portuguese psychology and other sciences,portuguese studies,portuguese language and culture,0.8154835104942322,0.7413411736488342
hydraulic research,hydraulic research institute,,0.9004384279251099,
chemical & biochemical engineering,chemical and biochemical engineering,,0.9961332082748413,
monash centre for electron microscopy,centre for microscopy and microanalysis,,0.7925939559936523,
maternal and child,mother and child,,0.9400960206985474,
embrapa national center for environmental research,environmental research center,,0.8545376062393188,
commerce and managment,commerce and management,,0.9865292310714722,
oceanography and environment,oceanography and ecology,,0.9457550048828125,
"occupational, social and environmental medicine",medicine and health sciences,,0.8370479345321655,
pure and applied zoology,applied zoology,,0.8246572017669678,
idmit,dese,,0.752886176109314,
natural and formal sciences,natural and applied sciences,,0.9131808280944824,
sbcs,bsc,ibls,0.8615056872367859,0.7655147314071655
phillips academy,phillips exeter academy,,0.866406261920929,
economic entomology and pesticides,economic entomology,,0.878605842590332,
colombian family subsidy fund colsubsidio,colombian family welfare institute,,0.8210173845291138,
csail,nautical,,0.796386182308197,
bioscience and bioengineering,bioscience & bioengineering,,0.9971290826797485,
dpd,pmd,,0.8930622935295105,
civil and environmental engineering department,civil & environmental engineering department,,0.9974682927131653,
people and management,management personnel,management centre,0.9454110264778137,0.726425051689148
"science, zoology","zoology, science",,0.9568238258361816,
post graduate program,post graduate studies program,,0.9807045459747314,
electronics and control,electrical and control,,0.9512647986412048,
national bureau of agriculturally important microorganisms,national bureau of plant genetic resources,,0.794790506362915,
"medicine, immunology",medicine/immunology,,0.9730092287063599,
applied theatre,theatre arts,,0.8617948293685913,
credit suisse,bnp paribas,,0.6752322912216187,
sciences education,sciences of education,,0.9629971981048584,
serviço nacional de aprendizagem industrial,serviço nacional de aprendizagem industrial - senai,,0.9275691509246826,
colloid chemistry,physical and colloid chemistry,,0.9212291240692139,
paris observatory - meudon site,paris observatory,,0.8944995403289795,
ppcte,ppgect,,0.911372184753418,
behavioral and movement sciences,behavioural and movement sciences,,0.9798823595046997,
"brazilian education, development and research idp","brazilian education, development and research",brazilian institute graduate and extension,0.9591771364212036,0.8246673941612244
hospital de clínicas josé de san martín,san juan de dios hospital,,0.8411538600921631,
laboratory of molecular biology and endocrinology,laboratory of molecular biology,,0.9097142219543457,
agricultural information technology,agriculture and technology,,0.910590410232544,
theology and ethics,moral theology,,0.913227915763855,
future kolleg,colleg,,0.8054145574569702,
marketing division,marketing department,,0.9004924297332764,
teaching pro-rector,instructor,,0.8117572069168091,
television school,television,,0.756543755531311,
chemical science,chemical sciences,,0.971043586730957,
plantation management,plantation,,0.8768028020858765,
he,heu,,0.8769252300262451,
science office,science and engineering office,,0.9259137511253357,
"mathematics, physics and astronomy","mathematics, astronomy and physics",,0.9992446899414062,
national statistics,social statistics,,0.8309587240219116,
"developmental, molecular and chemical biology",developmental and molecular biology,,0.9731836318969727,
"biology, chemistry and geography","biology, geography and chemistry",,0.9975720643997192,
"agricultural communication, education, and leadership","agricultural leadership, education, and communication",,0.9926616549491882,
division of sleep medicine,"division of pulmonary, critical care and sleep medicine",,0.8046834468841553,
stanford law school,stanford graduate business,,0.7767626643180847,
research support office,research office,,0.9145444631576538,
social studies and communications,social sciences and communication,,0.9291999340057373,
ecology and environmental management,ecology and sustainable environmental management,,0.9800836443901062,
ccs-6: statistical sciences,statistical sciences,,0.7892234921455383,
site,ite,,0.7776833176612854,
learning technologies,learning technology,,0.9762258529663086,
graduate institute,graduate education institute,,0.9830782413482666,
m.b.a,m.b.b.s,,0.9593609571456909,
industrial education,industrial education and technology,,0.927627444267273,
biodiversity and molecular ecology,biodiversity and evolutionary biology,,0.9235190749168396,
state key laboratory of multiphase complex systems,state key laboratory of management and control for complex systems,,0.8961131572723389,
full degree in mathematics,degree in mathematics,,0.8813545107841492,
wbk production science,manufacturing science,,0.785885214805603,
nasa langley research center,langley research center,,0.8628478050231934,
oncology biomarker development,investigational cancer therapeutics,cancer immunology and aids,0.8435718417167664,0.7083251476287842
gestión social y desarrollo,desarrollo social,,0.9200907945632935,
center for data science,centre for data science,global research center,0.9783665537834167,0.7442083358764648
rabin medical center,meir medical center,,0.8261581063270569,
private dental practice,private dental clinic,,0.9374866485595703,
project board,production engineering board,,0.798671305179596,
centre for mental health,center for mental health,,0.9776397943496704,
soil and water conservation science and engineering,soil and water science,land resource science,0.8882558345794678,0.8092764019966125
profissional liberal,liberal studies,,0.8068822622299194,
landscape and plant ecology,landscape ecology,,0.9437675476074219,
computational statistics,statistical computing,,0.9366570711135864,
"sociology, anthropology, and criminal justice","sociology, anthropology and criminal justice",,0.9974079132080078,
allen brain science,allen neural dynamics,,0.8392894864082336,
cirugía de tórax y cardiovascular,cirugía cardiovascular,,0.8890262842178345,
oncology unit,medical oncology unit,,0.9710118770599365,
pathology and laboratories,pathology and laboratory,,0.983933687210083,
"arts, technology, and emerging communication","communication, culture, and technology",,0.9024509191513062,
énergie matériaux télécommunications research centre,sciences géomatiques,,0.7169500589370728,
warwick clinical trials unit,clinical trial unit,,0.8285540342330933,
1st obstetrics and gynecology,obstetrics and gynecology №1,,0.9297441840171814,
cerfead,cerag,,0.7859870195388794,
japan international research center for agricultural sciences,international research center for japanese studies,,0.8457476496696472,
statistics division,statistics unit,,0.9156359434127808,
fadir,law - fadir,,0.8061309456825256,
"pulmonary, critical care, and sleep medicine","pulmonary, critical care and sleep medicine",,0.9970132112503052,
material science & technology,material science and technology,,0.9970722198486328,
microbiology & parasitology,microbiology and parasitology,,0.9975011944770813,
biology iii,biology ii,,0.9410655498504639,
functional genomics,functional and comparative genomics,,0.9584307670593262,
public health program,public health programs,health and public affairs,0.9734046459197998,0.7993575930595398
magister pharmacy,master of pharmacy,,0.8581935167312622,
roosevelt children&#39;s orthopedic institute,roosevelt hospital,,0.7712746262550354,
microbiology & cell science,microbiology and cell science,,0.9979242086410522,
psychopedagogical,psychopedagogy,,0.9727845191955566,
commercial law,civil and commercial law,,0.9144206047058105,
chemistry technician,chemical engineer,,0.8791273236274719,
french section,french language,,0.9116815328598022,
academic support,academic support department,,0.8958317637443542,
materials and manufacturing directorate,manufacturing department,,0.833946704864502,
medical mycology,medical parasitology and mycology,,0.9257846474647522,
integrated physiology,integrative physiology,,0.8745468854904175,
visual informatics,graphic,,0.8200976848602295,
technology management and technopreneurship,technology management and business,,0.9189276695251465,
motu economic & public policy research trust,motu economic and public policy research,,0.8143032193183899,
classics and religious studies,classical studies,,0.8849668502807617,
beckman institute,beckman research institute,,0.9382485151290894,
east asian languages,east asian languages and cultures,,0.9516756534576416,
small animals,animal behavior,,0.80661541223526,
degree in humanities,graduate humanities,,0.9381847381591797,
oversight of communication,communication coordination,,0.8562186360359192,
climate studies,climate sciences,,0.9332813024520874,
heidelberg center for ibero-american studies,"spanish, portuguese and latin american studies",,0.7156969308853149,
environmental sciences and management,environmental science & management,,0.9792677164077759,
engineering department enzo ferrari,enzo ferrari engineering department,,0.9774900674819946,
computer science and biology,"computer science, biology",,0.9894905090332031,
niosh,nokia oy,,0.7673574686050415,
food and nutrition science,food science and nutrition,,0.9954728484153748,
"qingdao software, computer science and technology",computer science and software,,0.8417999148368835,
english language teaching unit,english language teaching,,0.9304293394088745,
marketing analytics,marketing and business analytics,,0.9392223954200745,
clinical bacteriology,clinical microbiology,,0.9478990435600281,
pediatric cardiology department,pediatric cardiology,,0.9551860094070435,
beijing biotechnology,"national biological sciences, beijing",,0.8854658603668213,
computing education,educational computing,,0.944846510887146,
psychobiology,psychophysiology,,0.9540398120880127,
quality assurance laboratory,quality control laboratory,,0.9540766477584839,
sports biomechanics,sport biomechanics,,0.9771323800086975,
curin,cau,,0.704095721244812,
soil science and land resources,soil science and land resource,,0.992245078086853,
"accounting, administrative and economic sciences","accounting, economic and administrative sciences",,0.9978998899459839,
translational medicine and therapeutics,translational medicine,,0.9706348776817322,
biocatalysis,technical biocatalysis,"cell, animal and population biology",0.907800555229187,0.7900118827819824
women's and children's health,women's & children's health,,0.9972261190414429,
"plant, soil, and microbial sciences","plant, soil and microbial sciences",,0.996467649936676,
sciences and technologies,sciences and technology,,0.986572265625,
statistics division,statistics unit,,0.9156359434127808,
electrical and photonics engineering,electrical and electronics engineering,,0.9376868009567261,
educational direction,educational,,0.8782972693443298,
corps of engineers,mechanical engineers,,0.839661717414856,
civil and construction engineering,civil & construction engineering,,0.9971720576286316,
navojoa unit,uabjo,,0.6464036703109741,
leibniz supercomputing centre,jülich supercomputing centre,"rwth aachen mathematics, computer science and natural sciences",0.7906858921051025,0.6456182599067688
sports and exercise science,sports & exercise science,,0.9971984624862671,
national security,national and homeland security,,0.9663925170898438,
pharmaceutical and chemical engineering,pharmaceutical engineering,,0.9560985565185547,
haslam business,business,simon business,0.7784819602966309,0.6241194605827332
iit kharagpur,indian technology kharagpur,,0.8377796411514282,
"nursing, physiotherapy and podiatry",nursing and podiatry,,0.9446460604667664,
maternal fetal medicine,maternal and fetal medicine,,0.9747327566146851,
interdisciplinary neuroscience,interdisciplinary neuroscience program,,0.9229509234428406,
public,publico,,0.8445543050765991,
culham centre for fusion energy,fusion energy,,0.7337815761566162,
datacite,databases,,0.7709177732467651,
patologia ambiental e experimental,patologia experimental e comparada,,0.8125496506690979,
surface and plasma science,plasma physics,,0.7946710586547852,
internee,athletic,,0.6983226537704468,
viticulture,viticulture & enology,,0.8860857486724854,
laboratory of genetic engineering,laboratory of genetics,,0.9584373831748962,
worcester business school,gloucestershire business school,,0.806149959564209,
ford otosan turkey,turkcell turkey,,0.783428430557251,
etri,tcad,,0.7267255187034607,
feinstein medical research,northwell health feinstein institutes for medical research,,0.8218953609466553,
instituto superior de estudios de occidente,instituto superior de ciencias de la educación del estado de méxico,,0.8370866775512695,
mathematics institute and statistics,mathematical and statistical institute,,0.9614156484603882,
cse/it,cse&it,,0.9623618125915527,
electrical engineering and computer science department,electrical and computer engineering department,,0.9788802862167358,
"sport, exercise and health",sport and health,,0.9786725640296936,
usc,asc,,0.8770531415939331,
lerner research institute,annenberg institute,,0.7347231507301331,
communication sciences,communication science,,0.9589184522628784,
media center,information media center,,0.835711658000946,
science and food technology institute,food technology institute,,0.9573792219161987,
peterborough city hospital,ashford and st peter's hospitals nhs foundation trust,saint bartholomew's hospital,0.7161252498626709,0.610144317150116
u.s. navy,us navy,,0.9668240547180176,
inserm regional delegation midi-pyrenees limousin,inserm regional delegation languedoc-roussillon,,0.7244645357131958,
philosophy and educational sciences,philosophy and education sciences,,0.9942366480827332,
agricultural science and engineering,agricultural engineering science,agricultural engineering technology,0.9800542593002319,0.8985589742660522
telecommunications and control engineering,control technology and communication engineering,,0.9549099206924438,
clearview healthcare partners,partners in health,,0.8005291223526001,
aos,esm,,0.8561540842056274,
"national council of humanities, sciences and technologies",national council for science and technology,,0.8886736035346985,
dept. of computer science & engineering,dept. of computer science and engineering,,0.9974151253700256,
"biological, chemical sciences and engineering",biological sciences and engineering,,0.959520161151886,
biomedical research center network for liver and digestive diseases,biomedical research center network,,0.8522323369979858,
esiqie,uaq,,0.8198575973510742,
humanities and education institute,humanities institute,,0.9245427846908569,
dublin advanced studies,dublin business school,,0.7741870880126953,
institut des sciences de l'évolution,institut des sciences de l'evolution,institut des sciences du végétal,0.945120632648468,0.897269606590271
health education & promotion,health education and promotion,,0.9984398484230042,
dermatology and venereology,dermatology & venereology,,0.9961321353912354,
bordeaux gradignan nuclear research centre,inria bordeaux - sud-ouest research centre,,0.8090130090713501,
internal medicine clinic,clinic of internal medicine,,0.9476563930511475,
experimental physics department,experimental physics division,,0.9284366369247437,
urban and regional planning department,city and regional planning department,,0.964726448059082,
archives and special collections,archives & special collections,,0.9974000453948975,
"medicine, medicine","medicine,",,0.9624309539794922,
psychosocial,psychological,,0.9311935305595398,
cirad montpellier-occitanie,inra montpellier centre,,0.8317479491233826,
galenic pharmacy and food technology,pharmaceutics and food technology,,0.8587247133255005,
networked and embedded systems,computer systems and networks,,0.8896760940551758,
google deepmind,google brain,data processing technology,0.8878604173660278,0.5314757823944092
studies and research,research and studies,,0.9904710650444031,
institutes of science and development,institutes of physical science and information technology,development studies institute,0.8780655264854431,0.795513927936554
benaroya research institute at virginia mason,william & mary virginia marine science,,0.6870967149734497,
national genetics,national biological sciences,,0.7628376483917236,
ncnpr,cpr,,0.7279133200645447,
periodontology and implant dentistry,"periodontology, dentistry",,0.970076322555542,
laboratoire des sciences de l'environnement marin,institut des sciences moléculaires d'orsay,,0.792338490486145,
wildlife and fisheries,fisheries & wildlife,,0.9605517387390137,
biology and health sciences,health and biological sciences,,0.9771608114242554,
agricultural sciences.,agricultural sciences,,0.9952720999717712,
health policy research center,health policy center,,0.9554656147956848,
executive leadership,leadership & management,,0.911403477191925,
preventive medical,preventive medicine,,0.9552260041236877,
gene and cell therapy,cell and gene therapy,,0.9730833768844604,
ministry of national education,ministry of education,,0.9441195726394653,
vicerrectoría research and development,vicerrectoría research and extension,,0.9238255023956299,
ep-lbd,ep-sft,,0.7552961111068726,
environmental and global health,global environmental health,population and international health,0.9386518001556396,0.7824141979217529
interdisciplinary neuroscience center valparaiso,valparaiso,,0.7755162715911865,
prosthodontic department,prosthodontics department,,0.9918825030326843,
electrical electronics,electrical and electronics,,0.9819305539131165,
ccb,ccbn,,0.9280111789703369,
engineering and mathematical sciences,engineering science and mathematics,,0.9741674661636353,
educational institute,education institute,,0.9783865809440613,
sustainable and renewable energy engineering,renewable energy engineering,,0.9475215673446655,
computer and robotics education,computer education,,0.8894252777099609,
my bottom,bod,,0.6168868541717529,
automation and control of technological processes,automation and control in technical systems,,0.962092399597168,
"physics, clinical and optometric sciences",physics & clinical & optometric sciences,,0.9873414039611816,
industrialization,industrial development,,0.9140073657035828,
zoology coordination,zoology,,0.8735629916191101,
hull business,maritime business administration,,0.7509744167327881,
craniomaxillofacial surgery,cranio-maxillofacial surgery,,0.9768799543380737,
dubai health authority,health department,,0.690277099609375,
"hematology, oncology and molecular medicine",oncology and molecular medicine,,0.9228488802909851,
adelphi real world,phi,,0.7108742594718933,
luxembourg centre for systems biomedicine lcsb,luxembourg centre for systems biomedicine,,0.9286562204360962,
research center,research centre,,0.9891122579574585,
division of computer science and engineering,division of computer science,,0.9590977430343628,
australian museum research institute,australian museum,,0.8952847719192505,
distance learning department,distance education department,,0.9580610990524292,
letters - portuguese/english,letters - portuguese and english,,0.9895241856575012,
"bioengineering, engineering","engineering, bioengineering",,0.9780771732330322,
isaac newton mathematical sciences,science and mathematics,,0.6875001192092896,
sign,signalling,,0.7207741737365723,
water science & engineering,water science and engineering,,0.9968032836914062,
medicine pediatrics,medicine - pediatrics,,0.9823877811431885,
carlo besta neurological institute foundation,casimiro mondino national neurological institute foundation,,0.779426097869873,
lanzhou physics,lanzhou chemical physics,,0.9174274206161499,
theoretical physics,theoretical physics i,,0.9894005656242371,
forlilpsi,stiima,,0.778694748878479,
endemic diseases department samuel pessoa,hospital samaritano de são paulo,,0.729084849357605,
technion – israel technology,technion israel technology,,0.9865332841873169,
"business, innovation and sustainability",business and sustainability,,0.9258112907409668,
st george's hospital medical school,st george's hospital,,0.9212098121643066,
dpag,adme,,0.8061662912368774,
penn state milton s. hershey medical center,penn state milton s hershey medical center,,0.9913867115974426,
uti,uta,,0.9219204783439636,
umecit,ecit,,0.8643622994422913,
oncology service,cancer care services,,0.9019639492034912,
chair of macroeconomics,chair of economics,,0.944821298122406,
mechanical design,mechanical and design,,0.9822397232055664,
fred hutch cancer center,fred hutchinson cancer center,,0.9317591190338135,
fisheries and aquaculture engineering,fisheries engineering,,0.9373839497566223,
magister informatika,magister sistem informasi,,0.8653960227966309,
ma in human rights,human rights,,0.9145832061767578,
merln,idm,,0.7847058773040771,
intercultural communications,intercultural communication,,0.9889890551567078,
forest,foresty,,0.9600892663002014,
translational research unit,translational research department,,0.8991271257400513,
russian,russian language,,0.9332632422447205,
advertising and marketing,marketing and advertising,,0.9917612075805664,
communication and health,health communication,health and public affairs,0.9357431530952454,0.7234886884689331
"mathematics, statistics, and computer science","mathematics, computer science, and statistics",,0.9978659749031067,
production and quality control,quality and production,,0.9184587001800537,
graduate in communication program ppgcom,postgraduate program in communication - ppgcom,,0.9424657225608826,
graduate religion and religious education,graduate religion,,0.940243124961853,
australian graduate management,graduate management,,0.8220314979553223,
leeds health sciences,heath sciences,,0.851621687412262,
national evaluation of education and training system,education and training,,0.6990563869476318,
columbia law school,columbia business school,,0.8451802730560303,
natural history,nature science,,0.8306936025619507,
higher business,high economics and business,,0.8173023462295532,
unjbg,unj,,0.8488739728927612,
information systems and technologies,information technologies and systems,,0.9977142810821533,
anthropology and human genetics,anthropology,,0.8902555704116821,
são paulo museum,city hall of são paulo,,0.7976009845733643,
multi unit,unit,,0.872622013092041,
sustainable resource management,sustainable resources management,,0.9948736429214478,
stem cell and tissue engineering,stem cell and regenerative biology,,0.9218772649765015,
production and logistics management,production management and logistics,,0.9961456060409546,
semiconductor and chemical engineering,semiconductor engineering,,0.9429211616516113,
barcelona international studies,european business school in barcelona,,0.7943729162216187,
international computer science institute,information sciences institute,,0.8317277431488037,
environment and forest resources,forestry and environmental resources,,0.9784290194511414,
learning,learning development,,0.9330284595489502,
"sustainable chemical, biological and materials engineering",sustainable engineering,,0.8963987231254578,
center for statistics,centre for statistics,,0.9786176681518555,
chemistry & environment,chemistry and environment,,0.9937683343887329,
economics & business,economics and business,,0.9943572282791138,
undp,unc,,0.8275496363639832,
turkish folklore,turkish folk literature,,0.927815318107605,
"advanced centre for treatment, research and education in cancer",advanced centre for treatment research and education in cancer,,0.9915995597839355,
built environment and energy technology,building and environmental technology,,0.9318804144859314,
film,film production,,0.916873037815094,
fish genetics and biotechnology,fish biology and genetics,,0.9442892074584961,
phychology,phycology,,0.903396725654602,
civil and transport engineering,civil and transportation engineering,,0.9932883977890015,
faculdade de direito law school,curitiba law school,,0.8534266948699951,
undergraduate department,undergraduate education department,,0.9474761486053467,
political sciences and public administration,public administration and political sciences,,0.9885396361351013,
cardiovascular & medical sciences,cardiovascular and medical sciences,,0.9971681833267212,
disteba,deib,,0.7805322408676147,
animal reproduction,animal breeding and reproduction,,0.9131002426147461,
radcliffe medicine,"medicine, radiology",,0.8565874695777893,
madras economics,economis,,0.7214264273643494,
"astrophysical, planetary and atmospheric sciences","astrophysical, planetary, and atmospheric sciences",astrophysical and planetary science,0.9945214986801147,0.948239266872406
centre for innovation in learning and teaching,centre for advancement of teaching and learning,,0.9240691661834717,
cartography and geoinformation,cartography and geoinformatics,,0.9393510222434998,
biology iii,biology ii,,0.9410655498504639,
electrical engineering and measurement technology,electrical and electronic engineering,,0.9240899085998535,
health science and technology,health science & technology,,0.9975529909133911,
cancer control and population health,"public health, epidemiology",,0.8039301633834839,
genetic and bioengineering,genetics and bioengineering,,0.9724380970001221,
history and international relations,history of international relations,,0.9663677215576172,
orthopaedic and traumatology department,orthopaedics and traumatology department,,0.9960267543792725,
neonatal,neonatalogy,,0.8551558256149292,
psychology and behavioral science,psychology and behavioural science,,0.9903175830841064,
operative dentistry,surgical dentistry,,0.9776567220687866,
plastic,plastics,,0.9209040403366089,
language and art education,language and arts education,,0.9768363237380981,
alaska center for energy and power,alaska center for conservation science,,0.7662467956542969,
neuroimaging and interventional radiology,neuroradiology,,0.8787186145782471,
computational linguistics cl,computational linguistics,,0.9848020076751709,
uclm,ucm,,0.8391908407211304,
administration and organization theory,administration and management,,0.81777024269104,
brazilian anesthesiology society,brazilian society of cardiology,,0.8555426001548767,
bc cancer agency,bc centre for disease control,,0.7404682040214539,
career and technical education,career education,,0.930959939956665,
medicine and pharmacy,medicine & pharmacy,,0.9974591732025146,
speech language pathology & audiology,speech language pathology and audiology,,0.9950214624404907,
classical philology,classical and modern philology,,0.950546383857727,
instituto politécnico de coimbra escola superior de educação de coimbra,instituto politécnico de coimbra escola superior agrária de coimbra,,0.9558990001678467,
iseg,isg,,0.7955187559127808,
centre for educational development,educational development center,,0.9649078845977783,
information and library science,information & library science,,0.9969620108604431,
portuguese lyrics,portuguese,,0.9187732934951782,
national federation of self employed & small businesses,selfemployed,,0.6207358837127686,
nsc,csc,,0.8933392763137817,
architectural technology,architecture technology,,0.993453860282898,
royal northern music,royal music,,0.8019322156906128,
division of pediatric cardiology,"pediatrics, division of cardiology",,0.9549964666366577,
turku centre for biotechnology,turku bioscience centre,,0.954755961894989,
forestry technology,forestry engineering and technology,,0.9439048767089844,
dad - architecture and design,architecture & design,,0.740191638469696,
neurosciences of alicante,cognitive neurology,,0.8409385085105896,
"veterinary medicine, agriculture",agriculture and veterinary medicine,,0.8695417046546936,
internal medicine and clinical immunology,"immunology, medicine",,0.9266257286071777,
department architecture,architectural department,,0.9222598075866699,
international relations and political studies,political studies and international relations,,0.9923816919326782,
montreal clinical research institute,montreal neurological institute,,0.8991699814796448,
agricultural and biological engineering department,biological and agricultural engineering department,,0.9800710678100586,
woodruff mechanical engineering,wood products engineering,,0.8827307820320129,
xtd-ida: xtd integrated design & assessment,integrated design,,0.7535480856895447,
dental department,dentistry department,,0.9650004506111145,
computing engineering and built environment,"computing, engineering and built environment",,0.9703911542892456,
azti-tecnalia,tecnalia,,0.8958336114883423,
acupuncture department,acupuncture,,0.8553071022033691,
northeast botany institute,botanical institute,,0.7692145109176636,
umr biogeco,biogeco,,0.8934704065322876,
visual arts & design,visual arts and design,,0.9976824522018433,
centre for aboriginal studies,centre for aboriginal economic policy research,centre for urban and regional studies,0.8551878333091736,0.7075966000556946
japanese academy of fine arts,japanese language education,,0.76966392993927,
fes acatlan,do iztacala,,0.845000147819519,
mathematical modelling,mathematical modeling,,0.9938602447509766,
"finance, economics and government",finance and economics,,0.9294429421424866,
pathophysiology department,pathological physiology department,,0.945344090461731,
surgery and integrated clinical,surgery and integrated clinic,,0.9391948580741882,
departament of nursing,nursing departament,,0.8247417211532593,
dublin technology,dublin advanced studies,,0.7389631271362305,
endocrinology and diabetology,"endocrinology, diabetology and metabolism",,0.9699609875679016,
fpt,ptd,,0.856759786605835,
health services management and policy,health services policy and management,,0.9921668767929077,
environmental engineering and energy,environment and energy engineering,,0.9882262945175171,
communication and digital media,digital media and communication,,0.9855594635009766,
electronics and informatics,electronics and informatics etro,,0.9805407524108887,
biology of reproduction,biology reproduction,,0.9617943167686462,
walsh foreign service,edmund a. walsh foreign service,,0.8598858118057251,
"rangeland, wildlife, and fisheries management","rangeland, wildlife and fisheries management",,0.9974756240844727,
water management,watermanagement,,0.986398458480835,
carrs-q,qc,,0.8290152549743652,
instituto superior de posgrado,instituto superior de postgrado,,0.9395743608474731,
business informatics and mathematics,business mathematics,,0.911083459854126,
health evidence,health studies,,0.8598031997680664,
chep,che,,0.8768132925033569,
epss,ssp,,0.9311582446098328,
senamhi,unasam,,0.7738057374954224,
lübeck experimental dermatology,experimentalphysik,,0.7844558358192444,
medicine & allied,medicine and allied,,0.9974837899208069,
corporate r&d center,corporate research & development center,,0.9637333750724792,
german language teaching,german language education,,0.9683764576911926,
china telecom,china telecom china,,0.9804196357727051,
innovative technologies in medicine and dentistry,translational research and new technologies in medicine and surgery,,0.8596194982528687,
campus passos,campus capanema,,0.8114487528800964,
environmental and global health,global environmental health,population and international health,0.9386518001556396,0.7824141979217529
"languages, literatures and linguistics","languages, literatures, and linguistics",,0.9982166290283203,
secretaría de educación superior ciencia tecnología e innovación,"secretaría de educación superior, ciencia, tecnología e innovación",,0.9922760725021362,
psychological and educational sciences,psychology and educational sciences,,0.9866166114807129,
lks medicine,of medicine,,0.85845947265625,
johannesburg business school,stellenbosch business school,,0.803478479385376,
directorate of extension education,directorate of extension,,0.9002172946929932,
microelectronics science and engineering,microelectronic science and engineering,,0.9909538626670837,
langley research center,nasa langley research center,,0.8628478050231934,
"physics, advanced sciences","physics, sciences",,0.9656428098678589,
"economics, administration, actuary and accounting","economics, administration, accounting and actuary",,0.9969107508659363,
act,acting,,0.9277160167694092,
laboratory for neutron scattering and imaging,laboratory for particle physics,,0.820746123790741,
guadeloupe,institute galien south paris,,0.6534398198127747,
french as a foreign language,french language ufr,,0.9298362135887146,
polymer science and polymer engineering,polymer science and engineering,,0.9584287405014038,
india meteorological department,indian tropical meteorology,,0.80262291431427,
mediterranean oceanography,mediterranean oceanology,,0.9763925075531006,
"culture, justice and democracy",politics and culture,,0.8166126608848572,
macromolecular chemistry,molecular chemistry,,0.9822548627853394,
science & health,science and health,,0.9950135946273804,
regional research center dr. hideyo noguchi,mochis nursing faculty,,0.6646861433982849,
product design department,product design,,0.9080109596252441,
"medicine, neurosurgery","neurosurgery, medicine",,0.9585447311401367,
jinnah postgraduate medical center,jinnah hospital,,0.8501113653182983,
seminar for classical philology,seminar for greek and latin philology,,0.9036034345626831,
westerngeco,ut southwestern,,0.7134803533554077,
clinical medicine - obstetrics and gynaecology,gynecology and obstetric,,0.9342836141586304,
elec,etec,,0.7943118810653687,
center for research and development,centre for research and development,,0.9729594588279724,
informatics and computer engineering education,informatics education,,0.9338529109954834,
defense ministry,ministry of defence,,0.9409171938896179,
unidompedro,unidombosco,,0.8400425910949707,
eonomics,ergonomics,,0.9177508354187012,
hospitality services,hospitality,counseling and personnel services,0.9233133792877197,0.591106653213501
cell physiology,cellular physiology,,0.9594685435295105,
cech,cch,,0.8791451454162598,
ambulatory,em,,0.7244986295700073,
state key laboratory of respiratory disease,state key laboratory of cardiovascular disease,,0.8642233610153198,
architecture and habitat sciences,"architecture, urbanism and landscaping",,0.7976285219192505,
opto-electronic engineering,optoelectronic engineering,,0.9810831546783447,
fiqh and usul fiqh,fiqh and usul al-fiqh,,0.9800357818603516,
assay development,analytical development,,0.8740307688713074,
western languages and literatures,western languages and literature,,0.9819223880767822,
homecare,home care,sanitation and hygiene,0.9878333210945129,0.5574754476547241
v.e. lashkaryov semiconductor physics,g.v. kurdyumov metal physics,,0.8532503843307495,
united nations,natera united states,,0.863917350769043,
robarts research institute,research institute,,0.7760003805160522,
developmental studies,development studies,,0.9532657861709595,
military sciences,military science,,0.9599692821502686,
nicm health research institute,health research institute,,0.8597956895828247,
fundamental biology and biotechnology,fundamental biology and health sciences,,0.9164021611213684,
instituto ufc virtual,instituto infnet,,0.778904914855957,
cultural technology and communication,"communication, media and culture",,0.8905460834503174,
republic of ecuador educational unit,ministry of education of ecuador,,0.8634059429168701,
space systems,space and engineering systems,,0.9286037087440491,
structural biology and chemistry,structural and chemical biology,,0.979589581489563,
ceo,office of ceo,,0.8862425088882446,
nursing and allied health sciences,nursing and health sciences,,0.9899702072143555,
"microbiology, immunology & genetics","microbiology, immunology and genetics",,0.9965525269508362,
special learning,special educational,,0.903854489326477,
aging and metabolism,physiology and aging,,0.8307452201843262,
graduate biochemistry,graduate biotechnology,,0.8914139270782471,
"ecology, environment and plant sciences",plant and environmental sciences,,0.9436694383621216,
sustainable finance,sustainable development,,0.7865540385246277,
degree in early childhood education,early childhood education degree,,0.9853236079216003,
produção animal e medicina veterinária preventiva,departamento de produção animal e medicina veterinária preventiva,,0.9191192984580994,
dornsife public health,public health department,health and public affairs,0.7183536291122437,0.6435438394546509
electrical-electronic engineering,electrical-electronics engineering,,0.9912217855453491,
dept. physics,dept. of physics,,0.976416289806366,
"sciences, engineering and technology","science, engineering and technology",,0.9749851226806641,
"medicine, oncology",medicine/oncology,,0.9904865622520447,
"automatic control, electronics and computer science",automatic control and computer science,,0.9597181081771851,
"forest engineering, resources, and management",forest and natural resources management,,0.9143226742744446,
seplag,ppged,,0.78423672914505,
geological faculty,geology faculty,,0.9817206263542175,
brain & cognitive science,brain and cognitive science,,0.9974110722541809,
human anatomy and physiology,human physiology,,0.9275889992713928,
modern post,modern posts,,0.8996148109436035,
geriatri,physiscs,,0.7616368532180786,
bacteriology and mycology,mycobacteriology,,0.9541921615600586,
faculté des sciences psychologiques et de l'éducation,faculté de psychologie et sciences de l'éducation,,0.9876178503036499,
tax litigation,tax and legal,,0.8295327425003052,
metal-mechanical,metal - mechanics,,0.9415204524993896,
neonatal unit,neonatal intensive care unit,,0.8984854221343994,
reservoir geophysics,reservoir geology,geology/geography,0.9238128662109375,0.7228147983551025
"public health, epidemiology & biostatistics","public health, epidemiology and biostatistics",health and public affairs,0.9971204400062561,0.7929905652999878
beijing academy of agricultural and forestry sciences,beijing academy of agriculture and forestry sciences,graduate chinese academy of sciences,0.997066855430603,0.7838739156723022
australian innovative materials,australian bioengineering and nanotechnology,australian environmental studies,0.8333528637886047,0.7303681969642639
library studies,library and information studies,,0.9096084833145142,
city planning,city & metropolitan planning,,0.9642460346221924,
technology and information science,information science & technology,,0.9877877831459045,
iiis,iis,,0.9165167212486267,
hot water,thermal,,0.7496330738067627,
veermata jijabai technological institute,malaviya national technology jaipur,,0.7441369891166687,
educational leadership & policy studies,educational leadership and policy studies,,0.9964977502822876,
music and music education,music education,,0.9815514087677002,
nara science and technology,okinawa science and technology,,0.8376930952072144,
miemis,miem,,0.7756946682929993,
center for applied linguistics,centre for applied linguistics,,0.9786511659622192,
systems neuroscience,system neuroscience,,0.9761713743209839,
health promotion and kinesiology,kinesiology and health promotion,,0.9893366098403931,
museology,museologia,,0.9484080076217651,
functional ecology center,centre for functional ecology,,0.9533511996269226,
systems biomedical science,systems biotechnology,,0.9009091258049011,
oral oncology,gastrointestinal oncology,,0.8423147797584534,
medical and biological physics,biological and medical physics,,0.9820144176483154,
mathematics and system science,mathematics and systems science,,0.9930020570755005,
semiconductor physics,semiconductor and solid state physics,,0.9442813396453857,
science teacher,science teaching,,0.9273290634155273,
administrative studies,administrative and policy studies,,0.8744887113571167,
spe,spea,,0.9363244771957397,
dead sea and arava science center,marine science,,0.664247989654541,
postgraduates,postgraduate,,0.9534900784492493,
ecology and nature conservation institute,ecology institute,,0.939271092414856,
"geographic sciences and natural resources research, cas",geographic sciences and natural resources research,land resource science,0.9606873989105225,0.792941689491272
cellular therapy,cell therapy,,0.917487382888794,
swasthavritta & yoga,swasthavritta and yoga,vijayanagar medical sciences,0.9975893497467041,0.575686514377594
informatics center,center for informatics,,0.9203073978424072,
finance and statistics,statistics and finance,,0.9642717242240906,
diem,dici,,0.7803876399993896,
engineering and management department,engineering and management,,0.9187175035476685,
dm2s,lpc2e,,0.7848236560821533,
metropolitan file,municipal file,,0.7791510820388794,
computational materials physics,computational materials science,,0.9422114491462708,
geography and development studies,"geography, environment and development studies",,0.9543717503547668,
pediatric emergencies,pediatrics emergencies,,0.976457417011261,
ludwig boltzmann osteology,ludwig boltzmann experimental and clinical traumatology,,0.8445197939872742,
columbia astrophysics laboratory,columbia environmental research center,,0.7671644687652588,
science for life laboratory,biomedical laboratory science,,0.8880298137664795,
school bacteriology and clinical laboratory,school microbiologia,,0.8936522006988525,
school for advanced studies in social sciences,social sciences and education,,0.8495845794677734,
fifth affiliated hospital,sixth affiliated hospital,,0.8594725131988525,
dutch fundamental energy research,dutch organization for scientific research,,0.8175663948059082,
paramedical science,paramedic science,,0.9898635149002075,
anhanguera valinhos,anhanguera brasília,,0.8096461892127991,
graduate program in urban development,graduate program in urban planning,,0.9326180815696716,
balme library,library,,0.7852084636688232,
corn and sorghum embrapa,embrapa rice and beans,,0.6876074075698853,
dupage,sde,,0.7208817601203918,
curriculum and educational technology,curriculum and instructional technology,,0.9771915674209595,
surgery and surgical medical specialties,surgery and medical and surgical specialties,,0.9954100251197815,
atv,tv,,0.8886529207229614,
design and arts,arts and design,,0.9868110418319702,
biomedical engineering and biotechnology,biomedical science and engineering,,0.9738630652427673,
economic and administration,administration and economic,,0.967444896697998,
history & anthropology,history and anthropology,"history, sociology",0.9953624606132507,0.8731194734573364
electronic and telecommunications,electronic and telecommunication,,0.9921846389770508,
systems management,management systems,,0.9375960826873779,
oral & maxillofacial radiology,oral and maxillofacial radiology,,0.9967218041419983,
ambulatorio,diati,,0.6778931617736816,
information technology research institute,information technology institute,,0.9591005444526672,
centre for business mathematics and informatics,mathematics and information technology,,0.7557404041290283,
food science and nutrition,food science & nutrition,,0.9972156882286072,
protohistory and near eastern archaeology,near eastern archaeology,,0.8847678303718567,
rio branco institute,instituto dom barreto,,0.7552191019058228,
science labor and human behavior,work's science,,0.8364621996879578,
education & information studies,education and information studies,,0.9975570440292358,
forestry & environmental sciences,forestry and environmental sciences,,0.9976836442947388,
paper conservation,paper technology,,0.7726013660430908,
departamento de biología molecular y genómica,departamento de genética y biología molecular,,0.988235354423523,
"electronics, computer technology and projects",electronics and computer technology,,0.9118609428405762,
"structure of matter, thermal and electronic physical",structure of matter,,0.8892065286636353,
human and social futures,sustainable futures,,0.7635016441345215,
economics and economic history,economy and economic history,,0.9864674806594849,
"materials, chemical, and computational science",materials and science,,0.9362584352493286,
public engagement,community engagement,,0.881563663482666,
caen,cen,,0.9051194787025452,
geografi,gegraphy,,0.9070025086402893,
nanosciences,nanoscience,,0.9523228406906128,
national water research center,water research center,,0.9223703145980835,
crp,crm,,0.9349436163902283,
clinical laboratory science,clinical laboratory sciences,,0.9848653078079224,
air transportation,air transport,,0.9893273115158081,
evidence-based medicine,evidence based medicine,,0.9942800402641296,
telecommunication technologies,information and telecommunication technologies,,0.9505565166473389,
sports medicine copenhagen,sports medicine,,0.7714066505432129,
pharmacognosy,pharmacognosie,,0.9894278049468994,
diagnostic radiology,diagnostic and intervention radiology,,0.9598846435546875,
chemistry and bioscience,chemistry and biosciences,,0.9894586801528931,
electrical electronics,electrical and electronics,,0.9819305539131165,
safra center for brain sciences,brain research center,,0.8246423006057739,
attallah educational studies,educational studies,,0.7649950981140137,
trauma & orthopaedic surgery,trauma and orthopaedic surgery,,0.9963000416755676,
sponsored projects administration,sponsored programs administration,,0.8897784948348999,
complex systems,management of complex systems,,0.8898581266403198,
chemical and biological engineering department,chemical and biochemical engineering department,,0.9833491444587708,
"science, biology department",science faculty biology department,,0.9639590978622437,
creative arts therapy,creative arts therapies,,0.9769673347473145,
unirg,irn,,0.8304186463356018,
academic affairs division,academic division,,0.9443647861480713,
plant biotechnology laboratory,plant research laboratory,,0.9523583054542542,
"technology of meat, dairy and canning products",technology of food products,canning technology,0.8766298294067383,0.8091859817504883
pharmacy and biotechnology - fabit,pharmacy and biotechnology fabit,,0.9679172039031982,
molecular biology and endocrinology,molecular biology and physiology,,0.85866379737854,
bank indonesia institute,bank indonesia,sekolah tinggi ilmu statistics,0.8754112124443054,0.5556820034980774
transfusion medicine unit,transfusion medicine,,0.8807997107505798,
physiological genomics,biomedical genomics,,0.9202897548675537,
geochronology,chronobiology,,0.836078405380249,
science teaching,teaching science,,0.980313777923584,
national engineering brest,national industrial engineering,,0.8443212509155273,
mechanical science and engineering,mechanical engineering and science,,0.9971402883529663,
"chemistry, engineering",chemistry and engineering,,0.9952710270881653,
physical education center,physical education and sports center,,0.951673150062561,
cultural technology and communication,"communication, media and culture",,0.8905460834503174,
helmholtz centre for infection research,helmholtz centre for infection research gmbh,,0.9302564859390259,
san raffaele telethon gene therapy,telethon genetics and medicine,,0.6787757873535156,
"geology, mineralogy and geophysics",geology and mineralogy,,0.9648109674453735,
center of physical and mathematical sciences,center of mathematics and natural sciences,,0.9545884132385254,
information technology and telecommunications,communication and information technology,,0.9826289415359497,
vaccinology,vaccine,,0.9471052885055542,
"otolaryngology, head & neck surgery",otolaryngology and head & neck surgery,,0.9986317753791809,
historic england,english heritage,,0.8350009322166443,
"engineering, computer science",engineering and computer science,,0.9953458309173584,
address jungle research center,amazonian scientific research,,0.6811709403991699,
adult medicine,adult psychiatry,,0.882591962814331,
tehran heart center,tehran center,,0.8630227446556091,
comptroller,accountant,,0.6767497062683105,
technical course in administration,administration course,,0.9036186933517456,
adults emergency,adult emergency,,0.9293103218078613,
multidisciplinary academic division of comalcalco,multidisciplinary academic division of jalpa de méndez,,0.8119075298309326,
facility for rare isotope beams,facility for rare isotope beams frib,,0.9648852348327637,
land restitution unit,legal unit,,0.6200985908508301,
"otorhinolaryngology, head & neck surgery",otorhinolaryngology and head & neck surgery,,0.9987301826477051,
metropolitan region,inmetro,,0.774399995803833,
climate,climate and environment,,0.9465072154998779,
division of comparative medicine,division of medicine,,0.8772200345993042,
physical science & technology,physical science and technology,,0.9973163604736328,
"health, sport and bioscience",health sport and bioscience,,0.974102258682251,
hospital barão de lucena,hospital de câncer de barretos,,0.8569203615188599,
ufvjm,ufsj,fgv management,0.8652018308639526,0.6591572761535645
phisycs,phsyics,,0.8449002504348755,
military intelligence,strategic intelligence,,0.852807343006134,
immunomodulation,immunoregulation,,0.9267150163650513,
nursing professional development,nursing education,,0.8573611974716187,
experimental hematology and cancer biology,experimental hematology,,0.9245047569274902,
pci,icp,,0.8428431749343872,
wildlife and ecology,wildlife ecology,,0.9799458980560303,
"物理科学研究科機能分子科学専攻/ functional molecular science, physical sciences","物理科学研究科構造分子科学専攻/ structural molecular science, physical sciences",,0.9792816042900085,
"science, medicine and health",health and science,,0.9703937768936157,
electrical power to mechanical engineering,power to mechanical and electrical engineering,,0.9678676128387451,
molecular biochemistry and biophysics,molecular biophysics and biochemistry,,0.9983048439025879,
xijing hospital,beijing hospital,,0.9715265035629272,
scientific center of monaco,cervantes institute,,0.6430013179779053,
healthcare science,health care science,,0.9953304529190063,
journalism course,journalism school,,0.8576275110244751,
mathematics and applied statistics,"mathematics, applied mathematics and statistics",,0.971682071685791,
nutrition and dietetics,nutrition & dietetics,,0.9969455003738403,
data sciences,data science,,0.9735589623451233,
computer and electronic information,information and computer,,0.9672042727470398,
"geoengineering, mining and geology",geology and mining,,0.954521119594574,
professional education of teachers,teacher professional education,,0.972468376159668,
e&c,a&e,,0.9240022897720337,
chinese academy of inspection and quarantine,chinese academy of medical sciences,graduate chinese academy of sciences,0.8603626489639282,0.7838495969772339
flight operation,flight operations,,0.9741600751876831,
statistics institute,statistical institute,,0.9822746515274048,
ocean sciences division,ocean sciences department,,0.9285843968391418,
"marketing, events and tourism",marketing and tourism,,0.9344167709350586,
weatherall molecular medicine,mrc weatherall molecular medicine,,0.9292745590209961,
biological and medical physics,medical and biological physics,,0.9820144176483154,
dtu electrical engineering,electrical engineering,,0.8969045877456665,
neuro-cognitive psychology,neurocognitive psychology,,0.9931183457374573,
addictions department,addiction medicine,,0.8045154809951782,
cervantes institute,oswaldo cruz institute,,0.7552577257156372,
dept. of computer science & engineering,dept. of computer science and engineering,,0.9974151253700256,
risk assessment sciences,risk assessment,,0.8736462593078613,
political studies of polish academy of sciences,philosophy and sociology of polish academy of sciences,,0.8897725939750671,
centre for molecular medicine norway,norce norwegian research centre as,norwegian veterinary science,0.8120201230049133,0.6670701503753662
bristol poverty institute,bristol population health science institute,development studies institute,0.8206009864807129,0.5092664361000061
hospitality & tourism,hospitality and tourism,,0.9964520931243896,
french-south research development,french studies,,0.7826683521270752,
molecular cancer biology,molecular cell and cancer biology,,0.9663596153259277,
center for human movement sciences,human movement sciences,,0.8901592493057251,
astroparticle and cosmology laboratory,astrophysics laboratory,,0.914718747138977,
national research center for hematology,national research center for hematology russian academy of medical sciences,,0.8293755054473877,
oceanic and atmospheric sciences,"ocean, earth and atmospheric sciences",,0.9785441756248474,
technological physics,technical physics,,0.9702188372612,
institut de physique nucléaire de lyon,institut de physique nucléaire d'orsay,,0.936427652835846,
biomolecular and chemical engineering,chemical and bio-molecular engineering,,0.9797180891036987,
eet,eetd,,0.9371757507324219,
social policy,social policies,,0.976645290851593,
postgraduate degree,post graduate degree,full-time postgraduate courses,0.9869509935379028,0.786933422088623
agrarian management,agricultural management,,0.9530112743377686,
european integration,international relations and european integration,,0.894300103187561,
teacher against group,teacher,,0.8089371919631958,
insitute of chemistry,institut of chemistry,,0.9288312792778015,
environmental health science and technology,environmental health science,,0.9251668453216553,
art as foundation,art,,0.8002452850341797,
structural engineer,structural engineering,,0.9265346527099609,
system operations,system operation,,0.9718793630599976,
geological and planetary science,geological and planetary sciences,,0.989554762840271,
ecoscience - catchment science and environmental management,ecology and environmental science,,0.891822874546051,
asesor,heor,,0.825898289680481,
mejora genética animal,biología animal,,0.7100692391395569,
graduate clinical pharmacy,graduate pharmacy,,0.9601888656616211,
2nd medicine,second medicine,,0.9691575765609741,
dmf,dmcf,,0.8805453777313232,
centre for excellence in teaching and learning,centre for excellence in learning and teaching,,0.9979953765869141,
imt atlantic,ifremer atlantic centre,,0.8071906566619873,
obstetric & gynecology,obstetric and gynecology,,0.997121274471283,
medical and scientific affairs,medical & scientific affairs,molecular medical sciences,0.9981405735015869,0.8531692028045654
nsf national center for atmospheric research,national center for atmospheric research,global research center,0.9339970350265503,0.6521092653274536
oral & maxillofacial radiology,oral and maxillofacial radiology,,0.9967218041419983,
estomatology,stomatological sciences,,0.9021997451782227,
taub research on alzheimer's disease and aging brain,alzheimer's disease research center,,0.8283397555351257,
agronomy & plant breeding,agronomy and plant breeding,,0.9983932971954346,
c3m,m3,,0.8637082576751709,
centro de ensino superior de foz do iguaçu,centro de ensino superior de uberaba,,0.8393245935440063,
water engineering and management,water engineering & management,,0.9975698590278625,
inlecom innovation,innovation,,0.739359974861145,
md medicine,md general medicine,medical prophylaxis,0.9083154201507568,0.8004415035247803
mayor's office,mayor,,0.9052944183349609,
independent,independant,,0.8890348672866821,
general department,general and applied administration department,,0.8517237901687622,
environmental enginnering,environmental enginering,,0.9679371118545532,
"public health, policy & systems","public health, policy and systems",,0.998206615447998,
operating rooms,operating room,,0.9449144601821899,
acil,acil tip,,0.7929409146308899,
horticulture fruit science,fruit science,,0.929224967956543,
eean,aee,,0.9054325819015503,
organizational science,organizational sciences,,0.952801525592804,
state key laboratory of biogeology and environmental geology,state key laboratory of environmental geochemistry,,0.9429984092712402,
cleaning,housekeeping,,0.7759541273117065,
cardiovascular pharmacology,veterinary physiology and pharmacology,,0.8254151940345764,
spine center,spinal cord injury center,,0.8631707429885864,
interdisciplinary program in landscape architecture,horticulture and landscape architecture,,0.7781822681427002,
master&#39;s degree in educational administration,master&#39;s degree in educational management,,0.976287841796875,
comparative biochemistry,analytical biochemistry,,0.9017164707183838,
surrey and borders partnership nhs foundation trust,sussex partnership nhs foundation trust,,0.7906192541122437,
"histology, embryology and cytology","histology, cytology and embryology",,0.998707115650177,
underground mining department,underground mining,mining and mineral processing,0.8986197710037231,0.7496651411056519
health board,health care board,,0.9448047876358032,
president of peru high school,ministry of education of peru,,0.7406894564628601,
musicological institute,music institute,,0.9585981369018555,
scientific and research department,science and research department,,0.9803163409233093,
graduate program in physical education,graduate in physical education,,0.9497400522232056,
master of mechanical engineering,master of engineering,,0.9256905317306519,
r &d,r+d,,0.9248363971710205,
radiotherapy and oncology,radiotherapy oncology,,0.9811750650405884,
applied mathematics and computing,applied mathematics and scientific computing,,0.986139178276062,
science physics and mathematics,science in physics and mathematics,,0.9886398315429688,
community and public health,public and community health,,0.9880198240280151,
historic preservation,heritage conservation,,0.8640726804733276,
business management and commerce,business management & commerce,,0.9949026107788086,
national laboratory for intense magnetic fields of toulouse,national high magnetic field laboratory,,0.8999826908111572,
foundation for research and technology hellas,centre for research and technology hellas,,0.8600835800170898,
geographic information system,geographical information system,,0.9870903491973877,
land hydrology,geology and hydrology,,0.8517074584960938,
pathology and pathophysiology,pathophysiology,,0.9651411771774292,
medical and population genetics,medical and molecular genetics,,0.9072234034538269,
systems engineering and information technology,computer engineering and information systems,,0.9602875113487244,
ufr agroforestie,agroforestry,,0.8699209690093994,
aerospace sciences department,aerospace sciences,,0.9147387742996216,
hotel administration,hotel management,,0.9232009649276733,
hassan ii agronomic and veterinary institute,health institute,,0.6290987730026245,
institute comic strip for art and,art and media,,0.7111505270004272,
chemical & energy engineering,chemical and energy engineering,,0.9969872236251831,
nwpu,ncepu,,0.7826266288757324,
materials r&d,materials,,0.8916037082672119,
cell biology,cellbiology,,0.9704377055168152,
wuxi medicine,xiangya medicine,,0.9200608730316162,
electrical enginerring,electrical enginering,,0.9819639921188354,
saltillo technological institute,hermosillo technological institute,,0.8874207735061646,
laboratory of environmental toxicology,laboratory of toxicology,,0.9505090713500977,
medical campos,multicampi medical sciences,,0.7511245012283325,
forest and rangeland ecosystem science center,forestry and environmental science,,0.8296435475349426,
i applied mathematics,applied mathematics i,,0.8934342861175537,
embrapa agricultura digital,direito digital,data processing technology,0.7577457427978516,0.6321312189102173
english faculty,english language faculty,,0.9603325128555298,
"soil, crop and climate sciences",soil and crop science,,0.9159179925918579,
escuela técnica superior de ingeniería del diseño,escuela técnica superior de ingeniería y diseño industrial,,0.9678332209587097,
gerontologia,gerontology,,0.9454883933067322,
graduate program in biotechnology,postgraduate program in biotechnology,,0.9799728393554688,
human molecular genetics and biochemistry,human genetics and molecular biology,,0.9623552560806274,
faculté des sciences psychologiques et de l'éducation,faculté de psychologie et sciences de l'éducation,,0.9876178503036499,
genomics research center academia sinica,biomedical sciences academia sinica,,0.86702561378479,
exact sciences,exact science,,0.9533827304840088,
health and public affairs,public health and healthcare,public health and health sciences,0.920908510684967,0.9165480136871338
medical sciences and health of juiz de fora,hospital agamenon magalhães,,0.757233738899231,
division of mental health and addiction,mental health and addiction,,0.8298683166503906,
climate and space science and engineering,climate and space sciences and engineering,,0.9864384531974792,
computer engineering and technology,computer engineering & technology,,0.9963266849517822,
center for clinical metabolic research,center for basic metabolic research,,0.9238463640213013,
smc,csm,,0.8976744413375854,
administrative unit,administrative division,,0.9289873838424683,
urban innovation,graduate urban innovation,,0.8868330717086792,
"bachelor of medicine, bachelor of surgery",bachelor of medicine and bachelor of surgery,,0.9959680438041687,
"science, computing and engineering technologies","science, computing and technology",,0.971386194229126,
molecular genetics and biotechnology,molecular biotechnology and genetics,,0.9970262050628662,
lambayeque - chiclayo,"lambayeque, chiclayo",,0.9909726977348328,
sma,ssma,,0.9115231037139893,
imed.ulisboa,iaem,escola superior de enfermagem de lisboa pólo calouste gulbenkian,0.7300203442573547,0.6643404364585876
silicate technology,inorganic technology,,0.7041293382644653,
embrapa national center for environmental research,environmental research center,,0.8545376062393188,
studies on language and culture,language and culture studies,,0.9405174255371094,
infn milan bicocca section,infn milan section,,0.8483887910842896,
"nursing, psychotherapy and community health",nursing and health care,,0.8305373191833496,
frontier science and technology,frontier science,frontier medical sciences,0.9412181973457336,0.8422034382820129
corporate research & development center,corporate research and development center,,0.9977425932884216,
biology department,biology dept.,,0.9509509801864624,
theory and history of architecture and urbanism,theory and history of architecture,,0.9553470015525818,
"philosophy, logic and aesthetics",philosophy and logic,,0.9270989894866943,
sbu,bsu,,0.8385918140411377,
upna,upn,,0.7260932922363281,
area of ​​education,education area,,0.927101194858551,
specialized academic unit in agricultural sciences,academic unit of agricultural sciences,,0.9394954442977905,
maxillofacial surgery,maxillo-facial surgery,,0.9741085767745972,
norberto quirno center for medical education and clinical research,research center,,0.7030270099639893,
educations,education,,0.9673134684562683,
quality and food safety,food safety and quality,,0.9948267936706543,
computer sceince,computer scence,,0.9603869318962097,
teacher education and leadership,"teaching, learning, and educational leadership",,0.9459178447723389,
radiofizicheskiй fakulьtet,xarkivs'kyj nacional'nyj universytet radioelektroniky,,0.7485356330871582,
land and water,land & water,,0.9872709512710571,
advanced social studies,social studies,,0.8897050619125366,
agricultural economics and extension services,agricultural economics & extension,,0.9305858612060547,
fiis,fis,,0.9057090282440186,
national army,military army,,0.8617258667945862,
chita state medical academy,chita state academy of medicine,,0.9705797433853149,
lifescience,lifesciences,,0.9060943126678467,
metallurgy and materials group,metallurgy & materials,,0.8783699870109558,
"history, arts","arts, history",,0.9920247197151184,
engineering and science department,science and engineering department,,0.9885694980621338,
västerbotten county council,stockholm county council,,0.847713053226471,
hospital san vicente de paúl,hospital san vicente de paul,,0.8713298439979553,
gm,cgm,enspg,0.9204424619674683,0.7648708820343018
iaac,ceac,,0.8470942974090576,
riken center for quantum computing,center for quantum computing,,0.9036845564842224,
math and science department,mathematics and science department,,0.9628838300704956,
milken public health,public health,,0.7924294471740723,
endocrine and diabetes,endocrinology and diabetes,,0.9521016478538513,
soil science and agricultural chemistry,soil science & agricultural chemistry,,0.9972871541976929,
photonics center,photonics department,,0.85957270860672,
field crop,field crops,,0.9743796586990356,
pharmaceutical outcomes & policy,pharmaceutical outcomes and policy,,0.9973261952400208,
molecular theory and spectroscopy,molecular spectroscopy,,0.8515223264694214,
middle east centre,middle east,,0.8778599500656128,
ocean systems engineering,ocean system engineering,,0.9911317825317383,
"infection, immunity & inflammation","infection, immunity and inflammation",,0.9970241785049438,
psychological counseling center,psychology and counseling,,0.8981565833091736,
electronic and computer education,electronics and computer education,"education,",0.9618885517120361,0.7805979251861572
criminalistics institute,criminology department,,0.7941156625747681,
"genetics, plant breeding and biotechnology","plant breeding, genetics and biotechnology",,0.988768458366394,
china electronic product reliability and environmental test institute,beijing electronic science and technology institute,,0.7709484100341797,
ibet,ibef,,0.7628753781318665,
glaxosmithkline usa,glaxosmithkline,,0.9582461714744568,
yekaterinburg medical research center for prophylaxis and health protection in industrial workers,pyatigorsk medical and pharmaceutical institute - a branch of volgograd state medical,,0.7890787720680237,
plant physiology and molecular plant biology,plant physiology and molecular biology,,0.9835282564163208,
national council of science and technology and technological innovation,"national council of science, technology and technological innovation",,0.9975884556770325,
environmental social sciences and geography,environmental sciences and geography,,0.9683066010475159,
dept. of mechanical and aerospace engineering,dept. of mechanical and industrial engineering,,0.9611532688140869,
diagnostic pathology,clinical pathology,,0.9066586494445801,
romanesque seminar,orientalisches seminar,,0.7432019710540771,
aerospace structures & materials,aerospace structures and materials,,0.9969116449356079,
electrical and computer engineer,electrical & computer engineer,,0.9975005984306335,
phd in public administration,phd in administration,public and business administration,0.9458166360855103,0.7299332618713379
solina group nigeria,nigerian languages,,0.6739630103111267,
cundimark,undp,,0.7142177820205688,
tabriz,food,,0.6569719910621643,
uabc,ccu,,0.8049461245536804,
land hydrology,geology and hydrology,,0.8517074584960938,
seismology department,seismology,,0.873567521572113,
ipri,iip,,0.836755633354187,
health management and informatics,health information management,,0.9343852996826172,
bids,bidding,,0.9529739618301392,
nutrition department,human nutrition department,,0.9441444873809814,
child institute,child studies institute,,0.9300647377967834,
earth sciences and condensed matter physics,physics and earth sciences,,0.9276326894760132,
biotechnology and genetic engineering,biotechnology & genetic engineering,,0.994493842124939,
food and chemical engineering,chemical and food engineering,,0.9871988892555237,
heidelberg center for ibero-american studies,"spanish, portuguese and latin american studies",,0.7156969308853149,
salk institute,salk biological studies,,0.7859350442886353,
chemistry and bioscience,chemistry and biosciences,,0.9894586801528931,
psychiatric nursing and human sciences,psychology and health sciences,,0.8821868896484375,
"management, economics and progress engineering",management and economics,,0.8531422019004822,
"history, culture and arts studies",arts and culture studies,,0.9408376216888428,
meta reality labs,reality labs,,0.9156105518341064,
mental health and social work,psychology and social work,,0.904113233089447,
"文化科学研究科比較文化学専攻/ comparative studies, cultural and social studies","文化科学研究科国際日本研究専攻/ japanese studies, cultural and social studies",,0.8932081460952759,
histopathology and cytology,histology and pathology,,0.9259440898895264,
mathematics & applied mathematics,mathematics and applied mathematics,,0.998009443283081,
anaesthesia and intensive care medicine,anaesthesia and intensive care,,0.9826471209526062,
pasqal,alimh,,0.7957869172096252,
computer science and information,information and computer science,,0.9830924272537231,
mechanics and civil engineering,mechanics & civil engineering,,0.9972411394119263,
escuela de educación superior pedagógica pública monterrico,escuela de educación superior pedagógica pública piura,,0.9205029010772705,
unicesumar,uniesp,,0.7622275352478027,
educational sciences institute,education sciences institute,,0.9784276485443115,
innovation & entrepreneurship,innovation and entrepreneurship,,0.997770369052887,
"medical microbiology, immunology and hygiene",medical microbiology and hygiene,,0.9694941639900208,
life sciences and genome sciences,genomic sciences,,0.910504162311554,
structural biology group,structural biology unit,,0.9422575235366821,
sensors directorate,sensors,,0.7999042272567749,
professional studies,professional and continuing studies,,0.9072632789611816,
center for chinese studies,chinese studies,,0.8979505300521851,
national earth sciences,earth and environmental sciences,,0.8583703637123108,
institut de sciences des matériaux de mulhouse,institut des sciences du mouvement,,0.903854489326477,
religions and philosophies,religion and philosophy,,0.9099974036216736,
departmet of physics,departement of physics,,0.9695200324058533,
economics and business,economics & business,,0.9943572282791138,
marine systems,marine operations,marine corps,0.9168565273284912,0.7871125936508179
philological seminar,philosophical seminar,,0.9576630592346191,
optical and electronic technology,optics and electronic information,optical information science and technology,0.926476001739502,0.8942050933837891
carcinogenesis,molecular pathogenesis,,0.8179606795310974,
"center for economic, administrative and social research",center for economic research,,0.9039278030395508,
eaesp,ea,,0.8830492496490479,
mathematical and physical sciences,mathematical & physical sciences,,0.9971439242362976,
genetics and genomics,genetics & genomics,,0.9963014125823975,
laboratory medicine department,medical laboratory science department,,0.9248062968254089,
language school science,school science education,,0.891664445400238,
instrumentation and electrical engineering,instrumentation & electrical engineering,,0.9971829056739807,
humanities research institute,humanities institute,,0.9394413232803345,
nuclear agriculture and biotechnology division,science and technology division,,0.7984923720359802,
icpees,urmis,,0.7054657340049744,
process integration,system integration,,0.8334933519363403,
microbial sciences,microbial and cellular sciences,,0.9483741521835327,
technological minatitlán,instituto tecnológico superior de atlixco,,0.8251999020576477,
psychiatry institute,psychology institute,,0.9343516826629639,
pedagogy and methodology of primary education,pedagogy and primary education,,0.9574289321899414,
"economic, political, and policy sciences","economic, political and policy sciences",political science/economics,0.9966824650764465,0.8718564510345459
endemics,uems,,0.7170834541320801,
animal facility,animal care,,0.8535863161087036,
construction and management,construction management,,0.9680556654930115,
german research centre for artificial intelligence,german research center for artificial intelligence,"rwth aachen mathematics, computer science and natural sciences",0.9960741996765137,0.6953536868095398
health promotion research,health promotion research center,,0.9221707582473755,
"center for human sciences, education and letters","center for human sciences, social and letters",,0.9692080616950989,
field epidemiology,clinical epidemiology,,0.8810287714004517,
economic management science,economic and management science,,0.9801367521286011,
nursing and rehabilitation,rehabilitation and health services,,0.8824490904808044,
city & regional planning,city and regional planning,,0.9979944229125977,
chemical technology of inorganic substances,technology of inorganic substances,,0.9639828205108643,
bremen international graduate social sciences,german centre for higher education research and science studies,"rwth aachen mathematics, computer science and natural sciences",0.783143937587738,0.7027184367179871
rose hulman technology,rose–hulman technology,,0.9728742837905884,
voronezh state medical academy named after n.n. burdenko,voronezh state medical academy,,0.8807578086853027,
biology and mathematics,"biology, mathematics",,0.9921776056289673,
applied computing graduate program,graduate program in applied computing,,0.9762199521064758,
nursing and physiotherapy,physiotherapy and nursing,,0.9545656442642212,
textile engineering career,textile engineer,,0.913103461265564,
center of biotechnogy of borj cédria,département des sciences biologiques,,0.708081066608429,
civil and transportation,transportation,,0.8834847211837769,
hospital naval marcílio dias,hospital maria auxiliadora,,0.8578704595565796,
"division of gastroenterology, hepatology, and nutrition","division of gastroenterology, hepatology and nutrition",,0.9974555373191833,
central chemistry,analytical chemistry,,0.77604079246521,
neurology and pediatrics,pediatrics and neurology,,0.929283618927002,
kim,korean studies,,0.6979306936264038,
geo-information science,geographical information science,,0.9518600106239319,
hainan general hospital,huashan hospital,,0.8503901958465576,
ingeniería en producción industrial,ingeniería industrial y manufactura,,0.9667503833770752,
"preventive medicine, public health",preventive medicine and public health,,0.997321605682373,
control de estudios,laboratorio de control de calidad,,0.7449626922607422,
criminology and social prevention,criminology,,0.7640681266784668,
third medicine,3rd medicine,,0.9759954214096069,
education & social sciences,education and social sciences,,0.9974491596221924,
applied sciences fca,applied sciences - fca,,0.9822299480438232,
arts and technology,art & technology,,0.9642884731292725,
medicina,medicine,,0.9821036458015442,
life sciences centre,life sciences center,,0.9850923418998718,
saint paul business school,são paulo arts and crafts high school,,0.7042497396469116,
research center julich,research centre jülich gmbh,,0.8307690620422363,
upds,upb,,0.8741799592971802,
ifc,ifsc,,0.893036961555481,
vyatka state agricultural academy,primorsky state agricultural academy,,0.919576108455658,
process engineering chinese academy of sciences,"process engineering, chinese academy of sciences",,0.9896504878997803,
customer services,customer service,,0.9704123735427856,
unirg,irn,,0.8304186463356018,
"electrical and electronics engineering, engineering","electrical and electronic engineering, engineering",,0.9966208338737488,
pure and industrial chemistry,pure & industrial chemistry,,0.9939515590667725,
political science and public law,public law and political science,,0.9843919277191162,
territorial development,territory development,geology/geography,0.9628323316574097,0.6290435194969177
u.s,uim,,0.7893213033676147,
kinesiology career,kinesiology,,0.8380122184753418,
max planck unit for science of pathogens,max planck infection biology,max planck bioinorganic chemistry,0.8328970074653625,0.7349683046340942
science journalism,science,,0.845543622970581,
united lincolnshire hospitals nhs trust,london north west healthcare nhs trust,london research institute,0.890433132648468,0.5900940895080566
general psychology,general and social psychology,,0.9607731103897095,
centre for virus research,mrc centre for virus research,,0.8889365196228027,
pratt institute,pratt institute information and library science,,0.823723316192627,
kara harp okulu,ted ankara koleji,,0.6752408742904663,
military school,military education,,0.9277046918869019,
pathology & lab medicine,pathology and lab medicine,,0.9962161779403687,
"history, european studies, archeology and arts","history, art history",,0.8392404913902283,
division of internal medicine,division of general internal medicine,,0.9484022855758667,
itpac,unitpac,,0.7443619966506958,
aghyle,lpnhe,lthe,0.7246421575546265,0.6571536064147949
12th international school for strangeness nuclear physics snp school 2023,13th international school for strangeness nuclear physics snp-cns school 2024,,0.9073785543441772,
tepper business school,business school,,0.8114712834358215,
dacd,dca,,0.8315027952194214,
"mathematical problems of biology, russian academy of sciences","philosophy, russian academy of sciences",keldysh applied mathematics of russian academy of sciences,0.8444725275039673,0.8269569277763367
institut d’optique graduate school,institut d'optique graduate school,,0.9959343075752258,
research sport and exercise,exercise and sport science,,0.894442617893219,
udep,pnud,,0.8636052012443542,
advanced research laboratory,advanced technology laboratory,,0.9272739291191101,
slade fine art,artistic,,0.7659320831298828,
san juan de lurigancho,"lima, san juan de lurigancho",,0.897956132888794,
ionosphere,space and atmospheric physics,,0.7498989701271057,
aeronautic science and engineering,aeronautics science and engineering,,0.9980686902999878,
plan international,international,,0.7571282386779785,
intelligent machines,intelligent systems,,0.8861060738563538,
"geography, geoinformatics and meteorology","geography, geoinformatics & meteorology",,0.9973223209381104,
advance sciences,advanced sciences,,0.9853134751319885,
vocational technical level,technical training,,0.8418735265731812,
moscow physics and technology,moscow engineering physics institute,,0.8363676071166992,
engineering sciences faculty,engineering faculty,,0.9540284872055054,
pará military police,paraná military police,,0.9669156074523926,
population genetics,population genomics,,0.8933223485946655,
nova,nova fcsh,,0.8372008800506592,
health and societies,health and society,,0.9741728901863098,
earth science department,earth sciences department,,0.9769282937049866,
neurology,"neurology,",,0.9886201620101929,
nanotechnology department,nanotechnology division,,0.9271142482757568,
foundations of economic analysis ii,foundations of economic analysis,,0.9414893388748169,
hospital são paulo,hospital do servidor público estadual de são paulo,,0.9221078157424927,
center for emergent matter science,riken center for emergent matter science,,0.888899564743042,
philosophy & religion,philosophy and religion,,0.9971912503242493,
graduate economics,graduate program in economics,,0.9560863971710205,
"systems innovation, engineering",systems innovation,,0.936077892780304,
idp in climate studies,climate studies,,0.9181265830993652,
innovation and didactic training,educational innovation,,0.8520870208740234,
trinity arts and sciences,trinity arts & sciences,,0.993871808052063,
hydromelioration,hydrosciences,,0.7287716269493103,
pattern recognition,pattern recognition and intelligent system,,0.8518943786621094,
engineering information systems,information system engineering,,0.9655609130859375,
bytedance china,byd china,,0.9358986616134644,
eli-np,npp,,0.7718231678009033,
dairy and poultry science,dairy and food science,,0.9164484739303589,
instituto metodista granbery,instituto tecgraf,,0.7344275712966919,
clinical traditional chinese medicine,traditional chinese medicine,,0.956084132194519,
public policy studies,policy studies,,0.9544411897659302,
psyhiatry,psychatry,,0.8630700707435608,
iem,ie,,0.8980860710144043,
slavic languages & literatures,slavic languages and literatures,,0.996544599533081,
engineering ferrari enzo,engineering enzo ferrari,"dipartimento di industrial design, delle arti, della comunicazione e della moda attivo dal 01/01/1900 al 31/12/2012",0.9743579626083374,0.5342913866043091
learning technology,learning technologies,,0.9762258529663086,
amity organic agriculture,organic farming,,0.867597222328186,
direcci�n centro de investigaci�n nataima,direcci�n centro de investigaci�n obonuco,,0.9359951019287109,
"biochemistry, biotechnology and bioinformatics",biochemistry and bioinformatics,,0.9808006286621094,
ucsf medical center,ucsf medicine,,0.9112894535064697,
"anesthesiology, critical care and pain medicine","anesthesiology, critical care, and pain medicine",,0.9970713257789612,
engenharia civil e arquitetura,engenharia civil e ambiental,,0.8997111320495605,
cinema and audiovisual,cinema e audiovisual,,0.9534244537353516,
information processing,data processing,,0.896946907043457,
i vicerrectorado,vicerrectoria,,0.8114013075828552,
construction and management,construction management,,0.9680556654930115,
post graduate program in religious studies,graduate program in religious studies,,0.971468448638916,
advanced practice nursing,advanced nursing practice,,0.9327331185340881,
geophysical engineer,geological engineer,,0.9393020272254944,
centro de estudios de asia y áfrica,center for higher studies of mexico and central america,,0.7719910144805908,
digital arts,digital media and design arts,,0.9399735927581787,
agro-industrial production engineering,agro-industrial engineering,,0.970999002456665,
social and philosophical sciences and mass communications,social sciences and mass communications,,0.958709716796875,
"food, nutrition and dietetics","foods, nutrition and dietetics",,0.9942979216575623,
materials measurement laboratory,material measurement laboratory,,0.9883911609649658,
pharmacology and therapeutic,pharmacology and therapy,,0.9781771302223206,
kumasi centre for collaborative research in tropical medicine,kintampo health research centre,,0.7028888463973999,
soil and plant nutrition,soils and plant nutrition,,0.9841656684875488,
molecular imaging center,center for imaging science,,0.9172027707099915,
religion studies,religious studies,,0.9696351289749146,
"architecture, arts and design","architecture, design and arts",,0.9977313280105591,
ludwik hirszfeld immunology and experimental therapy,experimental immunology,,0.7203381061553955,
center for inflammation research,centre for inflammation research,,0.9772108197212219,
dept. of political science,department for political science,,0.9543116092681885,
biomedical engineering and sciences,biomedical sciences and engineering,,0.9947065114974976,
humana management,human management,,0.8413528203964233,
nibec,qec,,0.8439542055130005,
cardiac and thoracic surgery,cardiovascular and thoracic surgery,,0.9826020002365112,
utpl,utp,,0.8435739278793335,
resources and environmental engineering,resource and environmental engineering,,0.9855439066886902,
electronics and telecommunications department,electronics and telecommunication department,,0.9927818775177002,
"entrepreneurship, trade and exchange activities",entrepreneurship and trade,,0.9441298246383667,
health behavior & health education,health behavior and health education,,0.9980734586715698,
national genetics,national biological sciences,,0.7628376483917236,
agricultural production systems,agricultural systems,,0.9259469509124756,
computer science.,computer science,,0.9931415915489197,
health & related research,health and related research,,0.9968981742858887,
national space institute,nano-science center,,0.6635597944259644,
prevention research center,prevention science institute,,0.856877326965332,
h.buniatian biochemistry,biochemistry,,0.8352395296096802,
art and music,music and art,,0.9876729249954224,
escuela profesional de ingenieria civil,escuela profesional de ingeniería civil,,0.9944755434989929,
rail transit,rail transportation,,0.9667470455169678,
chemical egineering,chemical enigneering,,0.8555680513381958,
technological toluca,technological pachuca,,0.8660750389099121,
fate,fatecs,,0.7885347604751587,
romance and arabic languages and literatures,arabic language and literature,english and american literature and language,0.8717643618583679,0.6690779328346252
neuro-ophthalmology,"neurology, medicine",,0.8967071175575256,
lab operations,laboratory operations,,0.9324131011962891,
leverhulme research centre for forensic science,centre for forensic science,london research institute,0.7632460594177246,0.6962089538574219
doctorate in psychology,doctorate in clinical psychology,human development and applied psychology,0.9742262959480286,0.731037974357605
bachelor of engineering,bachelor of science,,0.8507314324378967,
water engineering,water and environmental engineering,,0.9381538033485413,
technological machines and equipment,electrical machines and apparatus,,0.9189535975456238,
computer since,computer and it,,0.8263747096061707,
"health, education and technology",health and technology,,0.9243876338005066,
science chemistry,science - chemistry,,0.9736632704734802,
international tropical forestry,tropical forestry,,0.8508358001708984,
escola superior de saúde jean piaget de vila nova de gaia,escola superior de educação jean piaget em vila nova de gaia,,0.9656609296798706,
mental health research center,mental health research institute,,0.9160090684890747,
biological and pharmaceutical sciences,biomedical and pharmaceutical sciences,,0.9806307554244995,
foreign languages faculty,foreign language faculty,,0.9899042844772339,
colloge,cge,,0.8488063216209412,
global and tropical health division,global health division,,0.887451708316803,
polish academy of sciences in częstochowa,instytut badań literackich polskiej akademii nauk/ literary research of polish academy of sciences,,0.8551290035247803,
life and nanopharmaceutical sciences,life sciences and biotechnology,,0.9178894758224487,
agroecotechnology,agro-biotechnology,,0.924675464630127,
economics,"economics,",,0.9845865964889526,
in public health nursing,public health nursing,,0.9653849005699158,
computer education department,computer education,,0.9173164367675781,
nuclear materials authority,nuclear,,0.7762764692306519,
graduate program in mechanical engineering,postgraduate program in mechanical engineering,,0.9806464314460754,
advocate,advocacy,,0.8821340799331665,
babraham institute,cabot institute,,0.721281886100769,
rutgers nursing,rutgers health,,0.9103727340698242,
"division of endocrinology and metabolism, internal medicine",division of endocrinology and metabolism,,0.900546669960022,
molecular imaging center,center for imaging science,,0.9172027707099915,
centre for tropical crops and biocommodities,centre for sustainable tropical fisheries and aquaculture,,0.811500072479248,
head of research,research department,,0.8214528560638428,
doctor and surgeon race,doctor and surgeon,,0.779678225517273,
sosyal politika,politics,,0.7895494699478149,
cevipol,isv,,0.7800331115722656,
"marketing, business",marketing and business,,0.9924348592758179,
biotechnology and genetics,genetics and biotechnology,,0.978610634803772,
biotechnology and animal science,animal science and biotechnology,,0.9875425100326538,
medical proteome center,medical genetics center,,0.8904548287391663,
disva,disu,,0.8554025292396545,
uin sayyid ali rahmatullah tulungagung,uin alauddin makassar,,0.7433034181594849,
clinical anatomy,anatomy and clinical anatomy,,0.9413738250732422,
contemporary philosophy,ufr of philosophy,,0.9133632183074951,
service desk,receptionist,,0.8271756768226624,
geomatics engineering department,geomatics engineering,,0.944670557975769,
language department,languages department,,0.9583216905593872,
maxwell citizenship and public affairs,public and international affairs,,0.8180046081542969,
post-graduate studies program,post graduate studies program,,0.9880618453025818,
environment health,environmental health,,0.9887264370918274,
and catalysis laboratory spectrochemistry,inorganic chemistry and catalysis,,0.8515737056732178,
nanobiomedical centre,center of biotechnology,,0.8913478851318359,
medicine siriraj hospital,siriraj hospital,,0.9370042681694031,
curriculum and instruction,curriculum & instruction,,0.9978992938995361,
health faculty,health science faculty,,0.9473676681518555,
audit & assurance,audit and assurance,,0.9959994554519653,
secondary teacher education,teacher education,,0.9344247579574585,
porto systems and computer engineering,systems and computer engineering of porto,,0.9161558151245117,
internal audit,internal auditing,,0.9631844758987427,
ushuluddin and islamic thought,ushuluddin and philosophy,,0.9138128757476807,
shool of medicine,of medicine,,0.9557477831840515,
english and liberal studies,english & cultural studies,,0.9065355062484741,
engineering and design,engineering & design,,0.9961334466934204,
vaccine and infectious disease organization,vaccine and infectious disease organization international vaccine centre,,0.8497916460037231,
mbs,msb,,0.8710812330245972,
library & information services,library and information services,,0.9979649782180786,
research institute in veterinary science,research institute,,0.8131873607635498,
immunology and regenerative biology,cell biology and immunology,,0.8700620532035828,
wurzweiler social work,sociology and social work,,0.7099215984344482,
drug sciences,drug science,,0.9586032032966614,
cage,animal facility,,0.6371282339096069,
transportation and communication management science,transportation science,,0.8350374102592468,
"division of endocrinology, medicine","medicine, division of endocrinology",,0.9724434614181519,
prydniprovska state academy of civil engineering and architecture,prydniprovs’ka state academy of civil engineering and architecture,,0.9934068322181702,
international aids vaccine initiative,center for vaccine development and global health,population and international health,0.801694393157959,0.6255483627319336
hotel administration,hotel management,,0.9232009649276733,
urban planning and management,urban planning and development,,0.9588190317153931,
ministry of education and culture,"ministry of education, culture and sports",,0.9567141532897949,
public health and social justice,public health & social work,health and public affairs,0.9026973247528076,0.8593714237213135
aae,ae,,0.9184970855712891,
state education state of paraná,paraná state education,,0.9196047782897949,
"national agency for new technologies, energy and sustainable economic development","enea national agency for new technologies, energy and sustainable economic development",,0.9719423651695251,
energy system analysis,energy systems analysis,,0.992781937122345,
american association of retired persons,american historical association,american civilization,0.7176172137260437,0.4845121502876282
"microbiology, medicine","microbiology and immunology, medicine",,0.9533463716506958,
graduate arts and science,graduate arts and sciences,,0.9874833226203918,
"learning, teaching, and curriculum","learning, teaching and curriculum",instructional systems,0.9979293346405029,0.8159571886062622
brazilian environment and renewable natural resources,environment and natural resources,,0.7746049761772156,
unilab,unifil,,0.8395123481750488,
ncd,nidcd,,0.8706018924713135,
english and political science,political science and english,,0.9791253805160522,
textile science,textile science and engineering,,0.958581805229187,
sociología y trabajo social,"psicología, sociología y trabajo social",,0.916875422000885,
western australian academy of performing arts,arts academy,,0.7279945015907288,
division of agricultural physics,agricultural physics,,0.8603444695472717,
information technology and computer science,computer science and information technology,,0.9928280711174011,
letters - portuguese and english,letters - portuguese/english,,0.9895241856575012,
paediatric department,paediatrics department,,0.9754356741905212,
leiden observatory,lead observatory,,0.7601132392883301,
clinical trials unit,clinical trial unit,,0.9818164110183716,
chemistry and biology faculty,chemical and biological faculty,,0.9503037929534912,
ten,tencent,,0.7044452428817749,
business and humanities,business studies and humanities,,0.9534240365028381,
barc,arc,,0.8344070911407471,
cpdoc,dcp,,0.8371500968933105,
electrical power and control engineering,electrical and control engineering,,0.9708802700042725,
architecture and real estate,architecture & built environment,,0.9038223624229431,
european union studies,european union security studies,,0.9110212326049805,
clinic for anesthesiology and intensive care,clinic for anesthesiology and surgical intensive care,,0.9822285175323486,
secretaria de desenvolvimento social,secretaria municipal de desenvolvimento social,,0.9412475228309631,
ent and head & neck surgery,ent & head and neck surgery,,0.9970451593399048,
child care,childcare,,0.9882076978683472,
"architecture, civil engineering and geodesy","civil engineering, architecture and geodesy",,0.9880453944206238,
netherlands interdisciplinary demographic institute,netherlands forensic institute,,0.7655315399169922,
ship building,shipbuilding,,0.8883447647094727,
theory and history of political science,history and political theory,,0.9354065656661987,
hey,eeis,,0.815671980381012,
biochemistry and biotechnology department,biochemistry department,,0.9639745354652405,
minerals engineering,mining and metallurgy engineering,,0.9560055732727051,
fox chase cancer center,fox business,,0.6535564064979553,
cancer research uk scotland institute,cancer research uk edinburgh centre,imperial cancer research fund,0.8473073840141296,0.6443082094192505
agricultural water management,irrigation water management,,0.8954664468765259,
fcap,facap,,0.8006153106689453,
sinopec research petroleum processing,sinopec petroleum exploration and production research institute,,0.9234517216682434,
center for higher studies in education,center for higher education,,0.9582380652427673,
research higher education,higher education research,,0.9688690900802612,
"birla technology, mesra","birla technology and science, pilani",birla technology,0.8243905901908875,0.8986194133758545
met,fom,,0.8107981085777283,
pennington biomedical research center,center for biomedical research,,0.7783550024032593,
modern german literature,german literature,,0.9210529327392578,
bioprocesses,bioprocess,,0.9630131721496582,
human resource department,human resources department,,0.9868317246437073,
toyota research north america,toyota research institute,nokia research center,0.7988675236701965,0.6292825937271118
automation and control systems,automated control systems,,0.9814647436141968,
cancer care,cancer care services,,0.951312243938446,
iwr,imw,,0.8689359426498413,
center for astrophysics harvard & smithsonian,center for astrophysics | harvard & smithsonian,,0.9823338389396667,
food engineering and nutrition science,food science and nutrition engineering,,0.9978014826774597,
technical affairs,technical,,0.8875086307525635,
"chemistry department, science","science, chemistry department",,0.9560763835906982,
chronic disease management,disease management,,0.9389141201972961,
geography teaching,geography teacher,,0.9532968997955322,
travel agency,tourism and travel management,,0.7895157337188721,
national veterinary alfort,national veterinary nantes,,0.91297847032547,
english & creative writing,english and creative writing,,0.9966341257095337,
"environment, health & safety","environment, health and safety",,0.9974116086959839,
therapeutic goods administration,medicine & pharmacy,,0.7670917510986328,
headmaster,master of education,,0.7738804817199707,
"electrical, electronic & computer engineering","electrical, electronic and computer engineering",,0.9970729351043701,
pediatric respiratory medicine,paediatric respiratory medicine,,0.9286573529243469,
"civil, environmental, and architectural engineering","civil, architectural, and environmental engineering",,0.9984456300735474,
medicine ii,medicine iii,,0.9608082175254822,
quran and hadith sciences,quranic and hadith sciences,,0.9746527075767517,
physics and earth science,physics and earth sciences,,0.9931457042694092,
civil eng.,civil eng,,0.9196327924728394,
economic geology,economics and geography,,0.8645022511482239,
electronic faculty,electronics faculty,,0.9040409922599792,
water resources and hydroelectric engineering,water resources and hydro-electric engineering,,0.9954116344451904,
office information technology,information technology office,,0.9433350563049316,
spru - science policy research unit,science policy research unit spru,,0.8986549973487854,
marist network,marist group,,0.8507101535797119,
doctoral molecular medicine,postgraduate molecular medicine,,0.8950387835502625,
u.s. navy,us navy,,0.9668240547180176,
preventive and social dentistry,social and preventive dentistry,,0.9831280708312988,
media informatics,media and information,,0.9251171350479126,
ladislav sutnar design and art,design and art,,0.6593114733695984,
water resources group,water resources management,,0.8430847525596619,
life science & bioinformatics,life science and bioinformatics,,0.9969053864479065,
molecular microbiology and immunology,molecular microbiology & immunology,,0.9976599216461182,
pathology and laboratories,pathology and laboratory,,0.983933687210083,
planets and comets,planet and star formation,,0.7924669981002808,
liberal arts and social sciences,liberal arts & social sciences,,0.9974181652069092,
graduate in sociology program,graduate in sociology,,0.9619719386100769,
veterinary medicine and public health,veterinary public health,,0.9416593909263611,
fishing and aquaculture,fishery and aquaculture,,0.9751596450805664,
multidisciplinary center,center for interdisciplinary studies,,0.908399760723114,
water supply,water resources and drinking water,,0.9213695526123047,
heat transfer,heat and mass transfer,,0.9305177927017212,
member of board,board member,,0.9752906560897827,
"psychology, sport and geography",psychology and sport sciences,,0.8373492956161499,
program studi farmasi,program studi sistem informasi,,0.8152378797531128,
nursing board,nursing administration,,0.8019933104515076,
1st surgery,first surgery,,0.9883928298950195,
arts & science,arts and science,,0.99405437707901,
inland business and social sciences,business and social sciences,,0.9272668957710266,
aiims delhi,iit delhi,,0.9144996404647827,
tashkent textile and light industry,tashkent chemical technology,,0.7880191802978516,
customer relationship,customer relations,,0.9280451536178589,
islamic economy,islamic economic,sharia &amp; islamic economics,0.9765105843544006,0.8852170705795288
administrative secretary,office of secretary,,0.8739774227142334,
iran national science foundation,iran's national elites foundation,,0.777616560459137,
friedrich list transport and traffic sciences,transport and traffic sciences,,0.7593978643417358,
fluid mechanics,mechanics and fluid dynamics,,0.8919459581375122,
laboratory unit,laboratory division,,0.895956814289093,
anestesiology and reanimation,anaesthesiology and reanimation,,0.9176268577575684,
imt lille douai,insa toulouse,,0.8120723962783813,
work and organisational studies,work and employment studies,,0.8328858017921448,
study of human rights,human rights,,0.837226390838623,
zoological society of london,zoology of zoological society of london,,0.9796208739280701,
"division of chest medicine, internal medicine","division of pulmonary and critical care medicine, internal medicine",,0.9315362572669983,
chemical engineering and energy sustainability,chemical engineering and energy,,0.9533671736717224,
astroparticle,astro,service d'astrophysique,0.8116708993911743,0.6880906224250793
radiology and nuclear medicine,radiology & nuclear medicine,,0.9936184883117676,
medical records and health statistics,health statistics,,0.9138306975364685,
"division of neonatology, pediatrics","pediatrics, division of neonatology",,0.9629429578781128,
dbi,bsd,,0.873049259185791,
human factors and behavioral neurobiology,neurobiology and behavior,,0.9272516965866089,
ministry of economy and competitiveness,ministry of economy,,0.9019060730934143,
health and social sciences,health & social sciences,,0.9967567920684814,
geophysics and volcanology,national geophysics and volcanology,earth and geoenvironmental sciences,0.9174963235855103,0.7783147096633911
high modern languages ​​for interpreters and translators,applied languages,,0.82872074842453,
iran khodro iran,iran,,0.849185585975647,
chair of internal medicine and internal medicine in nursing,chair and medical microbiology,,0.8169335722923279,
"obstetrics, gynecology and perinatology",obstetric and gynecology,,0.9614483118057251,
foreign citizens training center,training center,,0.8179619312286377,
cemef,cefrem,,0.8396478891372681,
life science and biochemical engineering,life science and bioengineering,,0.9645212292671204,
"science, technology & society","science, technology and society",,0.9926350116729736,
"education, health, and human services","education, health and human services",health and public affairs,0.9936969876289368,0.7748789191246033
setor pessoal,pessoal,,0.8312671780586243,
chemical sciences and technology,chemical sciences and technologies,,0.9904611706733704,
iraq ministry of education,islamic education department,,0.8407702445983887,
astronomical institute,astrophysics institute,,0.9103524684906006,
national fundamental studies,fundamental studies,,0.8121185302734375,
center for clinical excellence,clinical center,,0.8951225876808167,
biomedical engineering and chemical engineering,chemical engineering and biological engineering,,0.9712878465652466,
management science and technological innovation,innovation management,,0.8859992027282715,
mchd,dvm,,0.7506698369979858,
polish philology institute,polish philology faculty and classical,,0.866074800491333,
periodontics and oral medicine,oral medicine and periodontology,,0.9670384526252747,
computer science & informatics,computer science and informatics,,0.9971052408218384,
general linguistics,general and comparative linguistics,,0.9385330677032471,
agricultural and resources economics,agricultural and resource economics,,0.9965240955352783,
national institute on drug abuse intramural research program,national institute on drug abuse,,0.8465556502342224,
biology deparment,biology departement,,0.9156333208084106,
jarosław dąbrowski military technical academy,jarosław dabrowski military technical academy,academy of physical education in wroclaw,0.9809602499008179,0.6791813969612122
theater arts,theatre arts,,0.9784566164016724,
automotive engineering technology,mechanical and automotive engineering technology,,0.9600576162338257,
law faculty political and social sciences,law and political science faculty,,0.9301681518554688,
united states marine corps,us marine corps,,0.9611660242080688,
diagnostic radiology department,diagnostic radiology,,0.9438945055007935,
linus pauling institute,vollum institute,,0.72160404920578,
specialization in constitutional law,constitutional law department,,0.8592440485954285,
fpt software,software,,0.8195948004722595,
discovery technologies,research technologies,,0.9031661748886108,
"biodiversity, animal health and comparative medicine","biodiversity, animal health & comparative medicine",,0.9972701072692871,
ningxia hui autonomous region peoples hospital,people's hospital of guangxi zhuang autonomous region,,0.9343580007553101,
production and metallurgy engineering,production engineering and metallurgy,,0.993371844291687,
sra,sre,,0.862352728843689,
centro cultural colombo americano,american colombo center,,0.8230314254760742,
frontier science,frontier sciences,,0.9547722339630127,
plant microbe interactions,plant microbe interaction,,0.9946804046630859,
instituto politécnico de bragança escola superior de educação,instituto politécnico de lisboa escola superior de educação,,0.9645802974700928,
northwest biological research center sc,northwest biological research center,,0.9832212924957275,
development department,development office,,0.8921194076538086,
crossref,reference,,0.8074856996536255,
marine and coastal studies,marine and coastal research,,0.9368812441825867,
center for synaptic neuroscience and technology,center for neuroscience and cognitive systems,,0.8822901844978333,
saffron france,france,paris-grignon national agronomic institute,0.7416549921035767,0.6257948875427246
biochemistry and molecular biology department,biochemistry department,,0.9540387392044067,
vocational rehabilitation,human rehabilitation,,0.8726903796195984,
ob/hr,ob/hrm,,0.9167473316192627,
hospital pediatrics,pediatric hospital medicine,,0.9493919610977173,
centre de physique des particules de marseille,arts et métiers paristech - centre de lille,,0.794817328453064,
nutrition school,school nutrition,,0.8842443227767944,
spcts,crct,,0.8289770483970642,
political and economic studies,politics and economics,,0.8777632713317871,
creative computing institute,computer science and creative technologies,,0.7845174074172974,
curriculum studies,curriculum and instructional studies,,0.9404050707817078,
science and technology information,science and information,,0.9396428465843201,
escola de saúde pública do distrito federal,defensoria pública do distrito federal,,0.820836067199707,
service endocrinology,endocrinology service,,0.9638876914978027,
ntt basic research laboratories,research laboratories,,0.9289286732673645,
environmental studies and sciences,environmental science and studies,,0.9746566414833069,
thammasat business school,chulalongkorn business school,,0.8704091310501099,
guangdong provincial hospital of traditional chinese medicine,hubei provincial hospital of traditional chinese medicine,,0.9422930479049683,
graduate program in ecology of aquatic environments,graduate program in ecology and natural resources,,0.9090285301208496,
cardiff engineering,cardiff technologies,,0.807465672492981,
human sciences for training riccardo massa,giovanni maria bertin educational sciences,galileo galilei state scientific high school,0.7515376806259155,0.6048997640609741
piauí state education,state education piauí,,0.9659036993980408,
liberal arts and humanities,humanities and liberal arts,,0.976344645023346,
centre for water resources,center for water resources,,0.969714879989624,
collage of education,of education,,0.8264589309692383,
pece,pecege,,0.8523258566856384,
phisics department,phisics,,0.8038070201873779,
midwifery science,midwifery,,0.8808950781822205,
measurement technology,measurement science and technology,,0.9249045848846436,
english language program,english language programs,,0.9756366610527039,
leather products engineering,leather engineering,,0.9607797265052795,
mathematics and cybernetics,mathematical cybernetics,,0.9751067757606506,
animals science,animal science,,0.9703867435455322,
jawaharlal post graduate medical education,jawaharlal postgraduate medical education and research,jawaharlal post graduate medical education and research,0.9641165137290955,0.9680103659629822
economy and management faculty,economics and management faculty,,0.9881928563117981,
mechanical engineering and applied electronics technology,mechanical and electronic engineering,,0.9714354276657104,
precision medicine department,precision medicine,faculty 'of medicine and surgery,0.9061489701271057,0.7787822484970093
dept. of materials science and engineering,dept. of materials science & engineering,,0.9979881644248962,
power supply,electric power supply,,0.9575693607330322,
basic science research institute,applied science research institute,,0.8634777665138245,
geosciences and technology,geoscience and technology,,0.9874000549316406,
escuela técnica superior de ingeniería y diseño industrial,escuela técnica superior de ingeniería industrial,,0.982844889163971,
mother of god,holy scripture,,0.613194465637207,
division of mental health and addiction,mental health and addiction,,0.8298683166503906,
centre for cell biology and cutaneous research,centre for cancer research and cell biology,,0.926010012626648,
colciencias,villavicencio,,0.7077212333679199,
"biology, chemistry",biology and chemistry,,0.9937337040901184,
graduate program in management and controlling,graduate program in management,,0.9097456932067871,
desy,des,,0.8065735101699829,
institutional comunication,address institutional communication,,0.8954291343688965,
agriculture and life sciences,agriculture & life sciences,,0.9972219467163086,
math/physics,math-physics,,0.9889411926269531,
cnrs delegation for brittany and pays de la loire region,cnrs delegation for nord-pas-de-calais and picardy,,0.867213249206543,
jewish history,jewish studies,,0.8423624038696289,
psychiatry and behavioral neurobiology,psychiatry and behavioral neurosciences,,0.9753915071487427,
right academic unit,academic unit,,0.8548716306686401,
animal and poultry science,animal & poultry science,,0.9978787899017334,
magister ekonomi syariah,syariah banking,sharia &amp; islamic economics,0.6761010885238647,0.6506673097610474
fdr other research,ascor other research fmg,,0.9353606700897217,
uneal,uneb,,0.8007964491844177,
financial aid,funding,,0.7657015919685364,
experimental medicine and biotechnology,experimental biomedicine,,0.959804117679596,
vice chancellor,vice chancellor office,,0.9498810768127441,
teologia morale,teología moral,,0.7605860233306885,
history and international relations department,history department,historical and pedagogical faculty,0.8686995506286621,0.732559084892273
walgreens,retail pharmacy,,0.7173051834106445,
sciences de la terre et de l'univers,sciences et génie des matériaux,,0.8756507039070129,
dental clinic,dental clinics,,0.9676153659820557,
alumno,alumni,,0.7974066734313965,
music and choreography,choreography,,0.8937846422195435,
thomas h. gosnell life sciences,gosnell life sciences,,0.8401058912277222,
bank of england,nhs england,,0.7270388603210449,
hepatology and liver transplantation,hpb surgery and liver transplantation,,0.9451343417167664,
edmund mach foundation,links foundation,,0.6404992341995239,
biotechnology and life science,biotechnology and life sciences,,0.99140465259552,
ingenieria geological,geology and geological engineering,,0.8468315601348877,
ethnobotany,ethnography,,0.8155021667480469,
icra,icr,carim,0.7486186027526855,0.7453471422195435
"biological, earth and environmental science","biological, earth and environmental sciences",,0.9883724451065063,
research & development,research and development,,0.9964786767959595,
advanced robotics,intelligent robotics,,0.9306924939155579,
business and economy,economy and business,,0.9849532842636108,
network,network and communication,,0.8913053274154663,
icredd,icc,,0.7255806922912598,
mental and physical health and preventive medicine,preventive medicine and public health,,0.8718949556350708,
clinical care,clinical medicin,,0.923675537109375,
amgen inc,amgen,,0.8881484866142273,
integrative neurophysiology,neurophysiology,,0.9284195303916931,
natural science research institute,natural sciences research institute,,0.9857715964317322,
"geography, environment, and spatial sciences",geography and spatial sciences,geography-geology,0.9739814400672913,0.8812096118927002
national clinician scholars program,medical scientist training program,,0.7421240210533142,
steelmaking,metalworking,metallurgical science and engineering,0.8258445858955383,0.625393271446228
chimestry,chimistry,,0.7888555526733398,
lamhess,lam,lthe,0.8167834877967834,0.6365160942077637
scut,uts,,0.8771824240684509,
trauma service,trauma services,,0.9789556860923767,
centre for mental health research,centre for mental health,,0.9108805656433105,
engineering and applied sciences seas,marine science and engineering,applied mechanics and engineering sciences,0.9033136367797852,0.8148123025894165
escola tècnica superior d'enginyeria industrial de barcelona,escola tècnica superior d'enginyeria de telecomunicació de barcelona,,0.9257315397262573,
sp,spe,,0.8801581859588623,
quantum,quantum matter,,0.862389326095581,
andalusian earth sciences,earth sciences,,0.7516907453536987,
australian centre,australian business,,0.7971025705337524,
hainan general hospital,huashan hospital,,0.8503901958465576,
training and development center,training center,,0.9276430606842041,
jean piaget polytechnic south,jean piaget polytechnic north,braganca polytechnic institute,0.8424702286720276,0.6822462677955627
management and organisation,management & organisation,,0.9970507621765137,
ship science,nautical science,,0.865381121635437,
noirlab,unab,,0.7704755067825317,
division of structural biology,structural biology division,,0.9605085253715515,
alumni,alumno,,0.7974066734313965,
max planck human development,max planck developmental biology,,0.8417410254478455,
media & cultural studies,media and cultural studies,,0.9967994689941406,
medical physics and biomedical engineering,medical physics & biomedical engineering,,0.9959703087806702,
isr-1: space science & applications,isr-2: space and remote sensing,,0.8540472984313965,
global discovery chemistry,discovery chemistry,,0.8955807089805603,
spanish agency for international development cooperation,international development cooperation,,0.7085013389587402,
ims laboratory,lab,,0.9286351203918457,
booz allen hamilton united states,booz allen hamilton inc,,0.9113857746124268,
"histology, cytology and embryology","histology, embryology and cytology",,0.998707115650177,
naval architecture & ocean engineering,naval architecture and ocean engineering,,0.9976902008056641,
arab,arabic,,0.9624144434928894,
xinjiang ecology and geography,"xinjiang ecology and geography, chinese academy of sciences",,0.8408875465393066,
inflammation and immunity,inflammation & immunity,,0.9951673746109009,
gene center,genome centre,,0.8706066012382507,
"dipartimento di economia, management, istituzioni",dipartimento di economia e management,"dipartimento di industrial design, delle arti, della comunicazione e della moda attivo dal 01/01/1900 al 31/12/2012",0.9563744068145752,0.7222495079040527
materials engineering and science,materials science and engineering,,0.9955530166625977,
ningbo materials technology and engineering chinese academy of sciences,"ningbo materials technology and engineering, chinese academy of sciences",graduate chinese academy of sciences,0.9954589605331421,0.8386651277542114
daqbi,nasf,,0.8291762471199036,
centre for linguistics,centre for applied linguistics,,0.9548640251159668,
national higher industrial ceramics,ceramics,,0.7657860517501831,
technological ciudad juárez,technological ciudad guzmán,,0.843235433101654,
general surgery service,surgery service,,0.9365243911743164,
pest management,pest control,,0.9364036917686462,
graduate in dentistry,graduate dentistry,,0.9659620523452759,
disability,disability and human development,,0.8590524196624756,
physical-mathematical,mathematical-physical,,0.9872764348983765,
laboratoire de chimie et physique quantiques,laboratoire de chimie physique,,0.9645391702651978,
london knowledge lab,london centre for nanotechnology,london research institute,0.7814712524414062,0.8382760286331177
protestant theological faculty,evangelical theological faculty,,0.9152421951293945,
us air force research laboratory,united states air force research laboratory,,0.9739128351211548,
crop breeding,crop genetics and breeding,,0.9314364790916443,
faculté des sciences historiques,sciences historiques,institut des sciences du végétal,0.8776558637619019,0.7103322148323059
dcbs,dcb,,0.841785192489624,
urban economics and public administration,public economics and administration,,0.8800116777420044,
evidence based practice unit,evidence-based medicine,,0.7722806930541992,
data team,data science team,,0.9355875849723816,
key laboratory of polymer ecomaterials,state key laboratory of polymer materials engineering,,0.8611664772033691,
texas scottish rite hospital for children,texas children's hospital,,0.8544150590896606,
cvrm,cnrm,,0.8653549551963806,
piauí state education,state education piauí,,0.9659036993980408,
dept. of biochemistry and molecular biology,dept. of biochemistry,,0.9591802954673767,
doctoral health sciences,doctoral clinical medicine,,0.9170370101928711,
languages ​​and education,languages and education,,0.9276123046875,
business school bi,business school,,0.9580246210098267,
"先端学術院先端学術専攻　素粒子原子核コース/particle and nuclear physics program,graduate advanced studies","先端学術院先端学術専攻　分子科学コース/molecular science program,graduate advanced studies",,0.9483332633972168,
tumor pathology,tumour biology,,0.9217643141746521,
"computational mathematics, science, and engineering","computational mathematics, science and engineering",,0.996440052986145,
"endocrinology, metabolism and diabetes","endocrinology, diabetes and metabolism",,0.99880450963974,
"languages, cultures and linguistics","languages, linguistics and cultures",,0.9982621669769287,
dept. of english,english dept.,,0.944229781627655,
arab academy for science technology and maritime transport - cairo campus,arab academy for science technology and maritime transport,,0.9066590070724487,
laureate brain research,brain research,,0.9076431393623352,
pedagogy and psychology school,pedagogy and psychology department,,0.9193722009658813,
paris mines,national mines of paris,,0.8868052959442139,
itc faculty geo-information science and earth observation,geo-information science and earth observation itc,,0.8420707583427429,
preventive and restorative dentistry,preventive dentistry,,0.957089364528656,
ilas,isas,,0.8831676244735718,
diplomatic academy vienna,diplomatic academy of vienna,,0.9845770001411438,
engineering in bilbao,bilbao engineering,,0.930330216884613,
climate change department,climate change division,,0.8827599883079529,
critical patient unit,critical care unit,,0.9577418565750122,
energy and mining institute,energy institute,,0.8879485726356506,
applied chemistry and life science,life science and applied chemistry,,0.9803334474563599,
humanities and behavioral,behavioral sciences,,0.8142841458320618,
geography degree,degree in geography,,0.9543012380599976,
geology and geophysics chinese academy of sciences,"geology and geophysics, chinese academy of sciences",,0.9927437901496887,
geography degree,degree in geography,,0.9543012380599976,
applied cancer science,cancer science,cancer immunology and aids,0.8768985867500305,0.7550869584083557
medicna,medicne,,0.9642478823661804,
center for excellence in teaching and learning,centre for excellence in teaching and learning,,0.9830553531646729,
saludcoop eps,dcs,coomeva eps,0.7357736825942993,0.8000938892364502
culture and society - anthropology,social and cultural anthropology,,0.9711639881134033,
special services,specialized services,,0.8977779150009155,
research natural products,natural products,,0.8867746591567993,
mountain research center,rocky mountain research station,,0.8663849830627441,
endocrinology & metabolism,endocrinology and metabolism,,0.9962616562843323,
nbs,bsit,,0.8565331101417542,
sipa,ipa,,0.839483916759491,
royal marsden nhs foundation trust,royal berkshire nhs foundation trust,royal postgraduate medical school,0.8837790489196777,0.6070598363876343
data and ai,data & ai,ibls,0.9933841228485107,0.6915856599807739
"earth, environment, and planetary sciences","earth, environmental, and planetary sciences","astrophysical, planetary, and atmospheric sciences",0.9932370185852051,0.8798121213912964
environmental academic corporation,international corporation for educational development,,0.7407259941101074,
general dental practice,general dentistry,,0.9469835758209229,
archiv,archive,,0.9210425615310669,
otolaryngology and head & neck surgery,"otolaryngology, head & neck surgery",,0.9986317753791809,
agroecology - soil physics and hydropedology,agroecology - soil fertility,,0.8413705825805664,
ibe,dibe,,0.8839464783668518,
paul scherrer institute,paul scherrer institute psi,,0.8731139898300171,
fugro,feagri,,0.7578940391540527,
exact sciences and technology,exact sciences and technologies,,0.986727237701416,
extension department,research and extension department,,0.8503697514533997,
business administration and information technology,business and information technology,,0.9309581518173218,
electrical and electronics technology,electrical and electronic technology,,0.9864183664321899,
postgraduate program in dentistry,graduate program in dentistry,,0.9857853055000305,
ship sea and energy power engineering,ship and ocean engineering,thermal and power engineering,0.8953278064727783,0.7211036086082458
life science institute,life science research institute,,0.9780973196029663,
quality management,quality management department,,0.9394718408584595,
guy,mrl,,0.7898344993591309,
physics and solar energy,physics and astronomy,,0.8124595880508423,
optical networks,optical communications,optical communication,0.8922244310379028,0.8329842686653137
b-11: bioenergy and biome sciences,biosciences & bioengineering,,0.784765899181366,
national centre for cell science,national centre for biological sciences,,0.8892707228660583,
laboratory animals,laboratory animal resources,,0.9065218567848206,
northern clinical school,clinical school,,0.7850996255874634,
ugel,utel,,0.7873742580413818,
theoretical biophysics,theoretical and computational biophysics,,0.9600376486778259,
atmosphere and ocean research institute,ocean research institute,,0.858025312423706,
technological and higher studies monterrey,monterrey technology and higher education - querétaro campus,,0.9157716631889343,
clinical pathology department,dept. of pathology,,0.9123344421386719,
psychology and social behavior,psychiatry & human behavior,,0.9232075214385986,
qatar environment and energy research institute,qatar computing research institute,,0.83488529920578,
bachelor of veterinary medicine,degree in veterinary medicine,,0.9055290818214417,
griffith law school,griffith business school,,0.8799189329147339,
teaching center for foreigners,foreign language center,,0.8485351800918579,
undergraduate studies,undergraduate education,,0.9544519782066345,
nuclear dynamics,nuclear theory,,0.8670473694801331,
audio,sound,,0.8754677176475525,
"複合科学研究科情報学専攻/ informatics, multidisciplinary sciences","複合科学研究科統計科学専攻/ statistical science, multidisciplinary sciences",,0.958885133266449,
navoi state pedagogical institute,andijan state pedagogical institute,,0.8246426582336426,
systems and computer engineering,computer engineering and systems,,0.9889620542526245,
biochemistry and molecular and cellular biology,biochemistry and cellular and molecular biology,,0.9988210201263428,
english and other foreign languages,english and foreign languages,,0.9911099672317505,
instrument faculty,music faculty,applied sciences faculty,0.9150384664535522,0.7040025591850281
"postgraduate program in mining, metallurgical and materials engineering",postgraduate program in engineering and materials science,,0.907826840877533,
nutriomics,nutrition and dietetics,,0.8902617692947388,
japan agency for marine-earth science and technology,japan science and technology agency,,0.9106615781784058,
inserm,insa,,0.8633132576942444,
rare earths,earth resources,,0.7270189523696899,
economic and management,economic & management,,0.9970741868019104,
philosophy and human sciences,philosophy and social sciences,,0.9736282229423523,
interdisciplinary studies program,interdisciplinary graduate program,,0.9260402917861938,
"biology, chemistry & earth sciences","biology, chemistry and earth sciences",,0.9956691265106201,
t.h. chan public health,th chan public health,,0.9001814126968384,
"departament d'antropologia, filosofia i treball social",departament d'antropologia social i cultural,,0.879804253578186,
reliability and systems engineering,reliability and system engineering,,0.9920202493667603,
psychology and sport science,psychology and sports science,,0.9912567138671875,
centro federal de educação tecnólogica de minas gerais,centro federal de educação tecnológica de minas gerais,,0.9940611124038696,
spa,"hospitality, tourism and wellness",scottish hotel school,0.6907063126564026,0.5018819570541382
colombo north teaching hospital,colombo south teaching hospital,,0.7999746799468994,
electronic & communication,electronic and communication,,0.9954513311386108,
vice -rectorate of linking,vice-rectorate for research and postgraduate studies,,0.7843056917190552,
cwc,pwc,,0.8667421340942383,
nizhny novgorod state medical academy,izhevsk state medical academy,,0.9205490946769714,
peb,ieb,,0.7649862766265869,
liberal arts department,liberal arts,,0.9103634357452393,
"psychological sciences, health and territory",psychology and health sciences,,0.8466058373451233,
antimicrobial resistance,antibiotics,,0.8291551470756531,
"electrical, computer, and energy engineering","electrical, computer and energy engineering",,0.9970690011978149,
public health - health services research,public health research,,0.9533796310424805,
european research executive agency,european commission joint research centre,,0.7935782670974731,
"public health, graduate medicine",graduate public health,,0.9199247360229492,
centro de ensino superior de uberaba,centro de ensino superior de foz do iguaçu,instituto cenecista de ensino superior de santo ângelo,0.8393245935440063,0.7188705205917358
health behavior & health education,health behavior and health education,,0.9980734586715698,
library system,library systems,,0.9713486433029175,
earthquake and geotechnical engineering,earthquake engineering,,0.9386548399925232,
"computing, informatics, and decision systems engineering",information systems and decision sciences,,0.9119405746459961,
cese,cesem,,0.8773669004440308,
committee on immunology,committee on cancer biology,,0.8002862930297852,
pré-vestibular social,social scienes,,0.7502054572105408,
micro/nano electronics,micro and nano electronics,,0.9802409410476685,
"centre for agroecology, water and resilience",centre for ecology and hydrology,centre for environmental strategy,0.8372522592544556,0.7438176870346069
texas water resources institute,annis water resources institute,,0.8166433572769165,
national public health - ensp,national public health,,0.9247017502784729,
summer sense,sense,,0.6872382164001465,
drcc,dcc,,0.8790128827095032,
national,national culture,,0.7611070871353149,
"water, energy and environment",water energy and environment,,0.9667004942893982,
national charters,epic systems united states,,0.6664263010025024,
bariatric and metabolic surgery,bariatric surgery,,0.8910301923751831,
education and childhood,childhood and education,,0.9670793414115906,
mangement studies,behavioral studies,,0.7684048414230347,
didactics of language and literature,language and literature didactics,,0.928982138633728,
early attention,early intervention,,0.7966594696044922,
department medicine,departmental medicine,,0.9806926250457764,
"electrical, computer, and biomedical engineering  engineering and architectural science","electrical, computer, and biomedical engineering",,0.9340638518333435,
bioinformatics and modelling,bioinformatics,,0.91423499584198,
pharmaceutics and biopharmaceutics,pharmaceutics,,0.9486185312271118,
katedra bohemistiky,katedra pedagogiky,,0.7787160873413086,
kinesiology and community health,kinesiology & community health,,0.9968940019607544,
proex,propec,,0.8511948585510254,
instituto federal de educação ciência e tecnologia do rio grande do norte,"instituto federal de educação, ciência e tecnologia do rio grande do norte",,0.9927070140838623,
electronic technology,electronic technologies,,0.98465496301651,
complexity science,complexity science and engineering,,0.9204297065734863,
critical studies in education,educational studies,,0.8744426965713501,
exact sciences united states,science systems and applications united states,,0.7719780802726746,
accident research centre,recover injury research centre,,0.781074047088623,
health tech,health technology,,0.9836086630821228,
agricultural extension and communication,agricultural extension & communication,,0.9973441958427429,
quimica industrial,química industrial,,0.9453214406967163,
soe,soes,,0.9274080395698547,
soil management,soil resources management,,0.9535303115844727,
v.m. glushkov cybernetics,glushkov cybernetics,,0.9665390253067017,
administración general,dirección general de administración,,0.9283763766288757,
social and humanitarian disciplines,humanitarian and socio-economic disciplines,,0.9324676394462585,
governing board,board member,public and business administration,0.8677035570144653,0.62452232837677
food technology,food technologies,,0.9803696870803833,
safety and ocean engineering,ocean engineering,,0.8797440528869629,
public health and caring sciences,public health and health sciences,,0.9641456007957458,
pain department,painting department,,0.9363480806350708,
pravara medical sciences,amala medical sciences,veer surendra sai medical sciences and research,0.883709728717804,0.795668363571167
center for epigenetics,genetics center,,0.8389455676078796,
administrative sector,administrative department,,0.8920192122459412,
grainger engineering,volgenau engineering,,0.8065862655639648,
visavet health surveillance centre,health surveillance,,0.7848712205886841,
industrial ecology,industrial,,0.8221274614334106,
"物理科学研究科構造分子科学専攻/ structural molecular science, physical sciences","物理科学研究科機能分子科学専攻/ functional molecular science, physical sciences",,0.9792816042900085,
family medicine clinic,family clinic,,0.9610058069229126,
biochemistry & cellular and molecular biology,biochemistry and cellular & molecular biology,,0.9986617565155029,
energy and propulsion,energy and fuel,,0.9330525398254395,
development strategy and governance division,development strategy and governance,,0.8712613582611084,
biology; environmental studies,"biology, environmental studies",,0.9870263934135437,
mechanical and equipment engineering,mechanial engineering,,0.95136559009552,
assessoria de comunicação social,assessoria de comunicação e marketing,,0.91644287109375,
dept. of dermatology,division of dermatology,,0.9117689728736877,
arctic geophysics,arctic geology,,0.9344668388366699,
international social sciences division of international social sciences,social sciences division,,0.8860619068145752,
maastricht science programme,maastricht sustainability institute,,0.7810975313186646,
centre for isotope research,isotope research,,0.824368953704834,
biochemistry and biology,"biochemistry, biology",,0.9955772757530212,
clinical medicine - radiology,radiology,,0.9229714870452881,
"personality, evaluation and psychological treatment","personality, evaluation and psychological treatments",,0.9901518821716309,
electrical engineering systems,electrical engineering - systems,,0.9825412631034851,
dyestuff technology,creative technology,birla technology,0.8098016977310181,0.6854653358459473
inisa,unisa,,0.8347491025924683,
electrical electronical engineering,electrical and electronical engineering,,0.9872785806655884,
public policy studies,policy studies,,0.9544411897659302,
mendoza business,olin business,,0.7539011240005493,
arup,up,,0.8614014387130737,
chemical and bio-molecular engineering,chemical and biomolecular engineering,,0.9895414113998413,
invertebrate paleontology,vertebrate paleontology,biology-geology,0.9883870482444763,0.7592963576316833
letters and philosophy,"letters, philosophy, communication",,0.9432814121246338,
mmm,igmm,,0.9396780729293823,
national advanced driving simulator,center for advanced vehicular systems,,0.7140188217163086,
business marketing,marketing and business,,0.9685706496238708,
physics and math,"physics, math",,0.9966890811920166,
watson international and public affairs,woodrow wilson public and international affairs,government and foreign affairs,0.763778805732727,0.5921353101730347
buddhism,buddhist philosophy,,0.9096818566322327,
intelligent computing,intelligence and computing,,0.9221398830413818,
rf engineering,engineering,,0.9326226711273193,
cuny medicine,of medicine,,0.8699262142181396,
computer sciences and information technology,computer sciences and information technologies,,0.9904738664627075,
imagiologia,histologia,,0.8213851451873779,
london economics and political science economics,london economics and political science,,0.9722642302513123,
tianjin eye hospital,jinling hospital,,0.8513537049293518,
pedagogical management directorate,pedagogical management,,0.8643126487731934,
theatrical studies,theater studies,,0.9219036102294922,
feng,faeng,,0.8894737958908081,
fea-usp,feusp,,0.9209057688713074,
"biophysics, chinese academy of sciences",biophysics chinese academy of sciences,,0.9855512976646423,
clinical optometry,optometry and ophthalmology,,0.8838214874267578,
toxicology centre,toxicology,,0.8037033677101135,
centre for international studies,center for international studies,,0.9730997085571289,
scientific and technical information,address scientific and technical information,,0.9613646268844604,
institut teknologi telkom purwokerto,institut teknologi sumatera,nokia research center,0.7352824211120605,0.5759814381599426
physics and communication electronics,physics and electronic,,0.9423543214797974,
language and cultural studies compared,linguistic and cultural comparative studies,,0.9333368539810181,
"history, archeology, geography, art and entertainment sagas","history, archeology, geography, art and entertainment",,0.9286628365516663,
theoretical physics,theoretical physics i,,0.9894005656242371,
medical diagnostics,diagnostics,,0.9627252817153931,
cp3,cp3-origins,,0.8315727710723877,
society of fellows,martin buber society of fellows,,0.7538516521453857,
technical communication,information communication,,0.8736615180969238,
softserve,softserve united states,,0.835132360458374,
smart energy,energy technology,,0.8946424722671509,
electronic and computer engineering,electronic & computer engineering,,0.9976863861083984,
geometry,geometry and topology,,0.8964271545410156,
instituto superior de economia e gestão,iseg - instituto superior de economia e gestão,,0.9238070845603943,
environmental and marine sciences,marine and environmental sciences,,0.9770774841308594,
academic division of social sciences and humanities,division of social sciences and humanities,,0.9709264039993286,
computational engineering and sciences,computational sciences and engineering,,0.9965121150016785,
animal science faculty,animal science department,,0.8820376396179199,
reseach and development,reseach & development,,0.9951372146606445,
computational and communication science and engineering,communication science and engineering,,0.9349114894866943,
family and consumer sciences,family & consumer sciences,,0.9939361214637756,
pediatric emergency department,pediatric emergency room,,0.9764770865440369,
pedagogy and psychology school,pedagogy and psychology department,,0.9193722009658813,
bbt,tb,,0.9258061647415161,
management center innsbruck,materials center leoben forschung gmbh,,0.6295570135116577,
mechanical engineering & aeronautics,mechanical engineering and aeronautics,,0.9981508255004883,
fine art painting,painting,,0.9147218465805054,
agricultural and food engineering,agricultural & food engineering,,0.996979296207428,
eucim business school,eude business school,,0.8605996370315552,
information and science technology,information technology and science,,0.9880648851394653,
hellenic centre for marine research,marine research,,0.7323387861251831,
business science,business sciences,,0.9462737441062927,
kansai photon science institute,japan atomic energy research institute,,0.8130865693092346,
iramis,ceisam,,0.7653295397758484,
state key laboratory of information photonics and optical communications,state key laboratory of transient optics and photonics,optical information science and technology,0.9058400392532349,0.6997308731079102
water resources and irrigation,irrigation water management,,0.910926342010498,
library coordination,library coordinating body,,0.8999791145324707,
administration secretary,administrative secretary,,0.8702715635299683,
commerce and managment,commerce and management,,0.9865292310714722,
management and education,education and management,,0.981469988822937,
materials and manufacturing directorate,manufacturing department,,0.833946704864502,
nuclear research and nuclear energy,nuclear engineering,,0.8558937907218933,
aquatic,aquatics,,0.9411550760269165,
ekonometri,econometrics and statistics,,0.7667932510375977,
environmental chemistry,chemistry and environment,,0.9487032890319824,
lut engineering sciences,lut engineering science,,0.9801173210144043,
marketing and advertising,marketing & advertising,,0.9955205917358398,
school for future of innovation in society,education and innovation,,0.8514676690101624,
rudn,nri,,0.7154251337051392,
"arts, humanities & social sciences","arts, humanities and social sciences",,0.9954774975776672,
cytopathology,phytopathology,,0.8693417310714722,
science faculty biology department,"science, biology department",,0.9639590978622437,
division of global hiv & tb,division of global hiv and tb,,0.9913630485534668,
radiophysics department,radiophysical department,,0.9294662475585938,
umass memorial medical center,umass medical school,,0.8028870820999146,
manchester medical school,chester medical school,,0.9397705793380737,
rega medical research,medical research,,0.8524478673934937,
pedagogy and educational management,"pedagogy, psychology and educational management",,0.9247180223464966,
biomedical engineering and physics,biomedical engineering & physics,,0.9971331357955933,
technological santo domingo - intec,technological santo domingo,,0.9591747522354126,
investigación social,vicerrectoría de investigación y proyección social,historia de la comunicación social,0.793748140335083,0.6706966161727905
lancashire business school,liverpool business school,,0.8193773627281189,
yale medicine,yale public health,,0.7985491752624512,
ufr sciences du vivant,sciences du vivant,institut des sciences du végétal,0.956459105014801,0.7306439876556396
american association of retired persons,american historical association,american civilization,0.7176172137260437,0.4845121502876282
fashion business,fashion industry,,0.9258524775505066,
madrasah teacher education,tarbiyah and teacher training,,0.8017862439155579,
medical chemistry,medical chemistry and biochemistry,,0.9513957500457764,
business administration discipline,business administration management,,0.8744339942932129,
diagnostic and biomedical sciences,diagnostic and biological sciences,,0.9682291746139526,
infocommunication engineering,telecommunications engineering,,0.9265767335891724,
architecture and environmental sciences,environment and architecture,,0.8905854225158691,
"master education, president antonio carlos",tocantins institute president antônio carlos,instituto cenecista de ensino superior de santo ângelo,0.8463847637176514,0.6681548357009888
multidisciplinary residency in primary care,integrated multidisciplinary residency in health,,0.8829827308654785,
uc berkeley,berkeley education,,0.8711808323860168,
"ecology, evolution, and natural resources","ecology, evolution and natural resources",,0.9969881176948547,
neurointerventional radiology,neuro-radiology,,0.9285233616828918,
engineering business and management,engineering management,,0.9056124687194824,
community service,community work,,0.8931684494018555,
kazakh linguistics,kazakh language and literature,,0.9211657047271729,
laboratory of parasitology,laboratory of parasitic diseases,,0.9190413355827332,
architecture planning and design,architecture design and planning,,0.994559645652771,
icteam/ingi,icm,,0.7629297971725464,
"pedagogical, curricular and professional studies",educational studies,,0.8762576580047607,
centre for european & international studies research,centre for european studies,,0.9429545402526855,
sociology and political science,sociology & political science,,0.996124804019928,
google united kingdom,microsoft research united kingdom,,0.7710345983505249,
molecular medicine and medical biotechnologies,molecular medicine and medical biotechnology,,0.9886993169784546,
psychology of education and psychobiology,psychology of education,,0.9639222621917725,
istituto di scienze marine consiglio nazionale delle ricerche,istituto di scienze marine,,0.8816978335380554,
food nutrition,food and nutrition,,0.979088306427002,
theoretical and experimental biophysics,"physics, biophysics",,0.8923048973083496,
isr-1,isr,,0.7639018893241882,
edytem,edmi,,0.7706390619277954,
"cognitive, linguistic, and psychological sciences","cognitive, linguistic and psychological sciences",,0.997055172920227,
mps,sps,,0.8961695432662964,
"astronomical observatory institute, physics",astronomical institute,,0.8718817234039307,
european xfel gmbh,fau erlangen-nuremberg,,0.7463090419769287,
chapadinha science center,imperatriz science center,,0.7697125673294067,
prince felipe research centre,research center paul pascal,,0.7887802124023438,
state government of paraíba,government of state of paraíba,,0.9917935132980347,
antioquia,antoquia,,0.9019105434417725,
"science, technology, engineering and public policy steapp","science, technology, engineering and public policy",,0.9345845580101013,
south african medical research council,medical research council,,0.8138558268547058,
division of adolescent medicine,adolescent medicine,,0.9018356800079346,
english for international business,business english,,0.8898815512657166,
master's degree in biotechnology,graduate in biotechnology,,0.8808908462524414,
"sciences, biology and ecology",biology & ecology,,0.9163954257965088,
testing center,test center,experimental cardiology cardiology research center,0.9711731672286987,0.7004669904708862
knowledge services,knowledge enterprise,,0.8107293844223022,
literature and communication,literature and language,,0.9179764986038208,
departamento de ingeniería mecánica y diseño industrial,departamento de ingenieria industrial,,0.9333102107048035,
chesapeake biological laboratory,microbiology lab,,0.7509986162185669,
systems and computer engineering research and development in lisbon,systems and computer engineering research and development,,0.7820072174072266,
csedata science,cse-data science,,0.8291968107223511,
facatativá,facatativa,,0.8890215754508972,
askew public administration and policy,evans public policy & governance,,0.8515920639038086,
radiation medicine and applied sciences,radiology and radiological sciences,,0.8916767835617065,
ncsu libraries,uc libraries,,0.8511788845062256,
technosphere safety,safety engineering,,0.7657831907272339,
communications and culture,culture and communications,,0.9831247925758362,
accounting and taxation,accounting and tax,,0.9686341285705566,
korea research ships and ocean engineering,korea ocean science and technology,,0.8811419606208801,
bartlett planning,bartlett development planning unit,,0.881977915763855,
centre for genomic regulation,genomic regulatory center,,0.8891549110412598,
management and education,education and management,,0.981469988822937,
research center for pharmaceutical ingredients and traditional medicine,research center for chemistry,,0.7686681747436523,
behavioral science,behavioural science,,0.9732576608657837,
city hall of caxias duke,cariacica city hall,,0.7506974935531616,
technion israel technology,technion – israel technology,,0.9865332841873169,
laboratoire de physique de la matière condensée,laboratoire de physique théorique de la matière condensée,,0.9749833941459656,
anil surendra modi commerce,atal bihari vajpayee indian information technology and management,,0.6671857833862305,
labcorp united states,schlumberger united states,at&t bell labs,0.7227215766906738,0.5994380712509155
feng,faeng,,0.8894737958908081,
leeds arts and humanities research institute,leeds arts,research centre for english and applied linguistics,0.7455472946166992,0.6488279104232788
eth library,library,,0.8819750547409058,
environment and health department,environmental health department,,0.9833732843399048,
institut des sciences analytiques et de physico-chimie pour l'environnement et les matériaux,institut des sciences analytiques,,0.8889436721801758,
inder,inem,,0.8402831554412842,
tropical forestry and forest products,tropical forestry,,0.8911082148551941,
law and social and political sciences,law and political and social sciences,,0.9966780543327332,
ppge3m,ppg3m,,0.954077422618866,
composite materials,composite materials and structures,,0.9284674525260925,
ifom-ieo campus,campus,,0.8307445049285889,
diagnostic and health department 'public,diagnostic and public health,,0.9077508449554443,
dmm,dmmt,,0.9767705202102661,
iium islamic banking and finance,islamic banking and finance,,0.9718823432922363,
communication and arts school,communications and arts school,,0.9829393625259399,
agronomic and environmental sciences,agro-environmental sciences,,0.9482624530792236,
sustainable energy and environment thrust,sustainable energy and environment,,0.9117622375488281,
cintel,intel,,0.7914827466011047,
faculté de droit et sciences politiques,faculté de droit et des sciences politiques,,0.9956185817718506,
usda,usda ars,,0.9225819110870361,
mechanical enginneering,mechanical enginering,,0.976239800453186,
water and flood management,water management,,0.8654662370681763,
latin american social sciences ecuador,latin american social sciences,,0.8230609893798828,
icmab-csic,icm,,0.8337849378585815,
dental research institute,dental science,,0.8497974872589111,
information technology and telecommunications,communication and information technology,,0.9826289415359497,
grants management,grants administration,,0.8989448547363281,
education and professional development,education & professional development,,0.9980047345161438,
capital pediatrics,"pediatrics,",,0.7923229932785034,
ksma,iks,m.p.c,0.81764155626297,0.7029981017112732
marxism,marxism-leninism,,0.9248683452606201,
upcomming,upm,,0.6970561146736145,
primary school pedagogy,primary school education,,0.9212849140167236,
bioengineering and biomedical engineering,biological and biomedical engineering,,0.9759762287139893,
crann,teagasc,,0.7407979965209961,
aquaculture and marine pharmacology,zoology and aquaculture,,0.8212294578552246,
revenue,revenues,,0.9570558071136475,
biodiversity institute and forests,forest institute,,0.8708431720733643,
clarivate united states,intuit united states,,0.8832279443740845,
national ophthalmology,regional ophthalmology,,0.86579430103302,
biology and health sciences,health and biological sciences,,0.9771608114242554,
centre for craniofacial and regenerative biology,centre for craniofacial & regenerative biology,,0.9985178709030151,
physical-mathematical,mathematical-physical,,0.9872764348983765,
new york city health and mental hygiene,new york state health,,0.8209143280982971,
"electrical, electronic and systems engineering","electrical, electronic & systems engineering",,0.9978684186935425,
production division,production departament,,0.879642903804779,
medical radiology,clinical radiology,,0.9599297642707825,
laboratoire de physique corpusculaire,laboratoire de physique,,0.9551230072975159,
maintenance department,maintenance management,,0.8737697601318359,
escola normal superior,escola superior de gestão,,0.7465977668762207,
turku pet centre,pet centre,,0.7856151461601257,
center for cognitive science,centre for cognitive science,,0.977326512336731,
research and evaluation unit,research and evaluation department,,0.9075850248336792,
crop genetics and breeding,crop genetics,,0.9690988063812256,
chemcial engineering,chemistry and engineering,,0.9629392623901367,
research innovation and extension services,"research, innovation and extension services",,0.9838219285011292,
chemistry laboratory,chemistry lab,,0.9848007559776306,
public sector finance,public finance,,0.9450817108154297,
knowledge transfer office,technology transfer office,,0.8512223958969116,
research and development cell,research & development cell,,0.9962449669837952,
restorative dentistry - endodontics,restorative dentistry and endodontics,,0.9946876168251038,
geological engineer,geology engineering,,0.9458396434783936,
fusagasuga,sura,,0.8139790296554565,
departamento ingeniería industrial,departamento de ingenieria industrial,,0.9668687582015991,
historical musicology,music history,"history, sociology",0.9295922517776489,0.7715456485748291
microbiology and environmental toxicology,environmental and molecular toxicology,,0.936332106590271,
newcastle upon tyne hospitals nhs foundation trust,nottinghamshire healthcare nhs foundation trust,,0.8628512620925903,
emergency medicine department,urgent and emergency department,,0.9564970135688782,
lukoil russia,russian,,0.8612414002418518,
life science and health,life and health science,,0.9878512620925903,
public and international affairs,public & international affairs,,0.9955810308456421,
sensu broad expertise,graduate broad sense,,0.7959374189376831,
archaeology department,archaeological department,,0.9800549149513245,
building technologies,building technology,,0.9753068685531616,
rwth aachen,rohde &amp; schwarz germany,,0.7994987368583679,
collegue,colleg,,0.9588098526000977,
mechatronic engineering,mechatronical engineering,,0.9873495101928711,
schol,school,,0.8733706474304199,
rangeland ecology and management,"rangeland, wildlife and fisheries management",,0.9192652702331543,
education / teaching,education and teaching,,0.9888826608657837,
information science and electronic engineering,information science & electronic engineering,,0.9969819188117981,
mechanical & manufacturing engineering,mechanical and manufacturing engineering,,0.9978761076927185,
copernicus sustainable development,sustainable development,,0.7508126497268677,
statistical services,statistics and informatics,,0.9091572165489197,
citizen participation,public engagement,,0.8045673370361328,
oral health policy and epidemiology,public health policy,health and public affairs,0.8446128368377686,0.7586729526519775
climatology,bioclimatology,,0.8486519455909729,
lima this,lima.,,0.9036822319030762,
zicklin business,katz business,,0.7521374225616455,
cancer stem cell,cancer and stem cell biology,,0.924987256526947,
islamic thought and civilization,islamic civilization,,0.9358865022659302,
tuberculosis laboratory,medical microbiology laboratory,,0.8560467958450317,
rajiv gandhi intellectual property law,rajiv gandhi veterinary education and research,veer surendra sai medical sciences and research,0.7491703033447266,0.5585105419158936
oceanography and global change,oceanography and environment,,0.8442187905311584,
peace and development studies,peace and conflict studies,,0.9178026914596558,
graduate agriculture and life sciences,graduate agricultural and life sciences,,0.9941708445549011,
graduate program in veterinary medicine,graduate program in veterinary science,,0.9716811776161194,
vlbi,vlbi group,,0.8581889271736145,
donald and barbara zucker medicine at hofstra/northwell,donald & barbara zucker medicine at hofstra/northwell,medical pennsylvania hospital,0.9954348802566528,0.599166214466095
"science, engineering, and environment","science, engineering and environment",,0.996549129486084,
national physical laboratory csir,national chemical laboratory csir,,0.8953126668930054,
business administration & economics,business administration and economics,,0.9960519075393677,
material development,materials development,,0.9551318883895874,
fashion and textile,fashion and textiles,,0.9845450520515442,
plant and environmental protection,plant protection and environment,,0.9853339195251465,
political studies in paris,paris political studies,,0.9689483642578125,
materials science and engineeering,materials science and enginnering,,0.9151976108551025,
vehicle and transportation engineering,transportation and vehicle engineering,,0.9808029532432556,
global convergence,global governance,,0.8021591901779175,
"education, social sciences and humanities","education, humanities and social sciences",,0.9977782964706421,
center for artificial intelligence technology,artificial intelligence center,,0.9489519596099854,
sekolah tinggi ilmu statistics,program studi ilmu keperawatan,iain palangka raya,0.7111819982528687,0.703288197517395
communication & design,communication and design,,0.9933328628540039,
register,registration,,0.8964922428131104,
"life, health and environmental sciences","life, health & environmental sciences",,0.9955624938011169,
xuanwu hospital,xiyuan hospital,,0.958491325378418,
"chemistry, chemical engineering and life science","chemistry, chemical engineering and life sciences",,0.9952856302261353,
procurement sector,procurement department,,0.8402270674705505,
electric power research institute,energy research institute,,0.8856143355369568,
kastel,rptu kaiserslautern-landau,,0.6958791017532349,
oral medicine and periodontology,oral medicine & periodontology,,0.997472882270813,
campus crateús,campus alegrete,brazilian institute graduate and extension,0.8162639141082764,0.6574364900588989
clinical medicine - clinical epidemiology,clinical epidemiology,,0.9241817593574524,
national acoustic laboratories,national reference laboratory,,0.7718669176101685,
literature and language,literature and languages,,0.9678033590316772,
social neuroscience,behavioral neuroscience,,0.8875592947006226,
bod,human anatomy,,0.7741791605949402,
centrum catholic,centrum pucp,,0.6706359386444092,
foreign language teaching department,foreign language education department,,0.9646565318107605,
ddu kaushal kendra,krishna vigyan kendra,veer surendra sai medical sciences and research,0.8473688960075378,0.5361616611480713
1st pediatrics,pediatrics,,0.8453542590141296,
desert,desert studies,,0.7688527703285217,
"diabetes, obesity and metabolism institute",diabetes research institute,,0.8860153555870056,
public administration and government,government and public administration,,0.993084192276001,
transportation institute,transportation research institute,,0.9264104962348938,
insurance and risk management,risk management and insurance,,0.9771435260772705,
neurology/neurosurgery,neurology / neurosurgery,,0.9827427864074707,
program development of basic sciences,research and development,,0.8340083956718445,
environmental science and public policy,environmental science and policy,,0.9899324178695679,
faculdades integradas da união educacional do planalto central,"faculdade de educação, ciências e letras do sertão central",,0.9009096622467041,
language and literature department,languages and literature department,,0.9750465154647827,
ipaqs,ipa,ibls,0.7352430820465088,0.6267730593681335
japan aerospace exploration agency,japan agency for marine-earth science and technology,,0.8555068969726562,
political science & history,political science and history,,0.9967502355575562,
mathematics - degree,mathematics degree,,0.9827886819839478,
centre for sustainable development,center for sustainable development,,0.9701849222183228,
advanced mining technology center,technology center,,0.7601218223571777,
structural biology department,structural and functional biology department,,0.9467455744743347,
operations and decision technologies,technology and operations,,0.8663263916969299,
core engineering,engineering core,applied mechanics and engineering sciences,0.9539796710014343,0.7991718053817749
interdisciplinary neuroscience program,interdisciplinary program in neuroscience,,0.9915114641189575,
botany and plant pathology,botany & plant pathology,,0.9964733123779297,
modern languages and cultures,modern languages & cultures,,0.9956064224243164,
walter benjamin's colleague,dchab,,0.5202815532684326,
"biological, environmental, and earth sciences","biological, environmental and earth sciences",,0.9956279993057251,
abbvie,abbvie inc,lthe,0.9145292043685913,0.7200695276260376
medicines discovery catapult,discovery biologics,,0.7391676306724548,
clinical psychology and addiction,addictology,,0.8549085855484009,
information science & engineering,information science and engineering,,0.9965653419494629,
architecture and fine arts,fine arts and architecture,,0.9842062592506409,
gibs,ibb,,0.8278909921646118,
plant disease,plant medicine,,0.8034181594848633,
northern sydney local health district,sydney local health district,,0.9146940112113953,
laser department,laser center,,0.8634571433067322,
national library of france,french literature department,,0.7572469711303711,
orchestra faculty,musical-pedagogical faculty,,0.8658856749534607,
national fusion science,fusion science,,0.8094753623008728,
political science/international relations,political science & international relations,,0.9912552833557129,
veterinary and biosciences,veterinary sciences,,0.9306156039237976,
finance & banking,finance and banking,,0.9950974583625793,
educational and scientific centre « biology and medicine»,educational and scientific center biology and medicine,,0.9302244782447815,
russian academy of national economy and public administration under president of russian federation,russian presidential academy of national economy and public administration,,0.9624332189559937,
dean extension,extension board,,0.7267774939537048,
engineering of antioquia,antioquia technology,,0.8955122828483582,
yoga & naturopathy,yoga and naturopathy,,0.9984245896339417,
national scientific and technical research council conicet,national council of scientific and technical research conicet,,0.9882155060768127,
mental health and psychiatry,psychiatry and mental health,,0.9312996864318848,
peruvian studies,geophysical peru,,0.8175860047340393,
division of behavioral and organizational sciences,behavioral and organizational sciences,,0.8930743932723999,
instituto federal de educacao ciencia e tecnologia do amapa,"instituto federal de educação, ciência e tecnologia do amapá",,0.9491170644760132,
consulting division,consultancy,,0.815974235534668,
"culture, communication and media","culture, communication & media",,0.9958513975143433,
agricultural chemicals,agricultural chemistry,,0.8684234023094177,
cardio-thoracic-vascular health and 'public science,cardio-thoracic-vascular and public health sciences,,0.924445390701294,
agrophysics,physics/astronomy,,0.872506856918335,
departmen of chemistry,departemen of chemistry,,0.9875413179397583,
self-employed,selfemployed,,0.9884280562400818,
polícia civil do distrito federal,polícia militar do distrito federal,,0.9518426656723022,
"czech academy of sciences, archaeology, prague",czech academy of sciences,,0.8872052431106567,
central lab,central laboratory,,0.9698601961135864,
dapa,dapi,,0.8591959476470947,
peninsula schools of medicine and dentistry,peninsula medicine and dentistry,royal postgraduate medical school,0.8979457020759583,0.6768971681594849
pulkovo observatory,astronomical observatory,,0.6845754384994507,
physical education.,physical education,,0.9956289529800415,
electronic & information engineering,electronic and information engineering,,0.9975017309188843,
public health of mexico,state of mexico health institute,,0.9126228094100952,
stowers medical research,medical research,,0.8641471862792969,
phramongkutklao hospital,phramongkutklao medicine,,0.8714969158172607,
wihuri research institute,niilo mäki institute,,0.7346214652061462,
psychiatry and behavioral health,psychiatry & behavioral health,,0.9981340765953064,
national security studies,intelligence and security studies,,0.9156343340873718,
medical pathology,clinical pathology,,0.9403131008148193,
general agriculture,agriculture,,0.9048054218292236,
"energy, power and mechanical engineering",energy power and mechanical engineering,,0.9879540801048279,
physical and quantum chemistry,physical and theoretical chemistry,,0.9172577857971191,
advanced concepts team,innovation team,,0.8289362192153931,
software research institute,software institute,,0.9308182001113892,
global policy and strategy,policy and strategy,,0.8712546825408936,
spatial planning,spatial planning and development,,0.9605859518051147,
i-stem,i2m,basic electronic institute,0.7614438533782959,0.6649352312088013
paragominas campus,realengo campus,,0.8251984119415283,
veterinary surgery,veterinary medicine and surgery,,0.9259167313575745,
ministry of agriculture and forestry,ministry of environment and forestry,,0.8660387992858887,
art and education,education and art,,0.9914354681968689,
astrophysical sciences and technology,astrophysical sciences,"astrophysical, planetary and atmospheric sciences",0.9438808560371399,0.8948224782943726
sciences of health,sciences and health,,0.9748647212982178,
mmmi,mml,,0.9305500984191895,
colombo british school,english school,,0.7534657716751099,
science for quality of life,sciences for quality of life,,0.9400391578674316,
"center for human sciences, education and letters","center for human sciences, social and letters",,0.9692080616950989,
deparment of chemistry,departament of chemistry,,0.9424706697463989,
thermal energy storage,energy storage,thermal and power engineering,0.9147939682006836,0.6994714736938477
infantry school,infantry,u.s. naval academy,0.7847264409065247,0.5800489783287048
research & consultancy,research and consultancy,,0.9951847791671753,
t-5: applied mathematics and plasma physics,"physics, applied mathematics",,0.7962121963500977,
center for biosystems,center for microbiology,,0.8036260008811951,
terc,sct,,0.8685615658760071,
centre for plant biotechnology and genomics,center for biotechnology and plant genomics,,0.9733147621154785,
great southern river education department,ceará education department,,0.6798077821731567,
robotics and mechatronics engineering,mechatronics and robotics engineering,,0.9709041118621826,
center for biological and health sciences,center of biological and health sciences,,0.9877293705940247,
unip,unifip,,0.8520452976226807,
laboratoire de physique des gaz et des plasmas,laboratoire de physique des plasmas,,0.9244421124458313,
biological sciences and technology,biological science and technology,,0.9890681505203247,
"mathematical and computer sciences, physical sciences and earth sciences","mathematical, physical and natural sciences",,0.9374316930770874,
udabol,unibol,,0.6807079315185547,
agresearch ltd lincoln research centre,plant and food research lincoln,,0.8162790536880493,
research organization of science and technology,research science and technology,,0.8966050148010254,
public health and policy,public health & policy,,0.9972317218780518,
surgery and transplantation,transplantation surgery,,0.9608249664306641,
research support,research funding,,0.915454626083374,
macquarie medical school,macquarie law school,,0.8144205808639526,
pharmacy of monastir,medicine of monastir,,0.8571755886077881,
medical and biological sciences,biological and medical sciences,,0.9813698530197144,
intermediate,mid,,0.7760715484619141,
"instituto federal de educação, ciência e tecnologia do sul de minas gerais",instituto federal de educação ciência e tecnologia do sul de minas gerais,,0.992292046546936,
economics &amp; business,economics & business,,0.9533449411392212,
arts philosophy and education,arts philosophy and educational sciences,,0.9515918493270874,
j. mike walker '66 mechanical engineering,walker mechanical engineering,,0.6865041255950928,
holy house bh,religious,,0.728327214717865,
board of natural resources,academic board of natural resources,,0.8639837503433228,
rosario clinic,foscal clinic,,0.7284713983535767,
"economics, statistics and finance",economics and statistics,,0.9296908378601074,
biologia de água doce e pesca interior,biologia básica e oral,,0.7511148452758789,
integrated drug discovery,drug discovery & development,,0.8358743786811829,
applied mathematics and analysis,mathematical analysis and applied mathematics,,0.9741315245628357,
institut gustave roussy,institut gustave-roussy,,0.9418016672134399,
se,sece,,0.9269489049911499,
center for surgical science,surgical sciences,,0.8538197875022888,
cooperativa de ensino superior egas moniz,egas moniz cooperativa de ensino superior crl,instituto de engenharia mecanica e gestao industrial,0.8950085639953613,0.6700623035430908
stanford prevention research center,stanford center for biomedical informatics research,,0.8305771350860596,
cellular and organismic biology,molecular and cellular biology,,0.9445415735244751,
industrial and physical pharmacy,industrial pharmacy,,0.9386503100395203,
health sciences - physiotherapy,"health sciences, physiotherapy",,0.9889342188835144,
csce,csse,,0.8809036612510681,
"informatics, electronics and communication",information technology and communication,,0.9439749717712402,
immunology and infectious diseases,immunology & infectious diseases,,0.9974632263183594,
higher marine and coastal sciences,marine and coastal sciences,,0.9243252873420715,
agriculture victoria research,agriculture victoria,,0.8746618032455444,
coastal and marine resources management,coastal and marine resource management,,0.997931957244873,
educational studies and arts,education and arts,,0.9410680532455444,
digital media research centre,centre for eresearch and digital innovation,,0.8394774198532104,
professional graduate program in education,education - graduate program in education,,0.9674504995346069,
molecular and cellular biology department,molecular biology department,,0.98237544298172,
egaz moniz health and science,egas moniz health & science,,0.943884015083313,
hospital alemão oswaldo cruz,hospital de clínicas de porto alegre,,0.816125750541687,
global development studies,international development studies,,0.9392480850219727,
seam,deams,,0.7258490324020386,
electronics & communication,electronics and communication,,0.9958152770996094,
tisch arts,fine and performing arts,,0.8750221133232117,
armenian language and literature,armenian philology,,0.8226800560951233,
maternal child nursing,adult nursing,,0.822320818901062,
central de material e esterilização,central de abastecimento farmacêutico,,0.7827112078666687,
dept. of anesthesiology,anesthesiology department,,0.9337501525878906,
division of anatomy,functional anatomy,biological anthropology and anatomy,0.8755132555961609,0.7431147694587708
social work,social work and social care,,0.9395830631256104,
pau,pucp,,0.7894484996795654,
national minerals information center,national earthquake information center,,0.7742863893508911,
government and foreign affairs,government and international affairs,government & international affairs,0.9711071252822876,0.9697549343109131
power delivery,power supply,,0.9171737432479858,
"economic, corporate and statistics sciences",economic and business sciences,,0.8703888654708862,
film and media arts,film & media,,0.9537625908851624,
mathematics and technology institute,mathematics and computing institute,,0.9454280734062195,
biology medicine and health,"biology, medicine and health",,0.9830282926559448,
human and animals physiology,human and animal physiology,,0.9868687987327576,
communications office,communication office,,0.9463214874267578,
biological resource center,biological sciences center,,0.8845049142837524,
economics and business economics,economics and business,,0.9810184836387634,
remote sensing department,remote sensing division,,0.9332756996154785,
nutritional research institute,research institute,,0.8150684833526611,
saint-gobain recherche,saint-gobain,,0.9064818620681763,
iseg lisbon economics and management,lisbon economics and management,,0.949039101600647,
saint-petersburg state technological institute,saint petersburg state technological institute,,0.9858447909355164,
tsc,ctc,,0.872795581817627,
geospatial information science,geospatial information sciences,,0.9904629588127136,
national cancer center,national cancer center hospital,,0.9371836185455322,
neuronal networks,neuronal cell biology,,0.832654595375061,
rural clinical school,la trobe rural health school,,0.777299165725708,
hospital prof. dr. fernando fonseca,hospital professor doutor fernando fonseca epe,escola superior de enfermagem de bissaya barreto,0.93787682056427,0.659401535987854
dept. of biochemistry and molecular biology,dept. of biochemistry,,0.9591802954673767,
translational research and new technologies in medicine and surgery,medical biotechnologies and translational medicine,,0.9142357707023621,
political science & international relations,political science and international relations,,0.9963428378105164,
agricultural economics and rural development,agricultural economics & rural development,,0.9971105456352234,
instituto federal de educação ciência e tecnologia do rio grande do norte - mossoró,instituto federal de educação ciência e tecnologia do rio grande do norte,,0.9570214748382568,
prosthodontic department,prosthodontics department,,0.9918825030326843,
national health public school,national health school,,0.9394842982292175,
land and water resources management,water and land management,,0.9685197472572327,
translational genomics research institute,genomics institute,,0.9224729537963867,
automobile engg,automobile,,0.9371113181114197,
chemistry physics,chemistry and physics,,0.9767537117004395,
transportation research and injury prevention centre,transportation research institute,,0.7727886438369751,
medical devices,medical device,,0.9528785943984985,
plant genetics and crop plant research,plant breeding and seed science,,0.9068630933761597,
ifmg,ifnmg,,0.9125121831893921,
managing directors,managing director,,0.9046585559844971,
ibqm,iqb,,0.892295241355896,
humanities and liberal arts,liberal arts and humanities,,0.976344645023346,
chess,dice,,0.5787099599838257,
hep,lhep,,0.8932609558105469,
neurosurgey,neurology/neurosurgery,,0.9179776906967163,
ramón institute y cajal de research of sanitary,instituto de investigación sanitaria del hospital clínico san carlos,,0.786929726600647,
graduate precision engineering,graduate engineering science,,0.8920063972473145,
environmental life sciences,environmental and life sciences,,0.986351728439331,
technical electrochemistry,chemistry and technical electrochemistry,,0.9737886190414429,
marine technologies,marine technology,,0.98164302110672,
electronic and control engineering,electronics and control engineering,,0.990462064743042,
laboratory for studies in geophysics and spatial oceanography,laboratory of oceanology and geosciences,,0.9301864504814148,
visual computing and human-centered technology,human-centered computing,,0.8868098855018616,
agilent technologies inc,agilent technologies,,0.8649111390113831,
advanced studies in education,advanced education,,0.8998075127601624,
business support,business,,0.8210061192512512,
agricultural education & communication,agricultural education and communication,,0.9978501796722412,
paris mines,national mines of paris,,0.8868052959442139,
"chemistry, chinese academy of sciences",chemistry chinese academy of sciences,,0.9887130260467529,
theoretical computer science and mathematical logic,theoretical computer science,,0.939692497253418,
civil and systems engineering,civil and mechanical engineering,,0.9346232414245605,
production engineering and systems,production and systems engineering,,0.9918900728225708,
mechatronics and aviation,mechatronics and aerospace,,0.9591374397277832,
forestry and biotechnology,forestry sciences,,0.911361575126648,
information technology centre,information technology center,,0.9892692565917969,
health science and medicine,"health science, medicine",,0.9953307509422302,
"environment, earth and ecosystems",earth & environment,,0.9646124839782715,
"art, design and drama",art and design,,0.8731587529182434,
animal production research institute,animal health research institute,,0.9096556901931763,
chair of machine elements,chair of functional materials,,0.8266333341598511,
biomedical sciences and pharmacy,biomedical science and pharmacy,,0.99222731590271,
food service management and dietetics,food and beverage management,,0.8837056756019592,
computer science& engineering,computer science & engineering,,0.9923385977745056,
computer enginerring,computer enginering,,0.969762921333313,
"centre for earth, ocean and atmospheric sciences",centre for atmospheric and oceanic sciences,,0.9691634178161621,
cptec,ctec,,0.8656609058380127,
municipal office fortress of education,municipal education manaus,,0.7906496524810791,
energy and nuclear research,nuclear science and technology,,0.8890234231948853,
cmc,cmcc,,0.9081651568412781,
endovascular surgery,vascular and endovascular surgery,,0.9544714689254761,
"health, engineering and sciences",health sciences and engineering,,0.9785150289535522,
interior architecture design,interior architecture and design,civic design,0.9849246740341187,0.6843937635421753
research center for smart mechatronics,research center for electrical power and mechatronics,,0.8754714727401733,
ceico,ichca,,0.7927804589271545,
public economics and administration,economics and public administration,,0.9626045227050781,
incliva health research institute,health research institute,,0.9356355667114258,
physics and biochemical sciences,,,,
liberal arts and human sciences,liberal arts and sciences,,0.9812642335891724,
himalayan bioresource technology csir,microbial technology csir,,0.7294633388519287,
each,and,,0.7650203704833984,
catholic religious education,religious education,,0.8779958486557007,
indira gandhi development research,indira gandhi medical sciences,,0.791245698928833,
botany and plant biology,botany and plant physiology,,0.9668323397636414,
national library of medicine,medical library,,0.8585484027862549,
netherlands health services research,health services research,,0.8489956855773926,
malaysia education ministry,ministry of health malaysia,,0.7770542502403259,
biotechnology and health,health and biotechnology,,0.9833157062530518,
historii,historical,,0.8933650255203247,
human capital,human capital development,,0.8580178022384644,
electrical engineering and information,electrical engineering and electronic information,,0.9852525591850281,
power to food industries,food industries,,0.7657523155212402,
cambridge sustainability leadership,sustainability leadership,centre for environmental strategy,0.7580627799034119,0.5948168039321899
sk hynix,sk hynix inc,,0.9099231958389282,
ethnic studies,intercultural studies,,0.8557361364364624,
nigerian stored products research institute,national postgraduate medical nigeria,,0.6508272886276245,
"electrical engineering, mathematics, and computer science","electrical engineering, mathematics and computer science",,0.9967995882034302,
slavic studies of polish academy of sciences,literary research of polish academy of sciences,,0.8970935344696045,
"clinical infection, microbiology and immunology","clinical infection, microbiology & immunology",,0.9979164600372314,
departement of mathematics,departament of mathematics,,0.9909579157829285,
upf barcelona management,barcelona management,,0.9603198766708374,
plant and molecular biology,plant physiology and molecular biology,,0.9850499629974365,
forensic science laboratory,forensic laboratory,,0.9743523001670837,
"classical, romance and semitic philology","classical, french, arab and romanesque philology",,0.8955824375152588,
ppgta,ppg,,0.9184279441833496,
history and theory of state and law,theory and history of state and law,,0.9908738732337952,
civic design,architecture and urban design,architecture and cities,0.8733294010162354,0.8071551322937012
arts and culture studies,arts and cultural studies,,0.9874445199966431,
carlos iii health institute,carlos iii national center for cardiovascular research,,0.8186405897140503,
cancer centre,cancer center,,0.9913220405578613,
health education and recreation,health physical education and recreation,,0.9438079595565796,
production engineering and logistics,production engineering,,0.9117209911346436,
american civilization,american culture,american worlds,0.9194564819335938,0.8868525624275208
soft matter physics,material physics,,0.8649101257324219,
dgcye,dcc,,0.7443052530288696,
abc,dabc,,0.8427571058273315,
astrophysical observatory turin,astronomical observatory,,0.7474883794784546,
neuroscience and developmental biology,neurosciences and developmental biology,,0.991435170173645,
"human, social and environmental sciences",natural & social sciences,,0.9335620403289795,
dip,water,,0.7223249673843384,
lptm,lptms,,0.948351263999939,
new biology,discovery biology,,0.8697415590286255,
accounting & auditing,accounting and auditing,,0.9941021800041199,
symptom research,neuromuscular research,,0.7999861836433411,
signal transduction,signal processing,,0.9306206107139587,
saving center of fume cupboard,economy center of fume cupboard,,0.862748384475708,
polymer physics and chemistry,polymer chemistry and physics,,0.9976146221160889,
openai united states,uber ai united states,,0.7570908069610596,
canadian forest service,canadian wildlife service,,0.8446121215820312,
univem,unifg,,0.8693307638168335,
general and community pediatrics,general pediatrics,,0.9406371712684631,
acca,cci,,0.8853889107704163,
national research council,national scientific and technical research council,,0.9568576812744141,
science section,scientific section,,0.9589097499847412,
computer science and enginnering,computer science & enginnering,,0.9961313605308533,
uern,uergs,mech. eng.,0.827605128288269,0.6884942054748535
"medicine, public health, and nursing","medicine, public health and nursing",,0.99660325050354,
management and international business,management & international business,,0.9959878921508789,
it convergence engineering,convergence it engineering,,0.9262124300003052,
"ocean technology, policy, and environment",ocean science and technology,,0.8503285646438599,
biomarker,biomarkers,,0.9727562069892883,
cepn,cpe,,0.7993258237838745,
migration health department,migration health,,0.8914830684661865,
ucl child health,gos child health,,0.9733625650405884,
master's and doctoral program in engineering,postgraduate program in engineering,,0.9251242876052856,
center for interdisciplinary studies,center of interdisciplinary studies and research,,0.9610661268234253,
radio and tv,radio and television,,0.9913039803504944,
instituto politécnico de portalegre escola superior de educação e ciências sociais,instituto politécnico de leiria escola superior de educação e ciências sociais,,0.970776379108429,
executive presidency,presidential office,,0.8337229490280151,
electrical and computer engineering,electrical & computer engineering,,0.9973495006561279,
wuhan rock and soil mechanics chinese academy of sciences,"rock and soil mechanics, chinese academy of sciences",,0.964239776134491,
audiology and speech pathology,audiology & speech pathology,,0.9947868585586548,
national radio astronomy observatory,radio astronomy,,0.8616710305213928,
"english, communication, and philosophy","english, communication and philosophy",,0.9975537061691284,
"international, civil and commercial law",civil and commercial law,,0.9311051964759827,
neuropharmacology,neuropsychopharmacology,,0.9774636030197144,
climate change department,climate change division,,0.8827599883079529,
medicna,medicne,,0.9642478823661804,
seguro integral de salud,facultad salud,,0.8526908159255981,
central research electric power industry,clean energy research center,,0.7863143682479858,
post degree,post graduate degree,,0.9713462591171265,
english & cultural studies,english and cultural studies,,0.9975870847702026,
defense analysis,defense analyses,,0.9759899973869324,
"arts, philosophy",arts and philosophy,,0.9944249987602234,
"environment, enterprise and development",environment and sustainable development,,0.8513461351394653,
apex technology,apex,birla technology,0.7607184052467346,0.6768401861190796
graduate advanced integrated studies in human survivability,graduate integrated sciences for life,,0.8337911367416382,
shared services,services provision,,0.795158863067627,
network multitrophic interactions,network functional ecology,,0.8252214193344116,
brain health imaging centre,brain imaging centre,,0.9785172939300537,
upc,upm,,0.828787088394165,
kanazawa daigaku,yamaguchi daigaku,,0.9489232897758484,
solvay business school,social sciences and solvay business school,,0.8468670845031738,
u2is,as2m,iufm,0.7993769645690918,0.7096804976463318
provincial municipality of lambayeque,provincial municipality of tacna,,0.7324517369270325,
air force academy,aviation academy,,0.8897902965545654,
ast,ffe,,0.8077175617218018,
master management,master of management,,0.9103031754493713,
biomedical engineering bme,biomedical engineering,,0.9351319074630737,
maritime science,maritime sciences,,0.9668484926223755,
bacteriology and virology,bacteriology-virology,,0.9664605259895325,
oral and maxillofacial diseases,oral and maxillofacial surgery,,0.7904822826385498,
computational engineering and design,computational engineering,,0.9446232318878174,
"finance, accounting and taxation","accounting, finance and audit- accounting and taxation",,0.9552029371261597,
tell,said,,0.7304495573043823,
quantum technologies,quantum technology,lucent technologies,0.9707527160644531,0.7683853507041931
ukm medical molecular biology institute umbi,ukm medical molecular biology institute,,0.8965104818344116,
dhanani science and engineering,nanoscience and engineering,,0.8126770257949829,
geophysics and planetary sciences,geological and planetary sciences,"astrophysical, planetary, and atmospheric sciences",0.9610643982887268,0.8990432024002075
cardiothoracic,cardiothoracic icu,,0.949455976486206,
assistive technology,embedded technology,,0.8810333013534546,
dental sciences,dental science,,0.952481746673584,
shanghai children's medical center,shenzhen children's hospital,,0.870574414730072,
amet business school,amity business school,,0.8865930438041687,
right social relations,human relations,,0.8388135433197021,
beckman research city of hope,"beckman research institute, city of hope",,0.9089056849479675,
graduate program in gerontology,graduate in gerontology,,0.9650418162345886,
creative studies,creative and critical studies,,0.9228964447975159,
"agriculture, food, and environment","agriculture, food and environment",,0.9978818893432617,
education philosophy and education science,philosophy and education science,,0.9437046051025391,
biochemistry-microbiology,biochemistry/microbiology,,0.9912878274917603,
"jurisprudence, social sciences and humanities",jurisprudence and social sciences,,0.961341917514801,
chemistry of functional materials,chemistry of materials,,0.9597643613815308,
"pulmonary, allergy, critical care and sleep medicine","pulmonary, allergy and critical care medicine",,0.9592410326004028,
education - fae,education - faed,,0.8154469728469849,
brighton and sussex medical school,ucl medical school,,0.7650446891784668,
"classics, ancient history and archaeology",classics & archaeology,,0.9810417294502258,
committee on social thought,committee on human development,,0.7548925280570984,
sociology and social planning,sociology and social policy,,0.8894888162612915,
foundations and educational policies,foundations of education,,0.8655228614807129,
branch,altai branch,,0.7510212659835815,
evolutionary studies of biosystems,evolutionary and environmental biology,,0.8489118814468384,
"physical sciences, earth and environment","physical, earth and environmental sciences",,0.9819985032081604,
marine sciences institute,marine science institute,marine sciences research center,0.9877367615699768,0.8926133513450623
office of planning and budget,budget office,,0.8483152389526367,
licenciature in gastronomy,graduate in food science,,0.7471681833267212,
computer science and communication,computer science and communications,,0.9910386800765991,
veterinary pathology laboratory,veterinary diagnostic laboratory,,0.9473562240600586,
dartmouth health policy and clinical practice,dartmouth health policy & clinical practice,,0.9980136752128601,
leibniz centre for agricultural landscape research,leibniz centre for agricultural landscape research zalf e.v.,,0.9503581523895264,
fish nutrition and feed technology,fish processing technology,,0.8543370962142944,
bcmb,bmmb,,0.9001823663711548,
educational and scientific law,educational and research law,,0.9509444236755371,
manufacturing and mechatronic engineering technology,mechanical and manufacturing engineering technology,,0.9666486978530884,
brazilian agricultural research corporation,brazilian agricultural research company,,0.9341204166412354,
computer science and biology,"computer science, biology",,0.9894905090332031,
illc fnwi/fgw,fnwi,,0.8369882106781006,
dendrology of polish academy of sciences,experimental biology of polish academy of sciences,,0.8996850252151489,
pediatric research,pediatrics research,,0.9816006422042847,
economics and muamalat,islamic economics and finance,,0.8694875836372375,
molecular and clinical immunology,molecular and cellular immunology,,0.9740297794342041,
wood chemistry center,chemistry center,,0.7674049139022827,
ecologic institute,environmental institute,,0.8463153839111328,
post-graduate course,postgraduate course,,0.993741512298584,
graduate program in theory and behavior research,graduate program in psychoanalytic theory,,0.8525893092155457,
automation and electronics,automatics and electronics,,0.95367431640625,
culham centre for fusion energy,fusion energy,,0.7337815761566162,
china national clinical research center for neurological diseases,china center for health development studies,,0.8378196954727173,
municipality of miraflores,miraflores,,0.8798255920410156,
doctor of engineering,masters in engineering,,0.857310950756073,
"agronomy, biotechnology and food",agriculture and food science,,0.9226155281066895,
seminar for applied mathematics,mathematics education,,0.7788416147232056,
center for management studies,centre for management studies,,0.9682857990264893,
administrative coordination,administrative coordinating body,,0.8982645869255066,
advance sciences,advanced sciences,,0.9853134751319885,
electrochemical power sources division,energy division,thermal and power engineering,0.8693577647209167,0.7830811738967896
centre for stem cells and regenerative medicine,centre for stem cell research,clinical sciences centre,0.9389013648033142,0.8036060333251953
infrastructure board,infrastructure department,,0.817314088344574,
performance,itt performance,,0.9030530452728271,
saigenci,ci,,0.7673401236534119,
cooperative research in atmosphere,cooperative marine and atmospheric studies,,0.823677122592926,
faculty for chemistry and pharmacy,faculty chemistry,,0.8835926055908203,
departamento de estudios de la comunicación social,departamento de comunicación social,,0.9071353673934937,
ichthyology laboratory,laboratory of ichthyology,,0.9316539168357849,
telethon kids institute,education centre,,0.646348237991333,
"psychiatry, radiology, public health, nursing and medicine","psychiatry, medicine",,0.8567192554473877,
pathogen genomics,biomedical genomics,,0.8867326974868774,
graduate clinical pharmacy,graduate pharmacy,,0.9601888656616211,
educational sciences section,educational sciences,,0.9139081239700317,
astronomy centre,astronomy unit,,0.861024796962738,
electronic and systems,electronic systems,,0.9837939739227295,
sort,group it,enserg,0.6828843951225281,0.564197301864624
centre for mental health research,centre for mental health,,0.9108805656433105,
isas,ilas,,0.8831676244735718,
mcdonald's restaurants ltd,mcdonough business,london consortium,0.5824193954467773,0.498031347990036
pharmaceutical care,pharmaceutical medicine,,0.9591646194458008,
ace,aces,,0.8357836008071899,
"複合科学研究科統計科学専攻/ statistical science, multidisciplinary sciences","複合科学研究科情報学専攻/ informatics, multidisciplinary sciences",,0.958885133266449,
glaciology,glaciology and climate,,0.894000768661499,
entomology and agricultural zoology,"entomology, agriculture",,0.9485539793968201,
complex materials,composite materials,,0.8523306250572205,
"translational biology, medicine, and health","translational biology, medicine and health",,0.9980231523513794,
"chemical, environmental and materials engineering","chemical, biochemical and environmental engineering",,0.9710047245025635,
meteorology and climate science,meteorology and climate research,,0.9642404317855835,
united nations development programme peru,united nations development programme undp,u.s. peace corps,0.8219054937362671,0.5673879384994507
state research center of virology and biotechnology vector,state research center for applied microbiology and biotechnology,,0.8821443319320679,
forest service,us forest service,,0.9501160979270935,
renewable and sustainable energy institute,energy institute,,0.8742282390594482,
farmakognozi,agronomi,,0.6602522134780884,
inclusive education department,inclusive education,,0.9166936874389648,
"biological, chemical sciences and engineering",biological sciences and engineering,,0.959520161151886,
environmental and radiological health sciences,environmental and health sciences,,0.8837541341781616,
collection development,collection management,,0.8186651468276978,
"diabetes, obesity and metabolism institute",diabetes research institute,,0.8860153555870056,
rti health solutions,health solutions,,0.8340312838554382,
sociology/psychology,psychology/sociology,,0.9911459684371948,
electrical & computer engineering,electrical and computer engineering,,0.9973495006561279,
drama department,theater department,,0.8727326393127441,
balcers institute,arts institute,,0.6632030606269836,
biology and soil science,biology and soil sciences,,0.9895433187484741,
microbiology/biochemistry,biochemistry/microbiology,,0.9935641288757324,
innovative chinese medicine and pharmacy,chinese medicine,,0.8383529186248779,
federal waterways engineering and research institute,federal hydrology,,0.7551640868186951,
political psychology,psychology and political science,,0.8765461444854736,
health post,health section,,0.8668644428253174,
management school,business and management school,,0.9279865026473999,
public affair,public affairs,health and public affairs,0.829056441783905,0.6891119480133057
bangladesh agricultural research institute,bangladesh livestock research institute,,0.9208893775939941,
civil engineering and environment,civil engineering and environmental,,0.9911985397338867,
biological psychiatry,clinical psychiatry,,0.860804557800293,
unach,unt,,0.8564603328704834,
electrcial engineering,electrical engineering,,0.9748661518096924,
doctoral health sciences,doctoral clinical medicine,,0.9170370101928711,
aquaculture research,aquatic and fishery science,fisheries and allied aquaculture,0.8769978880882263,0.7462701201438904
second internal medicine,2nd internal medicine,,0.9816976189613342,
swiss nanoscience institute,swiss federal laboratories for materials science and technology,,0.7880158424377441,
"communications, media and culture","communications, media & culture",,0.9950383901596069,
cancer research uk edinburgh centre,edinburgh cancer research centre,clinical sciences centre,0.9454512000083923,0.6428484916687012
giga-neurosciences,giga neurosciences,,0.9811222553253174,
process engineering and chemical technology,process and chemical engineering,,0.9763966798782349,
limes,limes institute,,0.7289718389511108,
pharmaceutical microbiology,pharmaceutics and pharmaceutical microbiology,,0.9657998085021973,
escola superior de saúde ribeiro sanches,escola superior de saúde da cruz vermelha portuguesa,escola superior de enfermagem de bissaya barreto,0.9102767109870911,0.8052537441253662
ligm,lig,lthe,0.8728865385055542,0.77385413646698
geographical and historical studies,geography and history,,0.9082330465316772,
clinical sciences and community health,clinical sciences and community,,0.9561175107955933,
lincoln law school,lincoln business school,,0.8161555528640747,
genetic institute,genetics institute,,0.9786019325256348,
chemsitry,chemsitry department,,0.8844814300537109,
glycobiology,veterinary physiology & biochemistry,,0.8337922096252441,
"pathology, microbiology, immunology","pathology, microbiology and immunology",,0.9957224130630493,
esol,tesol,,0.8698704838752747,
multiprofessional residence in health of elderly,multiprofessional residence in health,,0.8796701431274414,
foundry production,foundry engineering,,0.8383311033248901,
caspo,casp,,0.8495227098464966,
rheumatology unit,rheumatology division,,0.8907963037490845,
scotiabank peru,credit bank of peru,,0.8079025745391846,
biology of aging,physiology and aging,,0.8830627202987671,
polymer chemistry,polymer chemistry and materials,,0.9652475118637085,
depla,desp,,0.8298621773719788,
food process engineering,food processing engineering,,0.9923319220542908,
public library,library service,,0.8887346386909485,
electrical engineering and telecommunications,electrical engineering & telecommunications,,0.9975929260253906,
naveen jindal management,jindal management,,0.7328858375549316,
morphology and genetics department,genetics department,,0.8909972906112671,
daea,ipae,,0.7085822820663452,
quantitative biosciences,quantitative and computational biosciences,,0.9303066730499268,
environmental design and rural development,environmental design,,0.8025045394897461,
"medicine, huddinge",medicine huddinge,,0.9176710247993469,
iau,iai,,0.9278342723846436,
evangelical paraná,lutheran theology,,0.8111203908920288,
marcella niehoff nursing,hahn nursing,,0.7797638177871704,
coordination of education and health research,address education and health research,,0.9015844464302063,
"architecture, planning, and policy development","architecture, planning and policy development",,0.99688720703125,
biotechnologia,biotechnologies,,0.9828779101371765,
informatics and computer engineering,computer engineering and informatics,,0.971765398979187,
dafne,dafnae,,0.885103702545166,
cnc,ntc,,0.8899670839309692,
research and development unit in foods,food research and development center,,0.8603226542472839,
queensland government,queensland health,,0.7873391509056091,
pg english,english,,0.8544737696647644,
education and learning technology,educational technology,,0.9702587127685547,
mathematical and data sciences,mathematics and data science,,0.9813866019248962,
forestry science and wood,forestry and wood science,,0.987481951713562,
internal medicine i,internal medicine a,,0.9821383953094482,
division of reproductive health,division of population health,,0.7968088388442993,
edanz group ltd,arup group ltd,,0.6550125479698181,
wireless systems,wireless networks,,0.9336186051368713,
geodynamics,geodynamic,,0.9632427096366882,
centre for economic and social studies,centre for social studies,,0.8934362530708313,
parul nursing,nursing,,0.8240178823471069,
technology division,information technology division,,0.9384924173355103,
sharda business studies,business studies,,0.8097385764122009,
food science & human nutrition,food science and human nutrition,,0.9967596530914307,
royal anaesthetists,royal physicians,,0.8538656234741211,
regional geology,geography and geology,,0.9202574491500854,
industry and mobility,industry and transport,,0.9382873773574829,
"agriculture, veterinary medicine",agriculture and veterinary medicine,,0.9970709681510925,
physics of quantum materials,quantum physics,,0.9079827070236206,
gulbenkian molecular medicine,gulbenkian science,,0.8472961187362671,
"harbour, coastal and offshore engineering","harbor, coastal and offshore engineering",,0.9857748746871948,
"literary, philological and linguistic studies",linguistic and literary studies,,0.940222978591919,
polish language,polish language and culture,,0.8172892928123474,
ftmk,ftk,,0.880646288394928,
dhbw,lhcb,,0.8369631171226501,
acute internal medicine,internal medicine,,0.9508148431777954,
petroleum engineering and applied geophysics,petroleum geosciences,,0.9127861261367798,
basic and applied laboratory heterochemistry,analytical chemistry laboratory,,0.8735987544059753,
australian sport,national ict australia,,0.7517086267471313,
retina,retina department,,0.8844906687736511,
sports center,center of physical education and sports,,0.8437458276748657,
art assessment,assessment of performing arts and visual arts,,0.8350421190261841,
physical education.,physical education,,0.9956289529800415,
transportation and civil engineering,civil engineering and transportation,,0.9841710329055786,
northwest biological research center sc,northwest biological research center,,0.9832212924957275,
school improvement,education reform,,0.7882659435272217,
chemistry/physics,physics/chemistry,,0.9924707412719727,
psychology/philosophy,philosophy and psychology,,0.9687032699584961,
social sciences and solvay business school,solvay business school,,0.8468670845031738,
graduate in literary studies,graduate in literature,,0.9772891998291016,
center of agricultural and biological sciences,center of agricultural sciences,,0.9671289324760437,
agricultural machinery and technologies,agricultural machinery and engineering technologies,,0.9710850715637207,
organic synthesis laboratory,laboratory of organic synthesis,,0.9391896724700928,
foreign policy,foreign affairs,government and foreign affairs,0.9329003095626831,0.8041186332702637
csed,cs,,0.9055653810501099,
"medicine, division of gastroenterology","division of gastroenterology, medicine",,0.9770174622535706,
international and public affairs sipa,international & public affairs,,0.8727237582206726,
graduate business administration,graduate business management,,0.9713889360427856,
ceramic materials science and technology national research council,microelectronics and microsystems national research council,,0.8412681818008423,
ai,aiit,,0.8957208395004272,
school teachers,teachers,,0.9596841931343079,
jawaharlal postgraduate medical education and research,jawaharlal post graduate medical education and research,,0.9957368969917297,
e&ce,e&ece,,0.9718614220619202,
radiation biology,radiation biophysics,,0.9429944157600403,
ansys inc,infosys,,0.7611218690872192,
public institution,public adminstration,,0.8579109907150269,
religious,religion,,0.9532676935195923,
dceb,dce,,0.9057388305664062,
optronics,optics and electronics,,0.9449438452720642,
energy center telecommunications materials,"energy, materials and telecommunications",,0.7979044914245605,
molecular biology and genetics - neurobiology,molecular biology & genetics,,0.9269031286239624,
renewable energy laboratory,energy laboratory,,0.8883728384971619,
academic centre for materials and nanotechnology,materials science centre,,0.8545048832893372,
cancer program,cancer research program,,0.9082269668579102,
national statistics,social statistics,,0.8309587240219116,
management & engineering,management and engineering,,0.9956769943237305,
transport and traffic engineering,traffic and transportation engineering,,0.977778971195221,
area técnica,area tecnica,,0.9111009836196899,
international development research centre,international research center,,0.9054096937179565,
physical medicine and rehabilitation,physical medicine & rehabilitation,,0.9979568719863892,
ibbme,ibm,,0.8592312335968018,
usa,u.s,,0.7468670606613159,
fale,fea,,0.8037410974502563,
center for microbiology,center for microbiology research,,0.9735168218612671,
manufacturing technology,manufacturing technologies,,0.9881024360656738,
"biology, natural sciences","biology, sciences",,0.9797933101654053,
swiss center for affective sciences,swiss centre for international health,,0.7791225910186768,
"microbiology, immunology, and cell biology","microbiology, immunology and cell biology",,0.9965367317199707,
biologia animal,biología animal,,0.9572885632514954,
cmns,cnms,,0.876647412776947,
national medical center,national cancer center hospital,,0.8754911422729492,
military fire brigade,military brigade,,0.8154674768447876,
research and develoment,research and develpment,,0.970814049243927,
automation of complex power systems,automation and information systems,,0.8405256867408752,
military engineering school “marshal antonio josé de sucre”,military engineering school,,0.7363010048866272,
minimal access surgery,minimally invasive surgery,,0.9384766817092896,
eespp emilia barcia boniffatti,adecco,,0.6513041257858276,
business and tourism management,tourism business management,,0.9565239548683167,
extractional education,this education,,0.8311731815338135,
dbi,bsd,,0.873049259185791,
managerial sciences,management sciences,,0.9710454940795898,
graduate and postdoctoral studies,graduate studies and research,,0.945982813835144,
united graduate veterinary science,united graduate veterinary sciences,,0.9933815002441406,
combustion technology,combustion,,0.8490457534790039,
sceince,sce,,0.8594914674758911,
femec,faec,,0.8014116883277893,
gender and health research unit,health research unit,,0.8105133771896362,
learning development,learning and development,,0.980722188949585,
medical & health sciences,medical and health sciences,,0.9980276823043823,
humanities computing,computing & it,,0.8920224905014038,
sport and wellbeing,sport and health,,0.9590935707092285,
philosophy program,philosophy course,,0.9328054189682007,
indian technology indore,indian technology,,0.947563886642456,
"biology,",biology,,0.9714189767837524,
brazilian geography and statistics - ibge,brazilian geography and statistics ibge,,0.9946680068969727,
monitoring and evaluation department,monitoring department,,0.9144073724746704,
mathematics faculty,mathematical faculty,,0.9818480610847473,
"psychology, sport and health sciences",psychology and sport sciences,,0.9620359539985657,
sedimentary and environmental geology,sedimentary geology,,0.9456421732902527,
"spanish literature, comparative literature and literature theory",spanish literature and theory of literature and comparative literature,,0.9887386560440063,
thin films,thin film,,0.9573663473129272,
computerscience and engineering,"computer science, engineering",,0.97394859790802,
resources and environmental sciences,resource and environmental sciences,,0.9909111261367798,
trier center for digital humanities,center for digital humanities,,0.8658135533332825,
tum engineering and design,engineering and design,,0.9392260313034058,
integrative biology,integrative biology and physiology,,0.9410785436630249,
psychology research institute,psychological research institute,,0.9912996292114258,
mis department,it department,,0.8041601181030273,
bureau of economics,national bureau of economic research,,0.8708145618438721,
engineering product development epd,product development engineering,,0.921833872795105,
quantitative pharmacology,quantitative clinical pharmacology,,0.9741151332855225,
centre for higher education development,"centre for higher education research, teaching and learning",,0.9471821784973145,
center for industrial mathematics,center for mathematical sciences,,0.8607607483863831,
neuroscience institute,neurosciences institute,,0.9889731407165527,
"electrical, computer and biomedical engineering","electrical, computer, and biomedical engineering",,0.9965517520904541,
instituto do mar,instituto federal do maranhão,instituto de investigação científica tropical,0.8048089742660522,0.7167195677757263
"cellular biology, embryology and genetics","cell biology, embryology and genetics",,0.9925452470779419,
clinical pharmacology,clinical pharmacology and pharmacotherapy,,0.9642809629440308,
ecms,eecms,,0.7622357606887817,
imt atlantic brittany - pays de la loire,cnrs delegation for brittany and pays de la loire region,,0.8296478986740112,
cognitive neurology,cognitive neuropsychology,,0.9242441654205322,
development and stem cells,stem cells and development,,0.9851557016372681,
society & design,society and design,,0.9929095506668091,
digestive and liver diseases,liver diseases,,0.9388030767440796,
experimental zooprophylactic veneto,experimental zooprophylactic south,,0.7897270917892456,
technological celaya,tecnologico,,0.8337119221687317,
animal and nutritional sciences,"animal science, food and nutrition",,0.9658139944076538,
intensive care,medical intensive care,,0.9554322957992554,
periodontolgy,periodontology,,0.8593763709068298,
urban forestry,horticulture & forestry,,0.819819450378418,
crop science department,crop and soil sciences department,,0.9214260578155518,
royal mines,mines,,0.726743221282959,
max planck evolutionary anthropology,max planck evolutionary biology,,0.9527133703231812,
pharmacology and neuroscience,pharmacology & neuroscience,,0.9963023662567139,
princeton neuroscience institute,princeton center for theoretical science,,0.8504949808120728,
andalusian center for developmental biology,centro andaluz de biología molecular y medicina regenerativa,,0.7313019037246704,
int,ing,lthe,0.8782942295074463,0.8457705974578857
"engineering, computing, and mathematics","engineering, computing and mathematics",,0.9958368539810181,
brain and mind institute,brain mind institute,,0.9854108691215515,
anesthesiology and pain,anesthesiology and pain management,,0.9750827550888062,
geology and petroleum studies,geology and petroleum,,0.950370192527771,
technical biocatalysis,biocatalysis,,0.907800555229187,
marcel nencki experimental biology of polish academy of sciences,"nencki experimental biology, polish academy of sciences",,0.9242708683013916,
parul nursing,nursing,,0.8240178823471069,
maternal and child nursing and public health,maternal-child nursing and public health,,0.9929602146148682,
linguistic center,languages center,research centre for english and applied linguistics,0.9342342615127563,0.8128373622894287
security research,security studies,,0.891963541507721,
translational bioengineering,bioengineering,,0.9290751814842224,
vsmu,vstu,,0.8161948919296265,
produccion animal,animal production,,0.9085102081298828,
quantum and computer engineering,engineering and computing,,0.8825715780258179,
j. willard marriott library,marriott library,,0.8132728338241577,
crop research,crops research,,0.9420183897018433,
journalism and mass communications,journalism & mass communications,,0.9956896901130676,
education department,i education department,,0.9657142758369446,
"history, politics, and international relations","history, politics and international relations","history, sociology",0.9969381093978882,0.8154817819595337
general medical,general medicine,,0.958348274230957,
scientific-methodical department,scientific department,,0.9077248573303223,
molecular pathobiology,molecular and comparative pathobiology,,0.955591082572937,
instituto de educação superior raimundo sá,instituto de educação superior da paraíba,brazilian institute graduate and extension,0.9170258641242981,0.7465561628341675
bfsi,fsi,,0.8847837448120117,
"development, environment and territory",development and environment,,0.9052599668502808,
medical and prophylactic business,medical business,,0.9170490503311157,
inisa,unisa,,0.8347491025924683,
puc-rio,puc,,0.8071006536483765,
economic and administrative sciences faculty,economic and social sciences faculty,,0.9444215297698975,
dtu health tech,dtu health technology,,0.9071938991546631,
ues inc,nres,,0.7879846096038818,
inorganic chemistry,inorganic chemistry i,,0.9890567660331726,
elementary science and mathematics education,elementary science education,,0.9392131567001343,
egade business school,business school,,0.8443387746810913,
dispute resolution,conflict resolution,,0.8871426582336426,
dutch language and culture,dutch language and literature,,0.9120049476623535,
government & international relations,government and international relations,,0.9973018765449524,
companion animal clinical sciences,companion animal clinical studies,,0.8755800724029541,
automotive engineering department,automotive mechanical engineering,,0.9232033491134644,
language and literature faculty,language faculty,,0.9134223461151123,
control interno,internal control,,0.852042019367218,
ppgbiotec,ibiotec,,0.8251889944076538,
holocaust and genocide studies,"niod war, holocaust and genocide studies","history, sociology",0.9328985214233398,0.6769907474517822
molecular and applied biotechnology,molecular biotechnology,,0.9618532657623291,
energy and electrical engineering,electrical and energy engineering,,0.9808245897293091,
facale,fac,,0.8701680898666382,
arts & social sciences,arts and social sciences,,0.9972447752952576,
language studies and linguistics,linguistics and language studies,,0.9810807704925537,
mathematical modeling,mathematical modelling,,0.9938602447509766,
development and stem cell biology,developmental and stem cell biology,"cell, animal and population biology",0.9909241199493408,0.8023397922515869
montefiore medical center,marsico lung institute,,0.7378462553024292,
promotion,raise,,0.7576053142547607,
united states coast guard,united states coast guard academy,maritime administration,0.8502827286720276,0.6364738345146179
earth and enviromental sciences,earth and environment sciences,,0.9593204259872437,
twi ltd,tdi,,0.7191693782806396,
islam,islamic,,0.9426801800727844,
computer science and technologies,computer science and technology,,0.9859211444854736,
antimicrobial resistance research center,infectious disease research center,,0.8227216005325317,
ophthalmology and optometry,ophthalmology & optometry,,0.9966772198677063,
solid state and structural chemistry unit sscu,solid state and structural chemistry unit,,0.943364679813385,
dept. of earth and environmental sciences,dept. of earth sciences,,0.9592933058738708,
quantum electronics,quantum electronics department,,0.8887082934379578,
leadership development,educational and organizational leadership development,,0.9058727025985718,
division of molecular pathology,division of molecular biology,"biochemistry, molecular biology and cell biology",0.9125040769577026,0.7542324066162109
accounting science,accounting sciences,,0.8771494626998901,
veterinary section,veterinary,,0.8649901151657104,
state key laboratory of water resources and hydropower engineering science,state key laboratory of water resources engineering and management,,0.9624938368797302,
machine learning and artificial intelligence,artificial intelligence and machine learning,cognitive and computing sciences,0.9924676418304443,0.6961971521377563
internal quality assurance cell,quality assurance unit,,0.8252878189086914,
royal museum for central africa,africa department,,0.7154048681259155,
instituto politécnico de coimbra escola superior agrária de coimbra,instituto politécnico de coimbra escola superior de educação de coimbra,,0.9558990001678467,
design and technology,design & technology,,0.9974463582038879,
precision immunology institute,clinical research institute,,0.8191506862640381,
martin tuchman management,whitman management,,0.7036550641059875,
coimbra higher nursing,coimbra higher health technology,,0.8402929902076721,
school education department,school department,,0.9620844125747681,
australian theology,theology,,0.7434018850326538,
decision sciences and managerial economics,economics and decision sciences,,0.9328265190124512,
wellcome centre for human neuroimaging,wellcome centre for integrative neuroimaging,clinical sciences centre,0.9733791351318359,0.7084857225418091
community sustainability,global sustainability,,0.8119657039642334,
katedra pedagogiky,katedra bohemistiky,,0.7787160873413086,
"anthropology, biology",anthropology and biology,,0.994450569152832,
office of chancellor,chancellor's office,,0.8449846506118774,
foundation for professional development,professional development program,,0.8248500823974609,
production engineering department,production engineering and systems department,,0.9428829550743103,
medicine 1,medicine 2,,0.9451752305030823,
"changchun applied chemistry, chinese academy of sciences",chang chun applied chemistry chinese academy of sciences,,0.9800505638122559,
linguistics,linguistic,,0.9780079126358032,
biology/neuroscience,neuroscience and biology,,0.9613289833068848,
environmental planning institute,environmental institute,,0.8715066313743591,
thermal engineering and fluid,thermal and fluid engineering,,0.9846765398979187,
frs fnrs,fsm,,0.7165355086326599,
industrial biology,industrial biotechnology,,0.8704042434692383,
environmental science and studies,environmental studies and sciences,,0.9746566414833069,
animal anatomy,animal anatomy and physiology,,0.9397708177566528,
center of informatics,center for informatics,,0.9730055332183838,
unicen,fcen,,0.8240889310836792,
product marketing,marketing,,0.9241641759872437,
centre for host-microbiome interactions,centre for bacterial cell biology,,0.8171983957290649,
suny environmental science and forestry,environmental science and forestry,,0.9178340435028076,
northwick park hospital,wexham park hospital,,0.8173216581344604,
environmental engineering faculty,civil and environmental engineering faculty,,0.9461821913719177,
sience,soes,,0.7984330058097839,
"languages, literatures & linguistics","languages, literatures and linguistics",,0.9971545934677124,
subtropical biology institute,biological research institute,,0.7334403395652771,
biomedical engineering and technology,biomedical engineering technology,,0.980384111404419,
metabolism and nutrition,nutrition and metabolism,,0.9619352221488953,
nursing science,nursing science and practice,,0.9539263844490051,
development and stem cell biology,developmental and stem cell biology,"cell, animal and population biology",0.9909241199493408,0.8023397922515869
physics and telecommunication engineering,physics and electronic information engineering,,0.9391187429428101,
molecular & clinical cancer medicine,molecular and clinical cancer medicine,,0.9968833923339844,
natural resource sciences,natural resources sciences,,0.9913706183433533,
monitoring and exploration technologies,sensor systems,,0.8071918487548828,
agricultural extension,agriculture extension,,0.9880687594413757,
innovation agency,innovation department,,0.8304778337478638,
mathematics and science education,mathematics & science education,,0.9983514547348022,
mechanics-mathematics,mathematics and mechanics,,0.9748296737670898,
katedra romanistiky,katedra bohemistiky,,0.771553635597229,
production and management,production management,,0.9686808586120605,
centre for integrative physiology,centre for cardiovascular sciences,,0.8151098489761353,
food and radiation biology,food science,,0.809698224067688,
private international right,private international law,,0.8690785765647888,
"pediatrics, division of neonatology","division of neonatology, pediatrics",,0.9629429578781128,
"prehistory, archeology, ancient history, greek philology and latin philology department","prehistory department, ancient history and archeology",,0.8884310722351074,
instituto federal de educação ciência e tecnologia de são paulo,"instituto federal de educação, ciência e tecnologia de são paulo",,0.9935012459754944,
"earth, environment, and society","earth, environment and society","environmental, population, and organismic biology",0.9976918697357178,0.7702333927154541
photonic technologies,photonic systems,,0.9309107661247253,
pedagogy of national academy of pedagogical sciences of ukraine,national academy of educational sciences of ukraine,,0.9201682806015015,
decreased,low,,0.6288050413131714,
centre for contemporary and digital history,,,,
departamento de sociología rural,sociología rural,,0.8380488157272339,
family studies,family studies department,,0.9159730672836304,
italian philology,italian studies and classical philology,,0.9234736561775208,
rural development and agrarian reform,"agriculture, land reform and rural development",,0.9618737697601318,
theoretical economics,economic theory,,0.927307665348053,
mantenimiento industrial,ingeniería en mantenimiento industrial,,0.8820885419845581,
business administration and engineering,business and engineering,,0.9390469789505005,
municipal foundation of education,municipal education,,0.8984527587890625,
centre for plant biotechnology and molecular biology,centre for plant molecular biology and biotechnology,,0.9979488849639893,
administrative technician,administrative assistant,,0.8429207801818848,
p.g. commerce,pg commerce,,0.9055051207542419,
ii medical department,medical department,,0.9174306392669678,
pediatric critical care medicine,pediatric critical care,,0.9667441844940186,
educação superior,i educacao,,0.861922025680542,
yup,yes,,0.9141566753387451,
recreation and leisure,leisure,,0.9217984676361084,
dana-farber/harvard cancer center,dana-farber cancer institute,cancer immunology and aids,0.8677507638931274,0.5788604617118835
escuela superior de comercio y administración,escuela superior de economia,,0.9118434190750122,
engie france,france,,0.8610726594924927,
national graduate chemistry of paris,national graduate chemistry of montpellier,,0.8685261011123657,
instituto federal do sul de minas,instituto federal do sudeste de minas gerais,brazilian institute graduate and extension,0.9078455567359924,0.6860400438308716
world bank group,world bank,,0.9248534440994263,
signal processing and communications,communication and signal processing,,0.9868682026863098,
bachelor of medicine & bachelor of surgery,bachelor of medicine and bachelor of surgery,,0.9962720274925232,
islamic learning,islamic education,,0.9525009393692017,
izabal,eduacion,,0.6391246318817139,
social ethics,ethics and society,,0.9161781668663025,
rehabilitation unit,neurorehabilitation unit,,0.8777874708175659,
ganil,umr silva,,0.682098388671875,
applied geoinformatics and cartography,geoinformatics and cartography,,0.9315952658653259,
"academic unit of engineering, industry and construction",academic unit of economic and business sciences,,0.8327620625495911,
division for heart disease and stroke prevention,division of cardiovascular medicine,,0.8027858734130859,
hospital regional,hospital,,0.9825278520584106,
iqb,ibqm,ibls,0.892295241355896,0.6872397661209106
"robotics, brain and cognitive sciences",computer science and robotics,,0.87729412317276,
conicet cenpat,cin,,0.740838885307312,
institutional comunication,address institutional communication,,0.8954291343688965,
peruvian business action,peruvian sport,,0.7875485420227051,
electrocatalytic interface engineering,electrical system engineering,,0.8874326944351196,
skolkovo moscow management,moscow regional scientific research clinical institute. mf vladimirsky,i.m. sechenov moscow medical academy,0.7662757635116577,0.7069827914237976
gran sasso national laboratory,legnaro national laboratories,,0.8427590131759644,
applied science physics,applied sciences physics,,0.9719464778900146,
computer and science,computer of science,,0.9682779312133789,
indian tropical meteorology,india meteorological department,,0.80262291431427,
social & political science,social and political science,,0.9959598183631897,
business and information technology,business & information technology,,0.9960492849349976,
metaphysics,logic and metaphysics,,0.8570129871368408,
science and information technology,information technology and science,,0.9909217357635498,
polymer research,polymer science,,0.9292161464691162,
historical and pedagogical faculty,historical-philological faculty,history and philosophy department,0.924283504486084,0.8133273124694824
sainsbury research unit,sainsbury laboratory,,0.885068416595459,
computer coordinating body,human computer interaction,,0.8020947575569153,
moores cancer center,cancer research center,,0.7883825302124023,
surgery and anatomy,anatomy and surgery,,0.9401814341545105,
alibaba group united states,alibaba group,,0.8294750452041626,
history of veterinary medicine and deontology,history of medicine,,0.7669812440872192,
earth and planetary sciences,earth & planetary sciences,,0.9983813166618347,
bioresource science,bioresource sciences,,0.9788167476654053,
dept. of radiology,radiology departement,,0.9230804443359375,
"law, political and social sciences","law, social and political sciences",,0.9973488450050354,
rama judicial,judicial,,0.8806161880493164,
cybernetics,technical cybernetics,,0.9353797435760498,
medicine / surgery,medicine/surgery,,0.9903152585029602,
earth sciences,earth science,,0.9712027907371521,
biological sciences zoology,biology and zoology,,0.9625887870788574,
ifp energies nouvelles,ifp energies nouvelles solaize,,0.8211849331855774,
metal and wooden structures,steel and timber structures,,0.908464789390564,
"pharmaceutical, organic and bioorganic chemistry",organic and pharmaceutical chemistry,,0.9458956122398376,
medical science technology,medical science and technology,,0.9811241030693054,
biochemical engineering and biotechnology,biochemical engineering & biotechnology,,0.9970796704292297,
instituto politécnico de coimbra instituto superior de contabilidade e administração de coimbra,instituto politécnico de coimbra instituto superior de engenharia de coimbra,,0.9385531544685364,
integrated circuits,integrated circuit,,0.9661076068878174,
training unit,training area,machine training,0.8914318680763245,0.7687714099884033
cellular and molecular pharmacology,cellular & molecular pharmacology,,0.9969762563705444,
sustainable biomaterials,sustainable materials,,0.9323387145996094,
environmental and sustainability studies,sustainability studies,,0.9501791000366211,
emergency laboratory,hospital laboratory,,0.8341662287712097,
chemical engineering and textile,chemical and textile engineering,,0.98917555809021,
economic security,financial stability,,0.7779343724250793,
vaccines,vaccine,,0.974746823310852,
letters - portuguese and spanish,letters portuguese / spanish,,0.974840521812439,
landscape design,landscape architecture,,0.9193582534790039,
irstea,lheea,,0.8189963102340698,
ict in education,of education,,0.9602023363113403,
mgh health professions,health professions,,0.9606906771659851,
chemisitry,chemisry,,0.9785957336425781,
ucav,ucv,,0.876460075378418,
mechatronics engineering,mechatronic engineering,,0.9858876466751099,
departamento ingeniería industrial,departamento de ingenieria industrial,,0.9668687582015991,
agricultural sciences and veterinary,agricultural and veterinary sciences,,0.9952930212020874,
dance department,dance,,0.8203911781311035,
teacher development,teacher professional development,,0.9678131341934204,
information and documentation,documentation,,0.8979969024658203,
"monterrey technology and higher education, durango campus",monterrey technology and higher education - querétaro campus,postgraduate center of state of mexico,0.921155571937561,0.7602147459983826
seagate technology llc,enterprise technology,,0.6710008382797241,
"pathobiology, pharmacology and zoological medicine","medicine, microbiology and immunology",,0.8502088785171509,
master's program,master's,,0.9351842999458313,
earth observation,earth observation science,,0.8972244262695312,
cipes,music,,0.6823058128356934,
"foreign languages, linguistics and translation",foreign languages and translation,,0.9644120931625366,
division of cancer therapeutics,division of cancer studies,,0.8447144031524658,
sport & physical activity,sport and physical activity,,0.9967526197433472,
fraunhofer materials mechanics,fraunhofer industrial engineering,,0.9108670949935913,
engineering research centre,engineering research center,,0.9848712086677551,
theory & bio-systems,theory and bio-systems,,0.9971970319747925,
tropical agriculture and forestry,tropical agriculture,,0.9036784768104553,
wellness,health & wellbeing,,0.9228193163871765,
commercial area,business area,,0.9357667565345764,
pesticide science,insect sciences,,0.8072762489318848,
radiology techniques,radiology technology,,0.947413444519043,
cell cycle laboratory,cell biology laboratory,,0.9211298823356628,
community health service,community health services,,0.9788508415222168,
criminology and legal policy,criminology,,0.8247822523117065,
algarve marine science centre,centre of marine sciences,,0.8279505968093872,
school pedagogy,education and pedagogy,,0.935771107673645,
meal,food,,0.8828074336051941,
kumasi centre for collaborative research in tropical medicine,kintampo health research centre,,0.7028888463973999,
mhpss,pmmh,,0.9151208400726318,
deakin law school,deakin business school,,0.8121722936630249,
pre- and early history and archeology of middle ages,medieval archaeology,,0.8388132452964783,
tell,said,,0.7304495573043823,
materials research centre,materials research center,,0.9892275333404541,
education of biology,biology education,,0.9506659507751465,
japanese,japanese language,,0.9428176879882812,
applied superconductivity center,superconductivity,,0.8412247896194458,
computational science & engineering,computational science and engineering,,0.9956960082054138,
fssk,smk,,0.8379033207893372,
costs and budgets,costs,,0.8721325993537903,
departament of education,departement of education,,0.9931082129478455,
general hospital,hospital general,,0.9491531252861023,
justiça federal do paraná,justiça federal,,0.8823180198669434,
construction materials and technologies,construction technology,,0.9264910221099854,
feng,faeng,,0.8894737958908081,
creation and habitat,ecology and biodiversity,,0.7682009339332581,
center for complex systems and brain sciences,center for integrative brain research,,0.8973263502120972,
physical and technical faculty,physical-technical faculty,,0.9845660924911499,
cob,eeob,,0.7424358129501343,
center for aids research,aids research center,global research center,0.9317192435264587,0.7406519651412964
american culture and literature,american literature and culture,,0.9951069355010986,
scientific-research,scientific research,,0.9815064072608948,
plant and microbiology,plant and microbial biology,,0.9546697735786438,
bachelor's degree,bachelor degree,,0.996131420135498,
"environmental, population, and organismic biology","environmental, population and organismic biology","epidemiology, human genetics, and environmental sciences",0.9970830678939819,0.8473320007324219
clinical biochemistry department,medical biochemistry department,,0.938959002494812,
argentine association of orthopedics and traumatology,traumatology and orthopedics,,0.7470576763153076,
surveying and geomatics,surveying and geodesy,,0.923902690410614,
biostatistics and epidemiology,biostatistics & epidemiology,,0.9963834881782532,
research school,academic research,,0.8777247071266174,
computer algebra,computer mathematics,,0.9055407047271729,
health systems and policy,"health systems, management, and policy",health and public affairs,0.9442776441574097,0.823054313659668
bandung state polytechnic,malang state polytechnic,,0.8451303243637085,
business administration iba,business administration.,,0.8846806287765503,
islamic banking,islamic banking and finance,sharia &amp; islamic economics,0.9699426293373108,0.7675884962081909
africana studies,african american studies,,0.9473317861557007,
chemistry and engineering,"chemistry, engineering",,0.9952710270881653,
conacyt,ciacyt,,0.8327834010124207,
facilities engineering,building services engineering,,0.8696381449699402,
especializacion,specializations,formación general y ciencias básicas,0.7984950542449951,0.7386302947998047
energy and petroleum industry,oil and gas industry,,0.9148579835891724,
mechatronics and control engineering,mechatronics & control engineering,,0.9968803524971008,
aquatic ecology laboratory,aquaculture laboratory,,0.9085174798965454,
ceraps,cerfacs,,0.8063030242919922,
dept. of environmental sciences,dept. of environmental science,,0.9821217656135559,
indonesian,indonesian language,,0.9409361481666565,
mcdonald archaeological research,archaeological research,,0.716951847076416,
media arts,media and visual arts,,0.9730660915374756,
dsw,msw,gslis,0.7628411054611206,0.6911947727203369
soybean breeding,embrapa soybean,,0.8135345578193665,
graduate program in accounting,degree in accounting,,0.893708348274231,
srt,rs,,0.8545353412628174,
businessman,business mangement,,0.8242840766906738,
child survival and development,child development,,0.8800933361053467,
agriculture economics and extension,agricultural economics and extension,,0.9936835765838623,
town & country planning,town and country planning,,0.9958441853523254,
food technology and rural industries,agro-technology,,0.8138196468353271,
information engineering and mathematics,information engineering and mathematical sciences,,0.976087749004364,
education development center,educational development center,,0.9765021204948425,
umr 7619 metis,umr8601,,0.7109808325767517,
"accounting, administration and informatics",accounting and administration,,0.9368559122085571,
child and adolescent psychiatry department,of child and adolescent psychiatry,,0.9514586925506592,
fisiopatologia experimental,patologia experimental,,0.9157973527908325,
sports and wellness,sport and health,,0.9382201433181763,
rural engineering department,rural engineering,,0.9033560752868652,
mining and coal,mining,,0.8533507585525513,
energy faculty,heat power faculty,forest engineering faculty,0.8255242109298706,0.7045612931251526
postgraduate program in sociology,graduate program in sociology,,0.9773675203323364,
clinical affairs,clinical medical,,0.8941442966461182,
electronics & communication engineering department,electronics and communication engineering department,,0.997822642326355,
medical laboratory diagnostics,clinical laboratory diagnostics,,0.9646871089935303,
national bioinformatics infrastructure sweden,swedish national data service,,0.8100201487541199,
photovoltaic île-de-france,ile-de-france,institut des sciences du végétal,0.7088210582733154,0.5902796387672424
flacso mexico,mexico,,0.8995992541313171,
sustainable materials,sustainable biomaterials,,0.9323387145996094,
"general, pediatric and military surgery with a course in urology and ophthalmology",general surgery and urology,,0.7784715890884399,
orthodox theology,sacred theology,,0.8374170064926147,
collegium medicum in bydgoszcz,medical sciences in katowice,,0.8145304918289185,
laboratory of molecular gerontology,laboratory of molecular genetics,,0.845801591873169,
comunicación digital,digital communication,historia de la comunicación social,0.8879848718643188,0.7343006134033203
research and learning,research and instruction,,0.8917236328125,
clinical team,clinical research group,clinical sciences centre,0.8527928590774536,0.715744137763977
technical consultant,technical consultancy,,0.9325228929519653,
czech language and literature,czech literature,,0.9651702046394348,
social studies,social and human studies,,0.9524513483047485,
metal-mechanical,metal - mechanics,,0.9415204524993896,
instituto de medicina tropical,nucleo de medicina tropical,,0.8652819991111755,
énergie matériaux télécommunications research centre,sciences géomatiques,,0.7169500589370728,
automation and control department,automation department,control systems centre,0.9183777570724487,0.8078076839447021
center for solar energy and hydrogen research baden-württemberg,helmholtz centre potsdam - german research centre for geosciences gfz,,0.7309705018997192,
livestock department,livestock services,,0.8871244192123413,
social and psychological department,social psychology department,,0.9045403003692627,
"communication, media and film",communication and media,,0.8978129625320435,
national socio-environmental synthesis center,national center for ecological analysis and synthesis,,0.8842487335205078,
informative,informatic,,0.9677160382270813,
qec,qc,,0.8968071937561035,
la molina,breña,,0.7301842570304871,
printing and packaging technology,printing technology,,0.8772493600845337,
general and digestive surgery,general and digestive system surgery,,0.9922200441360474,
world economy and international economic relations,world economy and international relations,,0.981071949005127,
oriental letters,letters and languages,,0.8520596027374268,
instituto superior de estudos interculturais e transdisciplinares de almada,instituto superior de estudos interculturais e transdisciplinares de viseu,instituto superior bissaya barreto,0.9312198162078857,0.7932472229003906
physics insitute,physics institute,,0.9295319318771362,
engineering thermodynamics,engineering thermophysics,,0.9628906846046448,
campus crateús,campus alegrete,brazilian institute graduate and extension,0.8162639141082764,0.6574364900588989
safety and environment,environment and safety,,0.9869858026504517,
ministry of health and population,ministry of public health,,0.9474524259567261,
electricity institute,electrical energy,,0.7489076852798462,
agricultural science and sea,agriculture sciences program and sea,,0.9062702655792236,
site,ite,,0.7776833176612854,
civil structural engineering,civil engineering structural engineering,,0.983099102973938,
"nuffield orthopaedics, rheumatology and musculoskeletal sciences",leeds rheumatic and musculoskeletal medicine,,0.8619044423103333,
post graduate chemistry,studies in chemistry,,0.8820292353630066,
telecommunication engineer,telecommunication engineering,,0.8986896872520447,
central services,central administration,,0.8532630205154419,
computer and information technologies,computer and information technology,,0.9847643375396729,
departamento de medicina preventiva e social,departamento de medicina social,,0.921299397945404,
nova science and technology,science and technology,,0.9347467422485352,
"ocean, earth and atmospheric sciences","ocean, earth, and atmospheric sciences",,0.996467113494873,
cics.nova,nova,,0.8253732323646545,
"economics, economics","economics,",,0.9732670783996582,
bsh,bs,,0.856932520866394,
microbiology immunology,microbiology and immunology,,0.9853882789611816,
escuela naval de suboficiales arc barranquilla,escuela naval de cadetes almirante padilla,,0.8325405120849609,
marshal antonio josé de sucre educational unit,juan montalvo educational unit,roberto alfredo arregui chauvin educational unit,0.7360720038414001,0.6618025898933411
esthetic,aesthetics,,0.8576509952545166,
operations and technology management,technology and operations management,,0.9785909652709961,
computing & information systems,computing and information systems,,0.995649516582489,
geophysical science,geophysical sciences,,0.98502516746521,
physical and mathematical science,physical and mathematical sciences,"maths, physics, chemistry",0.9818699359893799,0.8578640222549438
soils and land use,soil ecology,,0.8783323764801025,
industrial engineering dii,industrial engineering - dii,,0.9618279933929443,
igepp,lagepp,,0.8562549948692322,
"occupational therapy, medicine",occupational therapy,,0.8876343965530396,
medical sciences department,medical science department,,0.9881389141082764,
"safety, health and environment","health, safety and environment",,0.9932151436805725,
operative dentistry,surgical dentistry,,0.9776567220687866,
scripps florida,scripps research institute,tropical public health,0.7047456502914429,0.4962199926376343
subatomic physics,atomic physics,,0.9584229588508606,
industrial science,industrial sciences,,0.9541391134262085,
design programme,design and development,,0.8381704092025757,
"public health, environments and society",public health and environment,,0.9438909292221069,
clinical development and medical affairs,medical affairs and clinical research,,0.9273356199264526,
computer system,computer systems,,0.9711997509002686,
health evidence,health studies,,0.8598031997680664,
sharia economy,sharia economic,sharia &amp; islamic economics,0.9660643339157104,0.8567086458206177
sociology ii,sociology 2,,0.9284324049949646,
geography and spatial science,geography and spatial sciences,geography-geology,0.987694501876831,0.8738270401954651
curatorial studies,curatorship,,0.883476972579956,
arabic teacher,arabic language teaching,,0.9259920716285706,
chimestry,chimistry,,0.7888555526733398,
biological sciences institute,biological science institute,,0.9895890951156616,
"business, law and governance","business, law & governance",,0.9937806129455566,
software quality assurance,software development,,0.7716851234436035,
applied ethics,ethics,,0.8704090118408203,
"electrical, electronics and systems engineering","electrical, electronic and systems engineering",,0.996565043926239,
national lab for superconductivity,beijing national laboratory for condensed matter physics,,0.7833654284477234,
lirmm,lism,,0.8228176236152649,
disa,dema,,0.7973042726516724,
it and computer engineering,computer engineering and it,,0.9837465286254883,
"chemistry and biotechnology, graduate engineering","synthetic chemistry and biological chemistry, graduate engineering",,0.9299540519714355,
cell signal unit,communication unit,,0.8628681898117065,
technical education for development,technical education,,0.9175758361816406,
slhs,sls,,0.890643835067749,
research and science,science and research,,0.9970968961715698,
european research executive agency,european commission joint research centre,,0.7935782670974731,
intercultural communication,intercultural communications,,0.9889890551567078,
software design,engineering software,,0.8998792171478271,
sibley mechanical and aerospace engineering,mechanical & aerospace engineering,,0.8334415555000305,
sri aurobindo medical sciences,pravara medical sciences,veer surendra sai medical sciences and research,0.8003430366516113,0.7529046535491943
hospital de especialidades josé carrasco arteaga,hospital de especialidades de portoviejo,,0.8452225923538208,
usa,u.s,,0.7468670606613159,
mathematical and physical science,mathematics and physical science,,0.9865700006484985,
upao,ngo,,0.7801694273948669,
vicerrectoría research and extension,vicerrectoría research and development,,0.9238255023956299,
all india medical sciences jodhpur,all india medical sciences bhubaneswar,vijayanagar medical sciences,0.8623796701431274,0.8248788118362427
architecture graduate,graduate architecture,,0.9256839752197266,
pkdm,dmpk,,0.8498810529708862,
computer and information engineering,computer & information engineering,,0.9970221519470215,
national optical,national optics,,0.9087669253349304,
psychiatry and biobehavioral sciences,psychiatry & biobehavioral sciences,,0.9982771873474121,
laboratory of physiology,laboratory of biophysics,,0.9004476070404053,
museology and heritage,museology,,0.9365553855895996,
preparatory,propar,,0.8813770413398743,
radio astronomy and galactic structure,radio astronomy,,0.8859647512435913,
ascom,dcom,,0.8019425868988037,
argonne national laboratory argonne research library,argonne national laboratory,,0.8088924884796143,
electrical and electronic engineering department,electrical and electronics engineering department,,0.9962090849876404,
"zoology, botany, chemistry","botany, zoology, chemistry",,0.98389732837677,
it systems,it & systems,,0.9450634121894836,
east asia studies,east asian studies,,0.9828947186470032,
sir john walsh research institute,cawthron institute,,0.6732874512672424,
planning and coordination,planning and strategy,,0.9190998077392578,
cundinamara,cundinmarca,,0.7767282128334045,
laboratoire de physique de clermont,laboratoire d'annecy-le-vieux de physique théorique,,0.8700879812240601,
neuro oncology,neuro-oncology,,0.9901022911071777,
sensor and actuator systems,sensor systems,,0.880522608757019,
clinical pharmacology & therapeutics,clinical pharmacology and therapeutics,,0.99724942445755,
sign,signalling,,0.7207741737365723,
workforce education and instructional technology,workforce education and development,instructional systems,0.9105476140975952,0.778285801410675
unisanitas,uniandes,,0.7923519015312195,
residents,resident,,0.8341428637504578,
sage computing,it and computing,,0.7726083993911743,
division of parasitology,division of parasitic diseases and malaria,,0.8152951002120972,
state key laboratory of information photonics and optical communications,state key laboratory of transient optics and photonics,optical information science and technology,0.9058400392532349,0.6997308731079102
biomedical and public health,"health sciences, public health",,0.9377467632293701,
new drug discovery,drug discovery and development,,0.8763076066970825,
hotel management,hotel management department,,0.950842022895813,
social science and economics,economics and social science,,0.9847180247306824,
nanobiosensors and bioanalytical applications,biosensors for bioengineering,,0.8911089897155762,
medical address,medical,,0.8555008172988892,
initial studies institute,research institute,,0.7426232099533081,
learning enhancement and development,learning & development,,0.9559280276298523,
board of natural resources,academic board of natural resources,,0.8639837503433228,
"applied physics, electronics and communication engineering",applied physics and electronic engineering,"computer science, physics",0.9675894379615784,0.8345254063606262
basics science,basics sciences,,0.9762503504753113,
corporate planning,business planning,,0.8789227604866028,
ming hsieh electrical and computer engineering,ming hsieh electrical engineering,,0.9733445644378662,
mechanical and construction engineering,mechanical engineering and construction,,0.9898576736450195,
applied health,applied health science,,0.9278379082679749,
materials and energy research center,energy research centre,,0.908745527267456,
national centre of excellence in geology,national centre of excellence in physical chemistry,,0.7646293640136719,
chemistry of são carlos,sao carlos chemistry,,0.9068502187728882,
physics program,physics department,,0.9017532467842102,
"mathematics department, sciences",math and science department,,0.9311391115188599,
medicine / cardiology,"medicine, cardiology",,0.9911083579063416,
pathobiological sciences,pathological sciences,,0.9710856676101685,
mechanics institute,mechanical engineering institute,,0.9606894850730896,
biomedical laboratory sciences,biomedical laboratory science,,0.9892363548278809,
graduate sport sciences,graduate sports science,,0.969390332698822,
hangzhou advanced study,hangzhou advanced studies,,0.966826856136322,
german research center spoke atlas,german global and area studies,,0.8192486763000488,
lab of ornithology,laboratory of ornithology,,0.9454108476638794,
central rural development,rural development,,0.8188111186027527,
built environment engineering,built environment and engineering,,0.9609593152999878,
jean lamour institute,jean-pierre institute bourgin,,0.8698537945747375,
communication and broadcasting of islam,islamic communication and broadcasting,,0.9767557978630066,
maritime business management,maritime business administration,,0.9434986114501953,
ecp,epl,,0.8732166886329651,
amsterdam school for cultural analysis,amsterdam social science research,,0.7842525243759155,
unicentro,unidep,,0.7505766153335571,
"lincoln laboratory, massachusetts technology",massachusetts technology lincoln laboratory,,0.9715107679367065,
astronomical instrumentation,astronomical observatory,"astrophysical, planetary, and atmospheric sciences",0.855814516544342,0.6982548832893372
rainbow school,ischool,,0.6432534456253052,
philosophy and human sciences - ifch,philosophy and human sciences ifch,,0.9824365973472595,
swiss center for scientific research in ivory coast,,,,
"pharmacy systems, outcomes and policy",pharmaceutical systems and policy,,0.9009127020835876,
humanitarian aid,humanitarian,,0.9328353404998779,
analytical chemistry and radiochemistry,"analytical chemistry, chemistry",,0.9213522672653198,
residence,residential,,0.8931132555007935,
"anesthesiology, resuscitation and pain therapy","anesthesia, critical care and pain medicine",,0.9301741123199463,
language and cultures,language and culture,,0.9778857231140137,
nano-biotechnology,bio and nanotechnology,,0.9483643174171448,
neurorehabilitation unit,neurointensive care unit,,0.9358478784561157,
lestari,isi,,0.6425855755805969,
"chemistry, graduate science","graduate science, chemistry",,0.9567132592201233,
sexology,sexual health,,0.8629055619239807,
china telecom china,china telecom,,0.9804196357727051,
facultat de belles arts,liberal arts,,0.7536853551864624,
maresme health consortium,terrace health consortium,,0.7651242017745972,
sociological research,sociology and social research,,0.9630398154258728,
speech and language therapist,speech therapist,,0.9536501169204712,
master of informatics,master of information technology,,0.9181556701660156,
economic and social statistics,economic statistics,,0.9441546201705933,
inw,inr,,0.8891570568084717,
microbiology & molecular biology,microbiology and molecular biology,,0.9961830973625183,
polymer material and engineering,polymer materials and engineering,,0.993927538394928,
european languages and integration studies,european studies,,0.8735160231590271,
sociology and demography,sociology & demography,,0.9972983598709106,
cebio,cbio,,0.8938348293304443,
ufr of philosophy,contemporary philosophy,,0.9133632183074951,
fisspa,fisppa,,0.7836292386054993,
institute giannina gaslini,irccs center s giovanni di dio fatebenefratelli,,0.7669391632080078,
"human geography, planning and international development","human geography, planning and international development studies",,0.9523849487304688,
biblical and religious studies,biblical and theological studies,,0.9744575023651123,
international law and state,law and international relations,,0.8983610272407532,
office of postdoctoral affairs,postdoctoral,,0.8337225914001465,
general and ecological chemistry,general and inorganic chemistry,,0.9275572299957275,
chair of management accounting,chair of management,,0.8772696256637573,
"chemical engineering, ocean and life sciences",chemical and engineering sciences,,0.9108319878578186,
marine geology,marine geoscience,,0.9388811588287354,
ii. theoretical physics,i. theoretical physics,,0.9680196046829224,
business english,business administration english,,0.9151179790496826,
transport studies,transportation studies,,0.9782309532165527,
rutgers nursing,rutgers health,,0.9103727340698242,
physics and electronic,physics and electronic technology,,0.9744856357574463,
felcs,wildlife,,0.7169680595397949,
maxwell citizenship and public affairs,public and international affairs,,0.8180046081542969,
"cell, molecular, and developmental biology","cell, molecular and developmental biology",,0.9939931631088257,
islamic education,islamic religious education,,0.9812535047531128,
spring-8 center,kingdom spring-8 center,,0.7963340878486633,
ipmc,ipm,,0.8808579444885254,
plasma,plasma physics,,0.8710638284683228,
united states naval research laboratory,u.s. naval research laboratory,,0.9680609703063965,
laboratory jean kuntzmann,laboratory jean perrin,,0.8057041168212891,
esrf,rf,,0.8975880146026611,
pedatrics,pedaitrics,,0.9287320971488953,
office of vice chancellor for research and extension,office of vice president for academic affairs,,0.8650333285331726,
health policy and administration,health policy & administration,,0.9973279237747192,
symbolic systems,signals and systems,,0.7384843826293945,
public and community health sciences,public health and health sciences,,0.9588770866394043,
visual arts education,visual art education,,0.9828747510910034,
electronic science and applied physics,physics and electronic science,,0.9404133558273315,
ambulance service,ambulance,,0.934968888759613,
systems and enterprises,enterprise systems,engineering-economic systems,0.8792345523834229,0.8294037580490112
engineering and computer science,engineering & computer science,,0.99673992395401,
solar department,solar energy department,radiophysical department,0.947608470916748,0.5943694114685059
first internal medicine,1st internal medicine,,0.9833024740219116,
research centre arts in society ais,centre for arts in society,,0.8643404841423035,
hungarian literature,hungarian language and literature,,0.9656134843826294,
tuberculosis,tuberculosis and pulmonology,,0.9022542238235474,
polar research china,china studies,,0.8080672025680542,
biotechnology and biomolecular sciences babs,biotechnology and biomolecular sciences,molecular and microbial biosciences,0.9139609932899475,0.8581824898719788
"technology, art and design",art & technology,,0.9581232070922852,
ethiopian public health institute,public health institute,,0.7443695068359375,
microelectronic,microelectronics,,0.966280460357666,
regenerative agriculture,sustainable agriculture,,0.8752103447914124,
deutsche bank,german federal bank,,0.8612174391746521,
graduate in economics,economics graduate,,0.9555915594100952,
difusión cultural,extensión cultural,,0.8299993276596069,
ira a. fulton schools of engineering,ira a. fulton engineering,,0.9097350239753723,
political systems,political sceince,,0.8705134391784668,
painting business teaching,teaching,,0.7431173920631409,
latvian organic synthesis,organic synthesis,,0.7851434946060181,
bronx high science,science branch,,0.790350079536438,
experimental biology of polish academy of sciences,"nencki experimental biology, polish academy of sciences",,0.9339464902877808,
pathology and surgery,surgical pathology,,0.9393613934516907,
humanities and cultural sciences,humanities and cultural studies,,0.9491649866104126,
institut paoli-calmettes,institut fresnel,,0.7583559155464172,
dtbs,dtp,,0.8579407334327698,
high-de-seine,national architecture paris-val de seine,,0.7636873722076416,
global communications,global communication,,0.9756616353988647,
oral pathology and microbiology,oral pathology & microbiology,,0.9966707825660706,
graduate advanced integrated studies in human survivability,graduate integrated sciences for life,,0.8337911367416382,
combustion technology,combustion,,0.8490457534790039,
dida - architecture,architecture dida,,0.8203463554382324,
entomology and nematology,entomology & nematology,,0.9968118071556091,
applied meteorology,applied climatology,,0.8989722728729248,
grenoble national polytechnic institute,grenoble polytechnic institute,institut polytechnique des sciences avancées,0.9576056003570557,0.8069682121276855
kokand state pedagogical institute named after mukimi,nukus state pedagogical institute named after ajinyoz,,0.8107023239135742,
renato archer information technology center,technical center,,0.6932119131088257,
secretaria de educação superior,secretaria de educação do distrito federal,,0.895695686340332,
polymer science and rubber technology,polymer engineering and technology,,0.8742933869361877,
"philology, journalism and intercultural communication","philology, journalism and cross-cultural communication",,0.9929645657539368,
associação caruaruense de ensino superior e técnico,associação caruaruense de ensino superior,,0.966141939163208,
european space astronomy centre,european space agency,,0.8764609098434448,
downstream processing,processing,,0.8502227067947388,
ifpe,ifp,,0.8816198706626892,
daele,daeln,,0.8268767595291138,
aquatic and fishery science,aquatic and fisheries science,,0.9896938800811768,
history and archival studies,history and archives,,0.9366850852966309,
industrial and manufacturing,industrial,,0.9333311319351196,
weifang people's hospital,zhuhai people's hospital,,0.9379651546478271,
electric and information engineering,electrical and information engineering,,0.9620867371559143,
bachelor of medicine & bachelor of surgery,bachelor of medicine and bachelor of surgery,,0.9962720274925232,
secretary sports,secretary of education and sport,,0.8467143774032593,
anaesthesiology & intensive care,anaesthesiology and intensive care,,0.997278094291687,
biomaterials department,biotechnology department,,0.8799189329147339,
center of social and human sciences,center of human and social sciences,,0.9957807064056396,
laboratory of genetic engineering,laboratory of genetics,,0.9584373831748962,
breast and endocrine surgery,endocrine and breast surgery,,0.968245267868042,
organization studies,organisation studies,,0.9927110075950623,
microbiology and ecology,microbial ecology,,0.9413719177246094,
centro de investigación y desarrollo de tecnología digital,centro de ingeniería y desarrollo industrial,,0.8092845678329468,
nursing and healthcare,nursing and health care,,0.9903849363327026,
degree in nursing and obstetrics,nursing degree,,0.8939185738563538,
global business services,global services,,0.9423125982284546,
cognitive and brain sciences,brain & cognitive sciences,,0.9830184578895569,
south china sea oceanology,"south china sea oceanology, chinese academy of sciences",,0.8622872233390808,
computer science - dcc,dept. computer science,,0.8399430513381958,
technology management and economics,"technology, management and economics",,0.9674859642982483,
theoretical computer science,theoretical computer science and mathematical logic,,0.939692497253418,
"health research methods, evidence and impact","health research methods, evidence, and impact",,0.9980412721633911,
socio -environmental studies - iesa,socio-environmental studies,,0.790752649307251,
centro de investigaciones y estudios superiores en antropologia social noreste unidad peninsular,centro de investigaciones y estudios superiores en antropología social unidad sureste,center for research and teaching in humanities of state of morelos,0.9361493587493896,0.6839203834533691
government management,governance and public management,,0.8932244181632996,
computer systems department,computer and systems department,,0.9903515577316284,
laboratory medicine & pathobiology,laboratory medicine and pathobiology,,0.9981979131698608,
london knowledge lab,london centre for nanotechnology,london research institute,0.7814712524414062,0.8382760286331177
"neurology,",neurology,,0.9886201620101929,
global and international studies,global studies,,0.9493077993392944,
philosophy of education,philosophy and history of education,,0.9406419992446899,
foreign policy,foreign affairs,government and foreign affairs,0.9329003095626831,0.8041186332702637
department for geography,dept. of geography,,0.9583357572555542,
climate change research centre,centre for climate change research,,0.9717105627059937,
eeis,ee,,0.9206193685531616,
fitness center and advanced technology applied,advanced technology center,,0.7858100533485413,
imbm,ibm,,0.8712575435638428,
postgraduate program in history,post graduate program in history,,0.9927811622619629,
osteopathic medical school,medical school,,0.8892645835876465,
heidelberg theoretical studies,theoretical studies,,0.7799856662750244,
biomedical engineering and computational science,biomedical science and engineering,,0.9566159844398499,
sidia science and technology,science & technology,,0.8877308368682861,
turku centre for biotechnology,turku bioscience centre,,0.954755961894989,
mst,hst,m.p.c,0.8872199058532715,0.8227518200874329
cologne game lab,research laboratory,,0.7219233512878418,
language and cultural studies compared,linguistic and cultural comparative studies,,0.9333368539810181,
"veterinary medicine, clinical sciences",veterinary medicine and biomedical sciences,,0.9791866540908813,
photonic and electronic engineering,electronic and optical engineering,,0.919541597366333,
russian,russian language,,0.9332632422447205,
guangzhou commerce,guangzhou geography,,0.851723849773407,
industrial and information management,industrial management and technology,,0.8904814720153809,
depertment of physics,shool of physics,,0.9327803254127502,
microbial biotechnology,microbiology and microbial biotechnology,,0.9548987150192261,
rutgers cancer new jersey,rutgers new jersey medical school,,0.8048651218414307,
ministry of national education,ministry of education,,0.9441195726394653,
kavli cosmological physics,kavli theoretical physics,,0.9365822672843933,
"anatomy, medicine","medicine, anatomy",,0.9448226094245911,
arts and creative enterprises,creative industries,,0.9142277240753174,
"biology, genetics",biology and genetics,,0.9928563833236694,
graduate electro-optical engineering,graduate electronics engineering,,0.9072971940040588,
health system science,health systems science,,0.9856714010238647,
wireless engineering,electrical engineering - telecommunications,,0.8717434406280518,
national security directorate,national security department,,0.8954498767852783,
kidney,kidney transplant,,0.8469712734222412,
micro and nanotechnology institute,nanotechnology institute,,0.9204577207565308,
computer sciene,computer scienece,,0.980735182762146,
ucs,ucsc,,0.9018106460571289,
global health and development,global health & development,,0.9977784752845764,
prehistoric archeology,prehistoric archaeology,,0.9886170625686646,
nes,mes,,0.8897155523300171,
advanced materials and technology,advanced materials and technologies,,0.9939115643501282,
nist center for nanoscale science and technology,center for nanoscale science and technology,,0.9744887351989746,
herbert wertheim engineering,grainger engineering,,0.7730259895324707,
irkutsk regional clinical hospital,krasnoyarsk regional clinical hospital,smolensk state medical academy,0.8885259628295898,0.7089928388595581
centro de investigaciones y estudios superiores en antropologia social noreste unidad peninsular,centro de investigaciones y estudios superiores en antropología social unidad sureste,center for research and teaching in humanities of state of morelos,0.9361493587493896,0.6839203834533691
giovanni maria bertin educational sciences,institute giannina gaslini,galileo galilei state scientific high school,0.7529001235961914,0.660659909248352
international maize and wheat improvement center,global maize program,,0.746429443359375,
fiber optics and photonics division,optics and photonics,,0.7799115180969238,
drug discovery chemistry,biological chemistry and drug discovery,,0.9325217008590698,
postgraduate agriculture,post graduate agriculture,,0.9783661365509033,
languages & literature,languages and literature,,0.996543824672699,
organic and inorganic chemistry,inorganic and organic chemistry,,0.9871641397476196,
"art history, musicology and theatre studies",history of arts,,0.8439489603042603,
ilos,oslo,,0.7077926397323608,
center for human-computer interaction,computing center,,0.8657331466674805,
sjl,esl,,0.736762523651123,
ricardo palma clinic,delgado clinic,,0.7854741811752319,
paul baerwald social work and social welfare,social work and social welfare,,0.7255310416221619,
mallinson science education,science education center,,0.78346848487854,
philosophy and education science,philosophy and educational science,,0.9934470057487488,
chinese academy of sciences shanghai center for plant stress biology,shanghai center for plant stress biology,graduate chinese academy of sciences,0.9161480069160461,0.7342725992202759
drug sciences,drug science,,0.9586032032966614,
horticulture and crop production,crop production and horticulture,,0.989047646522522,
state key laboratory of coal mine disaster dynamics and control,state key laboratory of coal combustion,,0.7923213243484497,
business administrations,business administration,,0.9836467504501343,
"medellin, antioquia",medellin,,0.8993456363677979,
pharmacy and pharmaceutical science,pharmacy and pharmaceutical sciences,,0.9848130345344543,
visvesvaraya national technology,national technology srinagar,,0.718786358833313,
lingustics,linguistics and literature,,0.7978739738464355,
public and environmental affairs,environmental affairs,,0.8791767954826355,
applied mathematics and computing,applied mathematics and scientific computing,,0.986139178276062,
biological and pharmaceutical sciences and environmental technologies,"environmental, biological and pharmaceutical sciences and technologies",,0.9831835627555847,
employment research,labour market and occupational research,,0.8512713313102722,
primary care and public health,primary care & public health,,0.997621476650238,
d-hest,d-gess,,0.8259038329124451,
academy of military medical sciences,military medical academy,,0.928667426109314,
oceanographic center,center for marine science,,0.8331129550933838,
esrf,rf,,0.8975880146026611,
jnmc,jgls,m.p.c,0.7953575849533081,0.6805345416069031
laboratory of chemical biology,laboratory of biochemistry,,0.9483439922332764,
center for sociological studies,center for sociological research,,0.9758520126342773,
cmb,mbb,,0.9215586185455322,
doctor of philosophy,degree in philosophy,,0.9078152179718018,
health and nursing science,health and nursing sciences,,0.9796887040138245,
systems biomedical science,systems biotechnology,,0.9009091258049011,
crawford public policy,crawford school,,0.7191592454910278,
pakistan studies,national pakistan studies,,0.9216254353523254,
law professor damásio de jesus,law prof. damásio de jesus,curitiba law school,0.9672544598579407,0.6648951172828674
psychology and neuropsychology,clinical psychology and neuropsychology,,0.9733996987342834,
scamt,cas,,0.6192393898963928,
cultural and religious studies,"culture, religion and social studies",,0.9296098947525024,
homoeopathic pharmacy,pharmaceutic,,0.8407878279685974,
educational and social policy,educational & social policy,,0.9957031607627869,
"literature, film and theatre studies","literature, film, and theatre studies",,0.9973536729812622,
information documentaire,information,,0.8259487748146057,
escola superior de saúde de santa maria,escola superior de saúde de santarém,escola superior de enfermagem de bissaya barreto,0.9094508290290833,0.7755166888237
central de material e esterilização,central de abastecimento farmacêutico,,0.7827112078666687,
pediatric center,pediatric department,,0.9200807809829712,
"ministry of higher education, science and technology",ministry of science and technology,,0.9152340292930603,
"electronics, electrical engineering and computer science","electrical engineering, electronics and computer science",,0.9946536421775818,
non medical,non-medical,,0.9884742498397827,
n.a.,unc,,0.8560734391212463,
gaming,games,,0.8840219974517822,
anatomical sciences,anatomical science,,0.974069356918335,
animal breeding and genetics,animal genetics and breeding,,0.9969420433044434,
genome centre,genome center,centre for genome research,0.9776837825775146,0.8452403545379639
centre for science and technology studies cwts,centre for science and technology studies,,0.8953782320022583,
refrigeration and air conditioning,refrigeration,,0.8447308540344238,
escola superior de artes e turismo,escola de arquitetura e design,,0.7892888188362122,
hospital de são josé,hospital são josé,,0.9885373115539551,
"economics, finance and accounting","economics, accounting and finance",,0.9987397193908691,
"biochemistry, microbiology and bio-informatics","biochemistry, microbiology and bioinformatics",,0.9964619874954224,
oculoplastics,coatings and polymeric materials,lucent technologies,0.7840762734413147,0.6413824558258057
physik institut,physiology institute,,0.8748011589050293,
hitachi,hitachi japan,,0.8848620057106018,
diade,sde,lthe,0.7186903953552246,0.6278954148292542
centre for socio-legal studies,centre for social studies,,0.8834002017974854,
ministry of sport,"ministry of education, culture and sports",,0.8431464433670044,
edinburgh medical school,edinburgh medical school: biomedical sciences,,0.9643787145614624,
comparative studies in history and society,history and social studies,,0.9027004241943359,
agriculture product technology,agricultural product technology,,0.994206428527832,
theory and literary history,theory of literature,,0.9321292042732239,
"political science, philosophy",political science and philosophy,,0.9935891628265381,
public health agency of canada,health canada,,0.8845324516296387,
social impact,social and environmental,,0.8318694829940796,
computational neuroscience - 2024,computational neuroscience - 2024 pilot,,0.9119948148727417,
gaming,games,,0.8840219974517822,
executive secretariat,secretariat,,0.9141191244125366,
english language teaching department,english teaching department,,0.9792100787162781,
human sciences and promotion of quality of life,sciences for quality of life,,0.9117783308029175,
instituto de artes e design,instituto de artes e comunicação social,,0.8367605209350586,
social informatics laboratories,ntt communication science laboratories,,0.787788987159729,
national health service wales,public health wales,welsh pharmacy,0.7897878885269165,0.6780765056610107
creation,create,,0.9176027178764343,
plant biochemistry and photosynthesis,plant biochemistry,,0.9132821559906006,
faculté de physique,faculté de physique et ingénierie,,0.9339991807937622,
food and nutrition biotechnology,food and biotechnology,,0.9569987058639526,
information technologies and communications,information and communications technologies,,0.9932777285575867,
engines,mechanical engineeirng,,0.8768800497055054,
pgia,pgis,m.p.c,0.8397287726402283,0.7020101547241211
"electronic engineering, computer and automatic systems",electronic and automatic engineering,,0.9576447606086731,
oto-rhino-laryngology,otolaryngology-hns,,0.921143651008606,
dept. of neurosurgery,neurosurgical department,,0.9405472874641418,
applied system analysis,applied systems analysis,,0.9873682856559753,
instituto raul soares,instituto de educação superior raimundo sá,,0.8326129913330078,
hospital del mar,hospital del mar research institute,,0.8731431365013123,
giri development studies,development studies,,0.7603486776351929,
psychologist,psychology clinical,,0.9277878999710083,
molecular & human genetics,molecular and human genetics,,0.9962089657783508,
quantum materials and technologies,quantum technologies,,0.9062549471855164,
centre for business and economics of health,centre for health economics,,0.9053246378898621,
after sales,aftersales,,0.9629645347595215,
research pacific and asian studies,asian studies,asia pacific studies,0.8389297723770142,0.9343111515045166
ctr,ctrn,,0.907071590423584,
lia,lsi,,0.7641238570213318,
nursing science,nursing science and practice,,0.9539263844490051,
financial stability department,financial department,,0.8383494019508362,
national ocean service,noaa national ocean service,,0.854367733001709,
"philosophy, psychology and language sciences","philosophy, psychology & language sciences",,0.9968409538269043,
high mathematics,higher mathematics,,0.9454770684242249,
carolina health informatics program,health information system,,0.7513337731361389,
chemical science and technology division,chemical sciences and technology division,inorganic and physical chemistry division,0.9910286664962769,0.8931265473365784
école nationale supérieure des sciences de l'information et des bibliothèques,ecole nationale superieur des sciences de l'information et des bibliotheques,,0.9580722451210022,
bioscience center,biosciences center,genomic sciences center,0.9830050468444824,0.844247579574585
biological and physiological sciences,biological and natural sciences,,0.9491726160049438,
management,management.,,0.9858657121658325,
germans trias i pujol health sciences research institute foundation,germans trias i pujol health sciences research institute,,0.9533017873764038,
rheumatology and rehabilitation,rheumatology & rehabilitation,,0.9979307651519775,
medical georgia,georgia cancer center,,0.842041552066803,
bc cancer agency,bc centre for disease control,,0.7404682040214539,
address education and health research,coordination of education and health research,,0.9015844464302063,
"health, wellbeing and social care",health and social care,,0.9544808268547058,
sports technology,sports science and technology,lund technology,0.8921489715576172,0.7127083539962769
national defence,national defense,,0.9805019497871399,
istanbul kültür üniversitesi,istanbul esenyurt üniversitesi,,0.9543763995170593,
nottingham business school,nottingham law school,,0.8462482690811157,
molecular cell and developmental biology,molecular cellular and developmental biology,,0.9909079670906067,
crs,drs,,0.8787827491760254,
automotive electronics,automotive mechatronics,,0.9490599632263184,
electrocatalytic interface engineering,electrical system engineering,,0.8874326944351196,
hkust,ust,,0.8393563628196716,
ecust,ust,,0.7811107635498047,
sport science and health,sport and health science,,0.9911214113235474,
smolensk state medical academy,izhevsk state medical academy,military-medical academy. cm. kirov,0.9242436289787292,0.8000370264053345
master in business management,master in business administration,,0.9734127521514893,
research human morphology,human anatomy and histology,,0.8388023376464844,
crop production ecology,crop genetics and breeding,,0.8278506994247437,
centre for youth mental health,centre for mental health,,0.8775116205215454,
languages and linguistics,languages & linguistics,,0.9951577186584473,
"translational physiology, infectiology and public health",epidemiology and public health,,0.8553662300109863,
plasma physics,plasma physics department,,0.8986316323280334,
dentistry and oral health - section for oral ecology,dentistry and oral health,,0.8427779078483582,
holistic faculty - fahol,interdisciplinary faculty in humanities,,0.7595207691192627,
community science,community health science,,0.8796164393424988,
laboratory for studies in geophysics and spatial oceanography,laboratory of oceanology and geosciences,,0.9301864504814148,
basf germany,nec germany,,0.9106699228286743,
coris,deis,,0.7698294520378113,
solar energy,photovoltaic solar energy,,0.9398840665817261,
information & communication,information and communication,,0.996305525302887,
mercator management,commercial management,,0.7745694518089294,
pichincha bank,peruvian credit bank,,0.7552694082260132,
information systems technology,information system technology,,0.9913625717163086,
hospitality management and tourism,hospitality and tourism management,,0.9947153329849243,
hr,hrm,,0.8607670068740845,
t.h. chan public health,th chan public health,,0.9001814126968384,
laboratory diagnostics,laboratory diagnostic,,0.975409984588623,
poltical science,science,,0.8883341550827026,
ecole supérieure chimie physique electronique de lyon,ecole nationale supérieure de chimie de biologie et de physique,,0.825128972530365,
lancaster environment centre,lancaster environment center,,0.9881106019020081,
singapore-mit alliance for research and technology,singapore-with alliance,,0.7652415037155151,
digital sciences,digital science,cognitive and computing sciences,0.9530315399169922,0.7937854528427124
youth center,youth services,,0.8954417705535889,
poultry,poultry production,,0.8607202768325806,
biologics research,biological research,,0.9434126615524292,
"engineering, architecture department",architecture engineering department,,0.9511158466339111,
"developmental psychopathology ricde, fmg",developmental psychopathology,,0.8742197751998901,
"biology, chemistry and geography","biology, geography and chemistry",,0.9975720643997192,
geograpgy,geograpy,,0.9852340221405029,
emergency call,emergency response,,0.793470025062561,
aryabhatta research observational sciences,bhaskaracharya applied sciences,,0.7014974355697632,
"resources, environment, and sustainability","resources, environment and sustainability",,0.9966102242469788,
hiv prevention,hiv and aids malignancy branch,,0.8304102420806885,
earth system analysis,earth systems analysis,,0.9863359332084656,
research center in international economics,centre for international studies,,0.8439933061599731,
polytechnic engineering,nyu polytechnic engineering,,0.8844893574714661,
communications systems,communication systems,,0.9935334324836731,
social sciences,social sciences.,,0.9925411343574524,
automation and software,automation and computing,,0.9475524425506592,
ppgri,ppgci,,0.8952944278717041,
medical technology department,medical science department,,0.8889474272727966,
secondary education curriculum specializing in citizenship and social sciences,social sciences education,,0.8320332765579224,
quantitative ecology and resource management,natural resources ecology and management,,0.8740130662918091,
soacha education secretariat,education secretariat,,0.8173516392707825,
collaborative innovation center of assessment toward basic education quality,collaborative innovation center of assessment for basic education quality,,0.9951747059822083,
development economics group,development economics,,0.8396757245063782,
comunicación y psicología social,comunicacion social,,0.9037389159202576,
mechanical engineer,mechanical engineerig,,0.9809814691543579,
chemical and natural resources engineering,chemical & natural resources engineering,,0.997750997543335,
experimental interaction ecology,experimental ecology,,0.9502431154251099,
ingeniería civil y minas,ingeniería civil,,0.8703049421310425,
electronic system engineering,electronic systems engineering,,0.9936677813529968,
economics and tourism,economy and tourism,,0.974955141544342,
stem cell biology,stem cell sciences,,0.9631795883178711,
ifrr,ifg,,0.8921496272087097,
fine arts and humanities,humanities and fine arts,,0.9713531136512756,
accounting and taxes,accounting and tax,,0.9914900660514832,
theory department,theoretical department,,0.9527922868728638,
electronic music and acoustics,acoustics,,0.849684476852417,
perinatal national institute,national health institute,,0.8180454969406128,
cellular and molecular physiology,cellular & molecular physiology,,0.9969482421875,
gts,bts,,0.8834912776947021,
software house,software department,,0.88898766040802,
chemical engineering and environment,chemical and environmental engineering,,0.9833588004112244,
local educational management unit maynas,local educational management unit,,0.9662855863571167,
applied biology & chemical technology,applied biology and chemical technology,,0.9963593482971191,
ingenio csic-upv,ingenuity,,0.7810858488082886,
computer sciences & engineering,computer sciences and engineering,,0.9955092668533325,
northern engineering,northern studies,,0.769721508026123,
moscow,moscow economics,,0.8596773147583008,
classical and vernacular languages,classical languages,,0.9070383310317993,
librarianship and information management units,library and information management,,0.8578070402145386,
distributed computing,distributed systems,,0.8005181550979614,
apprenticeship,traineeship,,0.8952435255050659,
center for molecular medicine,centre for molecular medicine,,0.9790739417076111,
radiological technology,radiologic technology,,0.9278675317764282,
schulich business,schulich law,,0.7947210073471069,
public health and preventive medicine,public health & preventive medicine,,0.9980294704437256,
i/o psychology,clinical and biological psychology,,0.9234846234321594,
administration and economic,administration and economics,,0.9793832302093506,
loria,leria,,0.7423351407051086,
barcelona international studies,european business school in barcelona,,0.7943729162216187,
public administration department,public administration,,0.9301373362541199,
life science school,school life sciences,,0.9380521774291992,
counselor education and family studies,counselor education & family studies,counseling and personnel services,0.9961590766906738,0.6911907196044922
finance and credit department,banking and finance department,,0.9112908840179443,
biochemical and pharmaceutical technology,technology in biopharmaceuticals,,0.9442317485809326,
information technolgy,information techonology,,0.9642312526702881,
lg electronics,opto-electronics,,0.9175304174423218,
biomedical & life sciences,biomedical and life sciences,,0.9964951872825623,
cancer research,cancer research program,,0.9453644156455994,
virology and molecular biology,molecular virology,,0.9187520742416382,
national exposure research laboratory,national health and environmental effects research laboratory,,0.8941698670387268,
changjiang river scientific research institute,shanghai advanced research institute,,0.7880743741989136,
nutrtion,nutrition and food,,0.9338469505310059,
hemorio,ortho,,0.7130857110023499,
electrical engineering and physics,"electronic, electrical engineering and physics",,0.9786968231201172,
graduate healthcare management,graduate health sciences,,0.8791422843933105,
nwafu,buaa,,0.7491455078125,
centre for study of manuscript cultures,center for medieval studies,,0.7681902050971985,
analytical economics and management,"economics, economics and management",,0.9315352439880371,
fashion and art design,design and fashion,,0.9562034606933594,
earth and spatial sciences,earth sciences and geography,,0.9407650232315063,
nest,furb,,0.6303551197052002,
office planning consultant,planning office,,0.8332945704460144,
innovation of exercise care,health innovation,,0.8107026219367981,
division of agricultural physics,agricultural physics,,0.8603444695472717,
computer science & statistics,computer science and statistics,,0.9964406490325928,
international studies and political science,political science and international studies,,0.9943075776100159,
silver social work,social works,,0.6525071859359741,
plant protection,plant health and protection,,0.9417413473129272,
kle society's dental sciences,dental sciences,dentistry and medicine,0.8757206201553345,0.8349559903144836
criminology and sociology,sociology and criminology,,0.9569937586784363,
medicine-endocrinology,medicine/endocrinology,,0.9887417554855347,
chemistry and applied bioscience,chemistry and applied biosciences,,0.9911037683486938,
ministry of health and welfare,ministry of health and family welfare,,0.9719715118408203,
surgery and theriogenology,surgery and anatomy,,0.9039298892021179,
esic business and marketing school esic idiomas,esic business and marketing school,,0.8906692266464233,
shenzhen audencia financial technology institute,shenzhen institutes of advanced technology,,0.8078601360321045,
product management,product management department,,0.9480422735214233,
neonatal surgery,surgery,,0.8004528880119324,
sales engineering,sales engineer,,0.9309744238853455,
hydrobiology chinese academy of sciences,"hydrobiology, chinese academy of sciences",,0.9889096617698669,
"philosophy, history",philosophy and history,,0.9956492185592651,
centro de ingeniería y desarrollo industrial,centro de enseñanza técnica industrial,,0.9192706346511841,
philosophy and letters.,philosophy and letters,,0.9958677887916565,
mit energy initiative,energy initiative,,0.9058061242103577,
engineering and administration,administration and engineering,,0.9704679846763611,
polio eradication program,disease control and immunization,,0.627787709236145,
physical performance,sports physical,,0.8832112550735474,
chemical,chemical one,,0.9480119943618774,
automatic nancy research center,inria nancy grand est research centre,,0.7659354209899902,
surveillance core,surveillance,,0.8380550146102905,
materials engineering and convergence technology,materials engineering and technology,,0.9458382725715637,
rekhi centre of excellence for science of happiness,homi bhabha centre for science education,,0.6652538776397705,
g.v. kurdyumov metal physics,v.e. lashkaryov semiconductor physics,,0.8532503843307495,
division of entomology,dept. of entomology,,0.914353609085083,
social sciences business and law,"social sciences, business and law",,0.9781210422515869,
times media,media & journalism,,0.7377161979675293,
themselves,self,,0.7883404493331909,
center of strategic studies,center for strategic studies,,0.9744359254837036,
instituto superior de saúde do alto ave,instituto superior de ciências da saúde,instituto superior de ciências da saúde egaz moniz,0.8618121147155762,0.8199710845947266
research industrial science and technology,research science and technology,,0.9456049203872681,
population studies center,population research center,,0.9451924562454224,
"center for education, philosophy and theology",theology and humanities center,,0.8927801251411438,
"santa lucia foundation, a scientific hospital and care institution",foundation saint lucia,,0.8143427968025208,
iraq ministry of education,islamic education department,,0.8407702445983887,
developmental psychology and socialization,developmental psychology and socialisation,,0.9965928792953491,
core support to family health,family health and community,,0.8467390537261963,
iras,ilas,,0.7764232158660889,
head and neck surgery,head & neck surgery,,0.9952867031097412,
telethon kids institute,education centre,,0.646348237991333,
physics dep.,physics dept.,,0.9486767649650574,
internal medicine.,internal medicine,,0.9939794540405273,
bienen music,musik,,0.8874319791793823,
wellcome centre for molecular parasitology,wellcome centre for integrative parasitology,,0.9225858449935913,
cell signalling,cell signaling,,0.9686015844345093,
"basic, evolutionary and educational psychology","basic, evolutionary and education psychology",,0.9857548475265503,
surveying,surveillance,,0.845310628414154,
clinical and pharmaceutical sciences,biological and pharmaceutical sciences,molecular medical sciences,0.9269890785217285,0.839180588722229
structural mechanics and lightweight design,structural mechanics and design,,0.8804372549057007,
physical chemistry and materials science,materials science and physical chemistry,,0.9861413240432739,
paul merage business,stuart business,,0.6840263605117798,
chemical engineering and process development,chemical engineering & process development,,0.9971798658370972,
reproductive physiology,reproductive biology,,0.886631965637207,
"health, kinesiology, and recreation","kinesiology, health promotion, and recreation",,0.9655711054801941,
medical physiology,medicine - physiology,,0.9394794702529907,
hematology and bone marrow transplant,hematology and bone marrow transplantation,,0.9953200221061707,
center for public health,centre for public health,,0.9737306833267212,
sport and exercise science,sport & exercise science,,0.9966720342636108,
aigrain laboratory stone,geology lab,,0.6945431232452393,
"commerce, law and management",commerce and law,,0.9030299782752991,
regional studies,area studies,,0.8796924948692322,
electromagnetism and electronics,electronics and electromagnetism,,0.9795697927474976,
elementary school,elementary school i,,0.9769010543823242,
nishina center for accelerator-based science,high energy accelerator research organization,,0.8035802841186523,
battery,battery technology,,0.9030542969703674,
center of computer science,center for computational science,,0.9265468120574951,
performance department,performance,,0.8083840608596802,
international physical education and sport,physical education and sport,teaching physical education and recreation,0.8880892992019653,0.7868920564651489
laboratory of genomic diversity,laboratory of genetics and genomics,,0.9152151942253113,
public library of science,science library,information resources and library science,0.9189410209655762,0.8081939220428467
psychiatry & behavioral health,psychiatry and behavioral health,,0.9981340765953064,
human genetics department,genetic department,,0.9322208166122437,
materials and life science,materials and life sciences,,0.985103964805603,
engineering and system science,system engineering,,0.9117292761802673,
"filología española, lingüística general y teoría de la literatura","lengua y literatura españolas, teoría de la literatura y lingüística general",,0.954384446144104,
energy engineering department,mechanical and energy engineering department,,0.9250684976577759,
center for biostatistics in aids research,center for biostatistics,,0.9169252514839172,
history of islamic civilization,history and islamic civilization,,0.9870318174362183,
classics department,classical studies department,,0.8833208084106445,
police administration,police department,,0.8949752449989319,
uca,uci,,0.8619911670684814,
allergy/immunology,allergy and immunology,,0.9796250462532043,
administration and finance management,administrative and financial management,,0.961722731590271,
novo nordisk foundation center for protein research,nnf center for protein research,,0.8676378726959229,
community mental health,community and mental health,,0.9766761064529419,
"agricultural, livestock and environmental sciences - ecapma","agricultural, livestock and environmental sciences",,0.8595849275588989,
education department,i education department,,0.9657142758369446,
san pedro claver school,san agustín school,,0.7395744919776917,
radiological,radiological technology,,0.8936195373535156,
optics department,optical department,,0.9694057703018188,
self-employment,self employment,,0.9879092574119568,
it and telecoms,telecommunications and networks,,0.9065262079238892,
merck sharp and dohme,merck,,0.7971652746200562,
npgau,ppgau,,0.8819238543510437,
istituto per lo studio dei materiali nanostrutturati,istituto per lo studio dei materiali nanostrutturati consiglio nazionale delle ricerche,,0.9036865830421448,
centre for interdisciplinary research in basic sciences,centre for interdisciplinary research,global research center,0.9113165140151978,0.7933294773101807
construction and real estate management,construction management and real estate,,0.9904784560203552,
customer services,customer service,,0.9704123735427856,
agriculture and tourism,agricultural economy,,0.8708249926567078,
english philology department and german,english and german philology,,0.9386082887649536,
"cognition, development and psychology of education","cognition, development and educational psychology",,0.9695409536361694,
ahm fgw,fhss,,0.865296483039856,
engineering natural resources,natural resources engineering,,0.9029028415679932,
applied geodesy,geodesy,,0.8906239867210388,
federal center for technological education of minas gerais,centro federal de educação tecnólogica de minas gerais,brazilian institute graduate and extension,0.8846219778060913,0.7064331769943237
science applications international corp,science applications international corporation,,0.9606919884681702,
dept. of biochemistry and molecular biology,dept. of biochemistry,,0.9591802954673767,
graduate political management,graduate management,,0.8608220219612122,
polyclinic piquet sheep,sheep,,0.7294005155563354,
unidavi,unifavip,,0.7756352424621582,
english teachers,english teacher,,0.951227605342865,
centre for converging technologies,center for converging technologies,,0.9801583290100098,
irmb,ibmb,,0.9049388766288757,
rehabilitation services,rehab services,,0.9690142273902893,
development policy iob,development policy,,0.9273972511291504,
royal northern music,royal music,,0.8019322156906128,
philology and european cultures,classical philology and indo-european,,0.8639621734619141,
anesthesia and reanimation,anesthesiology and reanimation,,0.9546951055526733,
community health and prevention research,community health and prevention,,0.8963178396224976,
econometrics & operations research,econometrics and operations research,,0.9967641830444336,
directorate of ict,ict directorate,,0.8933858871459961,
producción agrícola y animal,departamento de producción agrícola y animal,,0.854112982749939,
second hospital,affiliated second hospital,,0.942756712436676,
rioja,caja,,0.7473788857460022,
amrita vishwa vidyapeetham,swasthavritta,vijayanagar medical sciences,0.8750102519989014,0.6641457080841064
psia,ceps,,0.8136817216873169,
graduate program in genetics,graduate program in biological sciences,,0.8501425385475159,
"europe, warsaw",german historical institute warsaw,,0.6837080121040344,
internal medicin,internal medicina,,0.9820145964622498,
new product introduction,new product development,birla technology,0.9028253555297852,0.583626925945282
bioethics and health humanities,bioethics and medical humanities,,0.9643051624298096,
management department,management departement,,0.9356205463409424,
advanced materials chemistry,advanced materials and chemical engineering,,0.9344509840011597,
cirugía general y digestiva,cirugia general y digestiva,,0.9771114587783813,
plant genetics and crop plant research,plant breeding and seed science,,0.9068630933761597,
peditrics,pedaitrics,,0.926148533821106,
social scienses,social sciences.,,0.8974649310112,
writing and journalism,journalism and publishing,,0.90073561668396,
instituto superior minero metalúrgico de moa,instituto superior de arte,,0.7853884696960449,
associação de ensino superior do piauí,associação caruaruense de ensino superior,,0.9092944264411926,
sensory organs,sense organs,,0.9491971135139465,
obstetrics and gynecology №1,obstetrics and gynecology №2,,0.9403701424598694,
security and law,law and security,,0.9863736033439636,
survey and mapping,surveying and mapping,,0.8909846544265747,
service intensive care,intensive care service,,0.870602011680603,
geological survey of finland,finnish geospatial research institute,,0.772132396697998,
"birla technology, mesra","birla technology and science, pilani",birla technology,0.8243905901908875,0.8986194133758545
tourism and gastronomy,"hospitality, tourism and gastronomy",,0.9254594445228577,
american worlds,americas,american civilization,0.8983362913131714,0.8868525624275208
"philology, foreign languages ​​and media communications","philology, journalism and intercultural communication",,0.8818403482437134,
land resources,land resources and environment,,0.950340986251831,
women's health and diseases nursing,"health, nursing",,0.8849583864212036,
brazilian society of family and community medicine,brazilian anesthesiology society,brazilian institute graduate and extension,0.7633092403411865,0.6119180917739868
hummanities,humanties,,0.8335248231887817,
peruvian amazon research institute,peruvian studies,,0.7936282157897949,
rotating internship,internship program,,0.8158771991729736,
company,corporate,,0.8504258394241333,
social science and politics,political and social science,,0.9804213047027588,
max planck history of science,max planck evolutionary anthropology,,0.8367400169372559,
project services,projects and services,,0.9055485725402832,
polymers and high performance materials,polymer technology,lucent technologies,0.8905097842216492,0.7198095321655273
anatomy & neuroscience,anatomy and neuroscience,,0.9971305131912231,
dyestuff technology,creative technology,birla technology,0.8098016977310181,0.6854653358459473
instituto de biología molecular y celular de plantas ibmcp,instituto de biología molecular y celular de plantas,,0.9240391850471497,
env,the,,0.8245988488197327,
research support center,clinical research support center,,0.942613959312439,
mathematical modeling,mathematical modelling,,0.9938602447509766,
post graduate english,postgraduate english,,0.9845575094223022,
geology and environmental sciences,geology and environmental science,,0.992631196975708,
"state secretariat of education, culture, sport and leisure","state secretariat of education, sport and culture",,0.9860079288482666,
forestry career,forestry,,0.8687701225280762,
"master education, president antonio carlos",tocantins institute president antônio carlos,instituto cenecista de ensino superior de santo ângelo,0.8463847637176514,0.6681548357009888
research institutions and community service,research and community service,,0.9435479640960693,
criminological and sociological research,criminological & sociological research,,0.9962403774261475,
inter-unit graduate program in science education,graduate program in science education,,0.9553585648536682,
neuroscience & regenerative medicine,neuroscience and regenerative medicine,,0.9975728988647461,
personal banking,banking,,0.8584849238395691,
mental health and diseases,child and adolescent mental health and diseases,,0.879215657711029,
robot science and engineering,robot engineering,,0.9507614970207214,
eaps,eap,,0.8209981918334961,
famed - medicine,medicine - famed,,0.946919322013855,
information security and communication technology,information security,,0.9041801691055298,
centre for data science,center for data science,global research center,0.9783665537834167,0.7511077523231506
sciences and methods for engineering,science and engineering methods,,0.9663184881210327,
counseling guidance,counseling and guidance,,0.9816810488700867,
educational and counselling psychology,educational & counselling psychology,,0.9965457320213318,
escuela superior politécnica del litoral escuela de posgrado en administración de empresas,escuela superior politécnica de chimborazo escuela de medicina,,0.8844075798988342,
division of pathology,division of molecular pathology,,0.8986166715621948,
sleep unit,sleep laboratory,,0.7474290728569031,
choreographic art,choreography,,0.9304282069206238,
pension,social security,,0.6510438919067383,
social and psychological studies,social and behavioural studies,,0.9480737447738647,
itt,etsit,,0.8540977835655212,
german youth institute,german institute,,0.8336862921714783,
federal reserve board,federal reserve board of governors,,0.8953083753585815,
zuse institute berlin,wissenschaftskolleg zu berlin,,0.8428322076797485,
bento quirino state technical school,getúlio vargas state technical school,,0.7915289402008057,
allied medical sciences,allied medical science,,0.9664398431777954,
"medicine, nursing, and health sciences","medicine, nursing and health sciences",,0.9966087341308594,
hopp,igpp,,0.7663581371307373,
medicinal chemistry and molecular pharmacology,medicinal chemistry & molecular pharmacology,,0.9962440729141235,
doctorate in political science,graduate in political science,,0.8920515775680542,
educational testing service,testing services,,0.8594793081283569,
sport and health education,health education and recreation,,0.9109605550765991,
"architecture, engineering",architecture and engineering,,0.9956872463226318,
breast oncology,breast medical oncology,cancer immunology and aids,0.9815394878387451,0.7069331407546997
maritime studies,nautical studies,,0.8988178372383118,
planning & development,planning and development,,0.9982199668884277,
commercial banking,business banking,,0.922057032585144,
general laboratory,medical laboratory,,0.8436828851699829,
computer science and applied cognitive science,computer science,,0.8895537257194519,
fwo,fa,,0.8396608233451843,
seed laboratory,plant breeding laboratory,,0.8427691459655762,
historical,histology,,0.9560983777046204,
master's program in education,master's degree in education,,0.972455620765686,
medical oncology unit,oncology unit,,0.9710118770599365,
beijing mathematical sciences and applications,beijing international center for mathematical research,,0.8563351631164551,
école normale supérieure de cachan,école normale supérieure de rennes,institut national des sciences appliquées rouen normandie,0.8804683685302734,0.6398441195487976
humanities sciences,humanities and sciences,,0.9714584350585938,
digital publics and trust,"media, cognition and communication",,0.6869235634803772,
symptom research,neuromuscular research,,0.7999861836433411,
civil engg.,civil engg,,0.980849027633667,
biodiversity coordination,biodiversity management,,0.8109962940216064,
posgrado en desarrollo rural,desarrollo rural,,0.915298581123352,
qualifications,qualification,,0.979780912399292,
cmii,cmi,,0.8903772830963135,
clare hall,clare hall laboratories,,0.7853206992149353,
ciemat,cedat,,0.7345471382141113,
ba in english,english,,0.8589757084846497,
state key laboratory of supramolecular structure and materials,"state key laboratory of supramolecular structure and materials, chemistry",,0.9777724146842957,
"civil, environmental and construction engineering","civil, environmental, and construction engineering",,0.9962296485900879,
economic research department,economics and research department,,0.9619796872138977,
computational biology institute,mathematical biosciences institute,biophysics and computational biology,0.8775535821914673,0.8083094358444214
facilitator,collaborator,,0.7882884740829468,
metallurgy and technology,technology and metallurgy,,0.9860876798629761,
division of surgery and interventional sciences,division of surgery & interventional science,,0.990345299243927,
integrated systems,systems integration,,0.9392114877700806,
ppgri,ppgci,,0.8952944278717041,
state education of rio de janeiro,state education secretariat of rio de janeiro,,0.9282990097999573,
soil and plant nutrition,soils and plant nutrition,,0.9841656684875488,
children&#39;s clinic colsubsidio,roosevelt children&#39;s orthopedic institute,,0.7128358483314514,
division of biochemistry,division of biochemical sciences,,0.91802978515625,
microbiology institute,biology institute,,0.9040572643280029,
"management, business and economics","management, economics and business",,0.9984297752380371,
data science,data sciences,,0.9735589623451233,
computing and electrical engineering,computer and electrical engineering,,0.9727811813354492,
european postgraduate institute,international postgraduate school,,0.8198599815368652,
postgraduate medical center,centre of postgraduate medical education,,0.928552508354187,
pei,iau,,0.7779684662818909,
administrative staff,administrative support,,0.8781049251556396,
greek and latin philology,greek philology,,0.911020040512085,
royal brompton hospital,royal oldham hospital,,0.8577238917350769,
materials and geosciences,materials and earth sciences,,0.9317110776901245,
institut du développement rural,rural development institute,,0.8011765480041504,
sslc,lss,,0.9021783471107483,
education and pedagogy,education / pedagogy,,0.989332914352417,
centre for advanced studies in botany,centre for plant biotechnology and molecular biology,,0.8625879287719727,
human rights institute bartolome de las casas,instituto de investigación sanitaria del hospital clínico san carlos,,0.7254748940467834,
"molecular, cell, developmental biology","molecular, cell and developmental biology",,0.9945610165596008,
pediatric ophthalmology,paediatric ophthalmology,,0.9133127331733704,
merchant marine program - bridge,maritime operations,,0.6736710667610168,
green chemistry centre of excellence,green chemistry,,0.8157588839530945,
dip,water,,0.7223249673843384,
transaction advisory services,advisory services,,0.8287383317947388,
philips,philips research,,0.8429017066955566,
genetics and genome biology,genetics & genome biology,,0.9973370432853699,
data science centre,data science center,,0.9838801622390747,
"physics. pn lebedev, russian academy of sciences",p.n. lebedev physical russian academy of sciences,,0.9262796640396118,
peace and conflict research,peace and conflict studies,,0.9295686483383179,
oxford clinical psychology training and research,"research clinical, educational and health psychology",,0.7962993383407593,
quran sciences and islamic education,islamic sciences,,0.9116894006729126,
"systems and computer engineering, microsystems and nanotechnologies","systems and computer engineering, technology and science",,0.9392845630645752,
metaverse,itms,,0.7546697854995728,
aragon health research institute,aragonese health sciences,,0.8655239939689636,
preparatory classes for schools,preparatory classes,,0.9126623272895813,
dept. of geography,department for geography,,0.9583357572555542,
afe,isec,,0.874558687210083,
tangdu hospital,shuguang hospital,,0.934257984161377,
campus central,campus,,0.7998589277267456,
central physics,of physics,,0.8372434377670288,
marketing e comunicação,comunicação e marketing,,0.985095739364624,
laboratory reactions and process engineering,chemical reaction engineering,,0.8653249740600586,
office of chief information officer,chief technology office,,0.8319844603538513,
eastern languages,oriental languages,,0.8887012004852295,
policy studies of sri lanka,ministry of health sri lanka,,0.7448664307594299,
bob l. herd petroleum engineering,mcdougall petroleum engineering,,0.7777314782142639,
noaa geophysical fluid dynamics laboratory,geophysical fluid dynamics laboratory,,0.9012789726257324,
aston forensic linguistics,research linguistics,,0.8392408490180969,
digital healthcare,digital health,preventive medicine and biometrics,0.9062275886535645,0.6728580594062805
biopharmaceutical science,biopharmaceutical sciences,,0.976649284362793,
technical course in chemistry,chemistry course,,0.9339635372161865,
international and european economic studies,international and european studies,,0.8871316909790039,
pharmaceutical sciences of ribeirao preto,pharmaceutical sciences of ribeirão preto,brazilian institute graduate and extension,0.9901589155197144,0.6852966547012329
office of physical education,department physical education,,0.879919707775116,
work,labor,,0.8788893222808838,
jakarta theological seminary,theological seminary,,0.7737322449684143,
laboratory of cell biology,laboratory of cell biophysics,,0.9735067486763,
mathematics & computer sciences,mathematics and computer sciences,,0.9973699450492859,
advanced materials engineering,advanced material engineering,,0.9892084002494812,
infectious disease control and prevention,infection prevention and control,,0.9734369516372681,
toledo educational institution,educational institution,,0.7369148135185242,
design and arts,arts and design,,0.9868110418319702,
operating,operational,,0.8653079271316528,
productivity and innovation,productivity,,0.8667808771133423,
fac of science & engineering,science and engineering fice,,0.9188863635063171,
vegetable science,horticulture vegetable science,,0.8875386714935303,
precision instruments,precision instrument,,0.954419732093811,
mathematics for industry,industrial mathematics,,0.8829398155212402,
ophthalmolgy,ophthalomology,,0.8832444548606873,
epileptology,epilepsy,,0.8322895765304565,
isis pulsed neutron and muon source,isis neutron and muon source,,0.9596091508865356,
central botany,botany department,,0.7518489956855774,
association of chartered certified accountants,chartered management accountants,,0.8321691751480103,
unam graduate,postgraduate,,0.8139790296554565,
management studies and research,management research,,0.9409959316253662,
neuromed,neuroradiology,,0.9001238346099854,
continuing education center,center for continuing education,,0.9425394535064697,
technical support division,technical division,,0.8939433097839355,
upper great plains transportation institute,western transportation institute,,0.792253851890564,
ingegneria civile e architettura dicar,dipartimento architettura e design,"dipartimento di industrial design, delle arti, della comunicazione e della moda attivo dal 01/01/1900 al 31/12/2012",0.7831682562828064,0.6335085034370422
fisheries research institute,fisheries research,,0.8694543838500977,
che,chep,,0.8768132925033569,
summer sense,sense,,0.6872382164001465,
wetlands,wetland ecology,,0.9126861095428467,
labor economics and management,personnel management and labor economics,,0.9285185933113098,
technology and engineering center for space utilization,space system engineering,,0.8337072730064392,
material department,materials department,structure and constituents of matter,0.9788763523101807,0.704189658164978
drive systems and power electronics,power electronics and electric drives,,0.9307245016098022,
"animal medicine, production and health",animal health and production,,0.9433802962303162,
applied photonics,applied optics and photonics,,0.936652660369873,
united states military academy,united states naval academy,,0.9098271131515503,
history and marxism,marxism and history,,0.9824972152709961,
graduate mathematics,graduate mathematical sciences,,0.94870924949646,
izmir biomedicine and genome center,izmir international biomedicine and genome institute,,0.9260373115539551,
philosophy and social sciences institute,philosophy institute,,0.9511257410049438,
st. john's dermatology,st john's dermatology,,0.989328145980835,
clinical trials department,clinical trials unit,,0.9060121774673462,
biotechnology and chemistry,biochemistry & biotechnology,,0.9732575416564941,
monterrey technology and higher education - querétaro campus,"monterrey technology and higher education, cuernavaca campus",,0.9275270700454712,
"history, cultural heritage, education and society","history, cultural heritage, training and society",,0.9568173289299011,
state plant breeding institute,plant breeding institute,,0.9117265939712524,
medical imaging centre,medical imaging center,,0.9920638799667358,
conceição hospital group,brazilian hospital services company,,0.7600961327552795,
bienestar social,desarrollo social,,0.8244802355766296,
conservatory,preservation,,0.7114032506942749,
prosthesis and periodontics,prosthodontics and periodontics,,0.9259902238845825,
international relations and european integration,european integration,,0.894300103187561,
adas,ada,lthe,0.9433631300926208,0.7126093506813049
public affair,public affairs,health and public affairs,0.829056441783905,0.6891119480133057
mass media and communication,media and mass communication,,0.9910001754760742,
global change institute,climate change institute,,0.8946433067321777,
turkish main science education,turkish and social science education,,0.9036142826080322,
geotechnical laboratory,geomatics laboratory,,0.8934070467948914,
mechanical engnieering,mechanical engneering,,0.96257483959198,
interventional therapy,interventional medicine,,0.9113438129425049,
inmi lazzaro spallanzani irccs,irccs san raffaele pisana,"dipartimento di industrial design, delle arti, della comunicazione e della moda attivo dal 01/01/1900 al 31/12/2012",0.8403811454772949,0.5711605548858643
defense engineering,military engineering,,0.8815246820449829,
nano life science institute,nanomaterials research institute,,0.8627681136131287,
technical chemistry,technical chemistry i,,0.9826514720916748,
hangzhou hospital of traditional chinese medicine,beijing hospital of traditional chinese medicine,,0.9525352120399475,
"civil, architectural & environmental engineering","civil, environmental & architectural engineering",,0.9985660314559937,
little girl,child development,,0.603683352470398,
systems engineering,system engineering,,0.9853365421295166,
environment and health sciences,environmental and health sciences,,0.9926835894584656,
metallurgical & materials engineering,metallurgical and materials engineering,,0.998497486114502,
public health graduate,graduate in public health,,0.9700161814689636,
chemistry/mathematics,chemistry & mathematics,,0.9678399562835693,
"dermatology,venereology and leprosy","dermatology, venereology and leprosy",,0.9925210475921631,
"physical education, sports and rehabilitation",physical education and sports training,,0.9301278591156006,
pathogenic biology and immunology,pathogen biology and immunology,,0.9827103614807129,
center for research,centre for research,,0.9743447303771973,
chaitanya bharathi technology,uttaranchal technology,,0.8396226763725281,
botanical,botanic,,0.9586763381958008,
physical chemistry,physical chemistry i,,0.9795840978622437,
craniofacial surgery,craniomaxillofacial surgery,,0.9680840969085693,
saint-petersburg i. i. dzhanelidze research emergency medicine,i.i. mechnikov st. petersburg state medical academy,,0.7535378336906433,
fluid dynamics,fluid mechanics,,0.8876447677612305,
productive and technological development,technological development,,0.8986325263977051,
center for bioinformatics and computational biology,center for computational biology and bioinformatics,biophysics and computational biology,0.9931216239929199,0.768979549407959
"modern languages, literatures and cultures","modern languages, literatures, and cultures",,0.9984124898910522,
therapies,therapeutics,,0.9452148675918579,
okinawa science and technology,kanagawa industrial science and technology,japan science and technology corporation,0.9307646751403809,0.7429851293563843
teaching math,teaching mathematics,,0.9709076881408691,
nova information management school,information management school,,0.8736444115638733,
hp-ntu digital manufacturing corporate lab,technology department,,0.742998480796814,
soil science and land resources,soil science and land resource,,0.992245078086853,
"philosophy, sociology and politics","philosophy, sociology and political science",,0.9744738340377808,
powder metallurgy research institute,powder metallurgy institute,,0.9531871676445007,
sheng jing hospital,shengjing hospital,,0.9516329169273376,
personalised medicine,personalized medicine,,0.9923801422119141,
earth and planetary sciences,earth & planetary sciences,,0.9983813166618347,
department for mathematics,dept. of mathematics,,0.9619451761245728,
state and municipal management,state and municipal administration,,0.9360743165016174,
coordination humanities,interdisciplinary humanities,,0.8434666395187378,
sea,ocean,,0.919496476650238,
"quantitative biology, biochemistry and biotechnology",biochemistry & molecular biology,,0.8917334675788879,
country office,international office,,0.7098842859268188,
surgical sciences,surgical science,,0.9770781397819519,
trade faculty,commerce faculty,,0.8279250264167786,
computational biology institute,mathematical biosciences institute,biophysics and computational biology,0.8775535821914673,0.8083094358444214
finnish occupational health,finnish health and welfare,,0.8959216475486755,
public relation,public relations,,0.8715739846229553,
rothamsted research,research,,0.6802968382835388,
area of ​​knowledge of humanities,languages ​​and humanities,,0.8841259479522705,
division of respiratory medicine,division of pulmonary medicine,,0.8890049457550049,
modern literature,contemporary literature,,0.9509918689727783,
compute,computation,,0.8825749754905701,
otolaryngology head & neck surgery,otolaryngology head and neck surgery,,0.9975359439849854,
clinical therapeutics,therapeutics,,0.9035844802856445,
computer science and creative technologies,computing and creative technologies,,0.9570206999778748,
molecular & cellular biochemistry,molecular and cellular biochemistry,"biochemistry, molecular biology and cell biology",0.9980031251907349,0.9216006994247437
instituto metodista granbery,instituto tecgraf,,0.7344275712966919,
automated manufacturing engineering,automation engineering,,0.9209260940551758,
telecommunications and systems engineering,telecommunication and information engineering,,0.9584965705871582,
disease management,chronic disease management,,0.9389141201972961,
comprehensive care,quality of care,,0.7738648056983948,
molecular laboratory,molecular lab,,0.9882009029388428,
jean piaget polytechnic south,jean piaget polytechnic north,braganca polytechnic institute,0.8424702286720276,0.6822462677955627
mrc mitochondrial biology unit,mitochondrial biology unit,,0.8669222593307495,
italian society for international organization,italian department,sda bocconi business administration,0.6752423048019409,0.5759703516960144
interdisciplinary graduate programme,interdisciplinary graduate program,,0.988594651222229,
"section of endocrinology, diabetes and metabolism","endocrinology, diabetes, and metabolism",,0.9611176252365112,
applied physics and chemistry,applied science physics,,0.9405864477157593,
departamento de desenho industrial,departamento de engenharia industrial,,0.9645346403121948,
deparment of mathematics,departament of mathematics,,0.9371452927589417,
philochem switzerland,novartis switzerland,swiss-prot group,0.7582289576530457,0.6525739431381226
biochemical and cellular pharmacology,biochemistry and molecular pharmacology,,0.9546754956245422,
jgls,jnmc,,0.7953575849533081,
information technology services,technology services,,0.9468746781349182,
food and nutrition research institute,food research and development center,,0.8449711799621582,
emergency and hospitalization,emergency and intensive care,,0.9215739369392395,
shanghai biochemistry and cell biology,plant physiology and ecology shanghai biological sciences,,0.8614524006843567,
academic resource center,academic support center,,0.8952937722206116,
computer technical engineering,computer technology engineering,,0.9788104891777039,
visual arts and design,visual arts & design,,0.9976824522018433,
mechanical & nuclear engineering,mechanical and nuclear engineering,,0.9960452914237976,
business management and economics,business economics and management,,0.9920796155929565,
basic oncology,fundamental oncology,,0.9089785814285278,
petrographic and geochemical research center,laboratory for studies in geophysics and spatial oceanography,,0.7937052249908447,
science center and agri-food technology,center of science and agricultural technology,,0.9294378161430359,
"kinesiology, sport, and recreation","kinesiology, sport and recreation",,0.9968427419662476,
"psychology, sociology and social work","psychology, sociology, and social work",,0.9954077005386353,
market intelligence,marketing and market research,,0.8183454275131226,
mérida,enfemería,,0.7781956195831299,
rutgers dental medicine,rutgers health,,0.8190199136734009,
csir national physical laboratory of india,national physical laboratory csir,,0.8327312469482422,
dcab,dcb,,0.8803932666778564,
sree chitra thirunal medical sciences and technology,sree chitra tirunal medical sciences and technology,,0.9752060174942017,
raja ramanna centre for advanced technology,sri ramachandra engineering and technology,,0.840525209903717,
psychiatrists,psychiatrist,,0.9574147462844849,
protein science and engineering,protein engineering,,0.9374929666519165,
dhe,deht,,0.8811867237091064,
life sciences dcv,life sciences - dcv,,0.9634590148925781,
centre for sustainable tropical fisheries and aquaculture,centre for tropical crops and biocommodities,marine and tropical biology,0.811500072479248,0.619468092918396
pacific southwest research station,southwest research institute,,0.8195418119430542,
"naval architecture, ocean and energy power engineering",naval architecture and ocean engineering,,0.9595576524734497,
geophysical exploration,geology and exploration,,0.9499326944351196,
ntuu “igor sikorsky kyiv polytechnic institute”,igor sikorsky kyiv polytechnic institute,,0.9682731628417969,
mass spectrometry facility,mass spectrometry laboratory,physiological laboratory,0.9434114694595337,0.7127312421798706
ural humanities,education and humanities,,0.8736063241958618,
"beckman research institute, city of hope",beckman research city of hope,,0.9089056849479675,
preventive medicine and biostatistics,preventive medicine,preventive medicine and biometrics,0.8938872814178467,0.7968658804893494
indonesian,indonesian language,,0.9409361481666565,
centre for political studies,center for political studies,,0.966436505317688,
ecology and nature management,ecology and natural resources management,,0.9641076922416687,
"anthropology, gender and african studies",anthropology and african studies,,0.9352099895477295,
key laboratory for plant diversity and biogeography of east asia,key laboratory of plant molecular physiology,,0.7228991389274597,
con,procon,,0.8656901121139526,
centre for academic primary care,centre for primary care,,0.8984358906745911,
environment and design,environment design,,0.9634726047515869,
urban vitality,urbanism,,0.9042930603027344,
biological sciences research group,scientific research unit,,0.8497567176818848,
technology development center,technological development center,,0.9537444114685059,
engish,eng,,0.8525258302688599,
"safety, health and environmental engineering",safety engineering,,0.8778975009918213,
specific teaching and research and diagnostic methods in education,diagnostic and research methods in education,,0.9158470630645752,
ame,ams,,0.7956065535545349,
computer networks and communications,computer networks,,0.9431794881820679,
tribunal regional do trabalho da 15a região,tribunal regional federal da 4a região,,0.8170033693313599,
electron microscopy unit,electron microscope unit,,0.9690854549407959,
american studies,american culture studies,,0.936508297920227,
immunization,immunisation,,0.9943989515304565,
"facultad de ingeniería en sistemas, electrónica e industrial",facultad de ingeniería en sistemas electrónica e industrial,,0.9959056377410889,
greece and rome,latin and greek,,0.7429187297821045,
private law and company,private law department,,0.9034974575042725,
central instrumentation facility,institute instrumentation centre,process control and instrumentation,0.8396120071411133,0.8059333562850952
tutorial education program,educational program,,0.8940078616142273,
learning commons,creative commons,,0.8353220820426941,
office of environmental programs,office for environmental programs,,0.9887012839317322,
basic sciences unit,basic sciences department,,0.9187658429145813,
sir ganga ram hospital,indus hospital,vijayanagar medical sciences,0.7518025636672974,0.6337217092514038
animal health technology,animal health and production technology,,0.9084529280662537,
master&#39;s degree in early childhood education,master&#39;s degree in education,,0.911616861820221,
population and public health sciences,population health sciences,,0.9577916860580444,
electronic instrumentation,instrumentation and electronics,,0.9540759325027466,
pediatric neurosurgery,paediatric neurosurgery,,0.9403923749923706,
animal sciences and veterinary medicine,animal science and veterinary medicine,,0.9921704530715942,
tonight lyrics,vernacular lyrics,,0.711786150932312,
languages and translation,languages & translation,,0.996669590473175,
national health public school,national health school,,0.9394842982292175,
higher technology,high technology,,0.9389684200286865,
cerro tololo inter-american observatory,las cumbres observatory,,0.7781283259391785,
communication and economy,communication and economics,,0.9600310325622559,
children's dentistry,"dentistry, pediatric dentistry",,0.8745685815811157,
urban studies and planning,urban studies & planning,,0.9952110648155212,
economics and public policy,economics & public policy,,0.9951450228691101,
inorganic material and catalysis division,inorganic materials and catalysis division,inorganic and physical chemistry division,0.9897646903991699,0.8554661273956299
department alone,of department,,0.6327649354934692,
embedded software,software,,0.9126547574996948,
herbert wertheim public health and human longevity science,herbert wertheim public health,,0.9009178876876831,
centre for wildlife studies,centre for ecological sciences,,0.835456907749176,
division of applied social sciences,division of social sciences,,0.9604184031486511,
joão pinheiro foundation,"joão pinheiro foundation, professor paulo neves de carvalho government",,0.8485677242279053,
oriental languages and cultures,oriental languages,,0.9499126672744751,
economy and economic history,economics and economic history,,0.9864674806594849,
biosciences and biotechnology division,biosciences division,,0.9711328744888306,
"life sciences, graduate arts and sciences","basic science, graduate arts and sciences",,0.9031640291213989,
electronics and mechatronics,mechatronics,,0.9593572020530701,
applied marine science,marine science,,0.9055643677711487,
bioresource engineering,bioresources engineering,,0.9714579582214355,
international relations and journalism,journalism and international relations,,0.9778664708137512,
neurology with experimental neurology,experimental neurology,,0.9430627822875977,
child and youth studies,education and childhood studies,,0.846306324005127,
le2i,l2s,,0.8654243350028992,
departament of nutrition,food and nutrition department,,0.8870490789413452,
patología animal,patologia animal,,0.9498392343521118,
licamm,licensing,ibls,0.7434022426605225,0.610710620880127
historical and philosophical studies,history and philosophy,,0.926666259765625,
multiprofessional residence in family health,multiprofessional residence in health,,0.927361011505127,
computer science and electronic engineering,computer science and electronics engineering,,0.9916919469833374,
biological and chemical sciences,biological & chemical sciences,,0.9949175715446472,
evolutionary ecology and conservation genomics,conservation genetics,,0.8841766715049744,
graduate education faculty,graduate educational sciences,technical education faculty,0.9040787816047668,0.7834678888320923
global health management and informatics,health management and informatics,population and international health,0.913941502571106,0.7190420627593994
soacha,clacso,,0.7699024677276611,
steinhardt museum of natural history,national museum of natural history,,0.7532093524932861,
sports rehabilitation,sport rehabilitation,,0.95340895652771,
national synchrotron radiation laboratory,shanghai synchrotron radiation facility,,0.8022556304931641,
communication and social sciences,social and communication sciences,,0.9820123910903931,
i.k. akhunbaev kyrgyz state medical academy,ik akhunbaev kyrgyz state medical academy,,0.9799004197120667,
bird migration,migration,,0.6153879165649414,
latin america,americas,,0.8225631713867188,
request,want,,0.7503077387809753,
woman clinic,medical clinic,,0.8312582969665527,
organizational development,organisational development,,0.9636032581329346,
built environment and architecture,architecture and built environment,civic design,0.9813339710235596,0.7588138580322266
scientific research national center,national center for scientific research,,0.9791841506958008,
aps,ap,,0.9098909497261047,
orthodontic department,orthodontics department,,0.9940450191497803,
geotechnical,geotechnic,,0.9747071266174316,
ambulatorio,diati,,0.6778931617736816,
i projects,project,,0.8321863412857056,
"world languages, literatures & cultures","world languages, literatures and cultures",,0.9968768358230591,
ciat,inci,,0.8356384038925171,
guangxi botany,xishuangbanna tropical botanical garden,,0.8345791101455688,
x-ray astrophysics laboratory,x-ray astronomy,,0.8722485899925232,
consulting room,consulting,,0.7754610180854797,
japan meteorological agency,national metrology japan,,0.8644579648971558,
organismal and evolutionary biology research programme,organismal and evolutionary biology,,0.8502352237701416,
production engineering program,production engineering,,0.9191426634788513,
center of sciences and technology,center of sciences and technologies,,0.9903647303581238,
southern border - tapachula unit,southern border - chetumal unit,,0.9090195894241333,
experimental and applied biology,experimental biology,,0.9299328327178955,
departament of electrical engineering,dept. of electrical engineering,,0.945544958114624,
more,and,,0.8076295852661133,
untels,unt,,0.8250126242637634,
economics and resource management,environmental and resource economics,,0.8959741592407227,
great lakes bioenergy research center,great lakes environmental research laboratory,global research center,0.8530580401420593,0.6659559011459351
unat,un,,0.8906967639923096,
photon science institute,photon science division,,0.8856144547462463,
yale divinity school,yale law school,,0.8284900784492493,
psychology and wellbeing,psychology and health,,0.9347630739212036,
azure,iris,,0.7327835559844971,
abiotic stress,psychobiology,,0.6707431077957153,
reproductive origins of adult health and disease roahd,reproductive biology,,0.7450205683708191,
"instituto federal de educação, ciência e tecnologia sul-rio-grandense",instituto federal de educação ciência e tecnologia sul-rio-grandense,,0.9920070767402649,
economics & banking,economics and banking,,0.993474543094635,
a teaching management,educational management,,0.8775783777236938,
biotechnology and plant breeding,plant breeding and biotechnology,,0.9872952699661255,
science économique,economics science,,0.8788580894470215,
ii faculty,iii faculty,,0.9386116862297058,
health intelligence,health informatics,,0.8747934103012085,
national center for mental health,mental health center,,0.8598867654800415,
mechantronics engineering,mechatronics engineering,industrial electronics engineering,0.9751077890396118,0.898573637008667
fiqh and usul fiqh,fiqh and usul al-fiqh,,0.9800357818603516,
structural and functional unit glycobiology,structural and functional biology,,0.8217378258705139,
information and computer systems,computer and information systems,,0.9816581010818481,
bbs,bs,,0.9440431594848633,
"dynamic, clinical and health psychology",dynamic and clinical psychology,,0.9660977125167847,
uam,inam,,0.7804416418075562,
campus tome-acu,education - campus i,,0.7793045043945312,
ircp,ircm,,0.8606963157653809,
centre of biomedical engineering,centre for biomedical engineering,,0.9889099597930908,
ntnu social sciences and technology management,business and social science,,0.8139811754226685,
computing and digital technology,computing and digital technologies,,0.9919238090515137,
deel,eel,,0.8944585919380188,
zoology and entomology department,zoology & entomology,zoology dept,0.9253247380256653,0.8881053924560547
infection and immunity,infection & immunity,,0.9969289302825928,
plant molecular biology department,plant biology department,,0.9387660622596741,
film and media,film & media,,0.9966964721679688,
sri lanka information technology,hcl technologies india,,0.7693716883659363,
latacunga,pacu,,0.8098593950271606,
materials technologies,materials technology,lucent technologies,0.9897236824035645,0.8330124616622925
hospital carlos andrade marín,hospital de especialidades josé carrasco arteaga,,0.8331578969955444,
psychotherapist,psychotherapy,,0.9254052639007568,
igmu,sicu,,0.8068703413009644,
group technology,technology group,,0.9326485395431519,
leibniz crystal growth,leibniz polymer research,crystal growth,0.7358147501945496,0.72099769115448
materials chemistry and engineering,materials and chemistry and chemical engineering,,0.9853540062904358,
field robotics,automation and robotics,,0.7882862091064453,
radio physics and electronics,radio physics & electronics,,0.9966710805892944,
lmdc,lmd,,0.9339569807052612,
ahibs,fiqh,,0.8222827315330505,
cultural institute,culture and arts institute,,0.9511791467666626,
academic quality,educational quality,meritorious national teachers&#39; school,0.8678551912307739,0.721057653427124
salk biological studies,biological studies,,0.8356310129165649,
accounting research institute,research institute,,0.7929646968841553,
aerospace engineering and mechanics,aerospace engineering & mechanics,,0.9978445768356323,
educational communication and technology,educational technology and communications,,0.9910869002342224,
payne public policy,price public policy,health and public affairs,0.8782200813293457,0.6654976010322571
"yunnan observatories, chinese academy of sciences",national astronomical observatories chinese academy of sciences,,0.9065348505973816,
shanghai materia medica chinese academy of sciences,"shanghai materia medica, chinese academy of sciences",,0.9934767484664917,
nims pharmacy,smbt pharmacy,,0.8529291152954102,
unesco,unesa,,0.8453953862190247,
center for musculoskeletal research,musculoskeletal medicine,,0.8095270991325378,
center for advanced computer studies,center for computing research,,0.9094841480255127,
unievangelical,evangelical paraná,,0.78258216381073,
architecture + planning,architecture & planning,,0.9857781529426575,
procurement and logistics management,procurement and logistics,,0.9570549726486206,
"computing, arts, and sciences",computing arts and sciences,,0.9702768921852112,
medical and health science,health and medical science,,0.990841269493103,
museum and zoology,zoological museum,,0.9459830522537231,
medicine iii,medicine ii,,0.9608082175254822,
natural sciences chemistry,natural sciences - chemistry,,0.9695795774459839,
electrical and microelectronic engineering,electrical and electronic engineering,,0.9769254922866821,
advanced structures and composites center,center for composite materials,,0.8680042028427124,
conservatory of music,conservatorium of music,,0.9239579439163208,
regional development and international studies,international area studies,,0.8827381134033203,
molecular biology and immunology,molecular cell biology and immunology,,0.9711773991584778,
environment management,environmental management,,0.9791039824485779,
problems of mechanical engineering,problems in mechanics,,0.8763525485992432,
aeronautics science and engineering,aeronautic science and engineering,,0.9980686902999878,
french as a foreign language,french language ufr,,0.9298362135887146,
anaesthesia & critical care,anaesthesia and critical care,,0.9942871332168579,
information and communication engineering,information and communications engineering,,0.9972375631332397,
medicine cardiology,medicine - cardiology,,0.9860575199127197,
ensiie,ensaia,,0.8103147745132446,
centre of physics,of physics,,0.854965090751648,
italian historical studies,italian studies,,0.9205764532089233,
fraunhofer solar energy systems,fraunhofer solar energy systems ise,,0.9881554841995239,
"german archaeological institute, roman-germanic commission",german archaeological institute,geological and paleontological institute,0.842637300491333,0.630524754524231
social anthropology laboratory,social psychology laboratory,,0.8909010887145996,
microbial cellular and molecular biology,"microbial, cellular and molecular biology",,0.9826028347015381,
assistant,assistent,,0.9135147333145142,
informatics and statistics - ine,informatics and statistics,,0.9418653249740601,
smolensk state medical academy,izhevsk state medical academy,military-medical academy. cm. kirov,0.9242436289787292,0.8000370264053345
fearp,risk,,0.6901038885116577,
adult nursing,manipal nursing,,0.8871636986732483,
environmental studies and biology,biology and environmental studies,,0.9590796232223511,
nuclear safety research center,nuclear science and engineering center,,0.8823310136795044,
cmm,icmmo,,0.8938063383102417,
indo-european philology and classical,classical philology and indo-european,,0.9194851517677307,
south western sydney local health district,western sydney local health district,,0.9603445529937744,
social dimensions of health,social determinants of health,,0.9452054500579834,
educación y psicología social,educación social,,0.9429565668106079,
wetlands,wetland ecology,,0.9126861095428467,
environmental and rural science,environment and rural science,,0.9923166036605835,
ehu,uaem,,0.8687720894813538,
building surveying,built environment and surveying,,0.855480432510376,
corporate research & development center,corporate research and development center,,0.9977425932884216,
building and civil engineering,civil and building engineering,,0.982673168182373,
coppead,coppe,,0.7116481065750122,
"history, archaeology and social anthropology",social anthropology and history,,0.9610391855239868,
genetics & molecular biology,genetics and molecular biology,,0.9963562488555908,
telethon genetics and medicine,medical genetics,,0.6949293613433838,
imaging department,imaging division,,0.8686916828155518,
entertainment technology,entertainment technology center,,0.8468891382217407,
animal genetic resources,animal genetics,,0.8923829793930054,
tumor cell biology,tumor biology,,0.9599335193634033,
health surveillance department,public health surveillance,,0.9259612560272217,
public health and human sciences,public health and health sciences,health and public affairs,0.9789466857910156,0.8884758353233337
academic operations,academic administration,,0.8705322742462158,
physics and electronic engineering,physics and electronics engineering,,0.9871209263801575,
biological and chemical research centre,biotechnology centre,,0.8941372036933899,
letters-pounds,letters pounds,,0.9381519556045532,
plant science and environmental science,plant science and animal science,,0.8977823853492737,
organization and economics of pharmacy,management and economics of pharmacy department,,0.9100906252861023,
ilos,oslo,,0.7077926397323608,
computer science institute,computer institute,,0.9441393613815308,
"teacher education, education",teacher education,,0.9855037927627563,
research center for ecology and ethnobiology,research center for applied zoology,,0.8228055834770203,
"social sciences, history",social sciences and history,,0.9942989349365234,
metallurgical science and engineering,metallurgical engineering and material science,metallurgical and materials science engineering,0.9737139940261841,0.9678584337234497
talmud,niaid,,0.741226851940155,
bank of brazil,bradesco bank,,0.8657627105712891,
ganzhou people's hospital,henan provincial people's hospital,,0.9197510480880737,
ben towne center for childhood cancer research,center for cancer research,,0.7987895011901855,
industrial biotechnologies,industrial biotechnology,,0.9672622680664062,
pharmacology and cancer biology,pharmacology & cancer biology,,0.9968464374542236,
tropical silviculture and forest ecology,tropical forestry and forest products,,0.8559373021125793,
prosthodontics and implantology,prosthodontics & implantology,,0.9975119829177856,
landscape garden and architecture,landscape architecture and horticulture,,0.8760706186294556,
adapt centre,skills centre,,0.7043290734291077,
new testament studies,old testament studies,,0.8299546241760254,
environmental geosciences,geosciences and environment,,0.9813951253890991,
"management, it and governance","management, it & governance",,0.994918167591095,
center for quantitative genetics and genomics,centre for biodiversity genomics,center for biological sequence analysis,0.8407295942306519,0.842422604560852
api,iaps,,0.7483534812927246,
gene regulation and expression,gene expression and regulation,,0.9864940643310547,
photonic sciences,icfo- photonic sciences,,0.90330970287323,
ccaab,dcab,,0.7837992906570435,
health and technology,technology and health,,0.9834277629852295,
epidemiology and environmental health,environmental epidemiology,,0.8997634053230286,
eberly science,science,,0.850434422492981,
london economics law department,london economics and political science,,0.8096880912780762,
korea environment institute,korea development institute,,0.8180845379829407,
brain,brain and cognition,cognitive and neural systems,0.9297677874565125,0.8302603363990784
chemistry and microbiology,microbiology/chemistry,,0.9543666839599609,
applied pharmacology,pharmacology and clinical pharmacology,,0.9048782587051392,
science & innovation,science and innovation,,0.9968414306640625,
plant molecular biology,plant and molecular biology,,0.9689855575561523,
animal sciences,animal science,,0.9780125021934509,
management science,science of management,,0.9681284427642822,
health disparities,health disparities research,population and international health,0.8803253173828125,0.6743369698524475
h. lee moffitt cancer center and research institute,h lee moffitt cancer center and research institute,,0.9884377121925354,
clinical biology,clinical molecular biology,,0.9045751094818115,
royal australian general practitioners,royal australian physicians,,0.9452180862426758,
governo do distrito federal,distrito federal,,0.8626997470855713,
material research,materials research,,0.947698712348938,
biology teacher,biology teaching,,0.9446080923080444,
management and organization of companies,management of organizations,,0.9486500024795532,
technical chemistry and polymer chemistry,chemical technology and polymer chemistry,,0.9362887144088745,
global pharmacovigilance,pharmacovigilance,,0.8493322134017944,
carlos chagas filho foundation for research support of state of rio de janeiro,"aggeu magalhães research center, oswaldo cruz foundation",,0.7895184755325317,
post graduation,post-graduation,,0.9883133172988892,
"chemical, energy and mechanical technology",chemical and environmental technology,,0.8983635902404785,
professional communication,business communication,,0.8585675954818726,
constitutional court of colombia,judicial branch of colombia,,0.9049832820892334,
centre for autonomous systems,autonomous systems,,0.8293119072914124,
"birla technology and science, pilani",birla technology and science,,0.8889966011047363,
art and archeology,art and archaeology,,0.9815584421157837,
na,nas,,0.8777850270271301,
laboratory for thin films and photovoltaics,laboratory of photonics and interfaces,,0.757485032081604,
build environment,built environment,,0.964099645614624,
core education,core curriculum,,0.9290509819984436,
booz allen hamilton inc,booz allen hamilton,,0.9340660572052002,
pre professional practices,professional practices,,0.8271809816360474,
"biology, medicine, and health","biology, medicine and health",,0.9965652227401733,
isi foundation,foundation program,,0.7972913980484009,
plant health and environment,plant health and environmental,,0.993035078048706,
burrell osteopathic medicine,medicine. rheumatology,,0.7303265333175659,
ciec,ciep,,0.8763614892959595,
biomedical convergence engineering,biomedical engineering,,0.9153845310211182,
biological chemistry and drug discovery,drug discovery chemistry,,0.9325217008590698,
internal medicine - rheumatology,"internal medicine, rheumatology",,0.9923496246337891,
national fisheries science,marine science and fisheries,,0.8343415260314941,
office of clinical pharmacology,pharmacology department,,0.8499533534049988,
cheminformatics,informatics,,0.8270366191864014,
parasitology and tropical veterinary medicine,tropical medicine and parasitology,,0.8317714929580688,
georesources laboratory,geotechnical laboratory,,0.881327748298645,
aging research center,aging sciences,,0.830708920955658,
public defense ministry,defense ministry,,0.9294895529747009,
national polytechnic institute interdisciplinary center for research and studies on environment and development,advanced research and studies center of national polytechnic institute,,0.8848886489868164,
rene tore institute,institute,,0.725803554058075,
physics of nanostructures,physics and technology of nanostructures,,0.9647613167762756,
chs,cchs,,0.9180973768234253,
master of laws program,professional master's degree in law,,0.8931987285614014,
applied biology and biotechnology,applied biology and chemical technology,,0.9478505849838257,
public health and safety,health and safety,health and public affairs,0.9306135177612305,0.8439403772354126
talbot theology,applied theology,,0.8287985324859619,
livestock raising and water bioresources,water bioresources and aquaculture,,0.8795520663261414,
environment and energy,environmental and energy,,0.9888740181922913,
clinical data science,medical data science,,0.9075802564620972,
cirurgia cardiovascular,cardiopneumologia,,0.8472461104393005,
agricultural faculty,agriculture faculty,,0.9800206422805786,
business management and administration,business administration and management,,0.9894974827766418,
environmental and natural resources management,environment and natural resources management,,0.9923710823059082,
continuing education address,continuing education program,,0.897560715675354,
stem center,stem,,0.8741928339004517,
high performance computing center,high performance computing,,0.879717230796814,
medical physics and biophysics,biophysics and medical physics,,0.9831351637840271,
pharmacy management,pharmacy administration,,0.9176813364028931,
science education and humanities,"science, education and humanities",,0.9562636017799377,
procedural law department,law department,,0.9138596057891846,
engeneering,engeneer,,0.8849160075187683,
graduate program in museology and heritage,graduate program in archeology,,0.8820976614952087,
data lab,data science lab,physiological laboratory,0.9613704681396484,0.7559568285942078
barts health nhs trust,buckinghamshire healthcare nhs trust,,0.8436425924301147,
biotecnology,biothecnology,,0.9546031951904297,
core network,network operation,neurotec,0.7991374731063843,0.567337155342102
kurashiki central hospital,tokyo metropolitan komagome hospital,,0.8720356822013855,
polymer and surface engineering,polymer & surface engineering,,0.9968186616897583,
surgical neurology branch,"medicine, division of neurology",,0.8876492977142334,
medicine and psychiatry,"medicine, psychiatry",,0.9942184686660767,
krakow academy of andrzej frycz modrzewski,jarosław dąbrowski military technical academy,"silesian piast medical academy, medicine",0.8496856689453125,0.7010760307312012
urban and public affairs,urban affairs and public policy,,0.9483782052993774,
dept. of geosciences,dept. of geophysics,,0.9568021893501282,
design science,design sciences,,0.9275318384170532,
research wing,research and development wing,,0.9253390431404114,
kennedy government,john f. kennedy government,,0.8906325697898865,
maternal-child nursing department,maternal and child nursing and psychiatric department,,0.9267373085021973,
instructional design and technology,instructional design & technology,,0.9981765747070312,
model development,modelling & simulation,,0.8519487380981445,
advanced medical sciences,advanced biomedical sciences,frontier medical sciences,0.9594340324401855,0.9190254807472229
tata consultancy services ltd chennai,tata consultancy services ltd,birla technology,0.9144454002380371,0.5340615510940552
department medicine,departmental medicine,,0.9806926250457764,
"biomedicine, medicine","medicine, biomedicine",,0.985328197479248,
goddard space flight center,nasa goddard space flight center,,0.9038407206535339,
state key laboratory of pulp and paper engineering,state key laboratory of polymer materials engineering,,0.875521719455719,
"biology, computer science",biology and computer science,,0.9930161237716675,
"philology, translation and communication",philology and translation,,0.9471457004547119,
mathematical jussieu-paris left bank,mathematical jussieu,national administration - paris,0.7429795861244202,0.5885035991668701
environmental resources engineering,environmental and resource engineering,,0.9885832667350769,
estuarine & delta systems,estuarine and delta systems,,0.9905887842178345,
eurandom,eau,pheg,0.7194422483444214,0.7143765687942505
bussiness school,buisness school,,0.8474287986755371,
materials and structures laboratory,materials science laboratory,,0.9426203966140747,
enginerring,civil engneering,,0.7996829748153687,
safety and security management,safety management,,0.9223017692565918,
research centre in digitalization and intelligent robotics,centre for artificial intelligence,,0.8246709108352661,
mac,cesmac,,0.8527560234069824,
manufacturing systems,manufacturing systems engineering,,0.9169873595237732,
iop fnwi,fnwi,,0.8284168839454651,
pharmaceutical and organic chemistry,pharmaceutical organic chemistry,,0.979135274887085,
loading...,...,,0.7695558071136475,
early childhood islamic education,islamic educational early childhood,,0.9814779162406921,
"civil engineering, architecture and environmental engineering","civil, environmental and architecture engineering",,0.9886890053749084,
public health genomics,public health genetics,,0.9158042669296265,
bachelor of fine arts,bachelor of arts,,0.9532135725021362,
social welfare department,social services department,,0.9445489645004272,
forestry and agricultural sciences,agricultural and forest sciences,,0.9706979990005493,
accounting,accounting information,,0.9266386032104492,
functional materials division,materials division,inorganic and physical chemistry division,0.9079645872116089,0.7646521329879761
geography & resource development,geography and resource development,,0.997443675994873,
research center for computational design of advanced functional materials,research center for functional materials,,0.9026962518692017,
fish biology and genetics,fisheries biology and genetics,,0.9455198049545288,
graduate board,graduate ead,,0.8274686336517334,
science and technology,science & technology,,0.9968151450157166,
macquarie medical school,macquarie law school,,0.8144205808639526,
municipal health fund,municipal health foundation,,0.8795644044876099,
fachbereich germanistik,germanistik,,0.8998304605484009,
ocean and earth,oceanography and environment,,0.8684117197990417,
endoscopy unit,endoscopy department,,0.8782714605331421,
adminitrativo,adminsitrativo,fgv management,0.9216609001159668,0.6404976844787598
micro and nanofabrication,microfabrication,,0.9369829893112183,
aesthetic research,art studies,,0.7819540500640869,
catalan water research,catalan chemical research,,0.844085693359375,
medicine dimed,medicine - dimed,,0.9694089889526367,
archaeological studies,archaeological research,,0.9766966700553894,
x-ray,x-ray department,,0.8845962882041931,
communication departement,communication,,0.8581194877624512,
departament of history,departement of history,,0.9936580657958984,
instituto superior de estudios de occidente,instituto superior de ciencias de la educación del estado de méxico,,0.8370866775512695,
power mechanical engineering,power and mechanical engineering,,0.9800505638122559,
environmental engineering and technology,environmental engineering technology,,0.9793129563331604,
melbourne population & global health,melbourne population and global health,melbourne land and environment,0.9974561929702759,0.7070105075836182
bariatric and metabolic surgery,bariatric surgery,,0.8910301923751831,
arabic linguistics,arabic language,sharia &amp; islamic economics,0.9641138315200806,0.6507810354232788
escuela normal superior de bucaramanga,escuela normal superior oiba,,0.9066332578659058,
erp,enp,,0.7953988909721375,
ingeniería civil y ambiental,ingenieria civil y ambiental,,0.983822762966156,
educational policy and leadership studies,educational leadership and policy studies,,0.9934104084968567,
forest management,forest resource management,,0.9748380780220032,
hospital garcia de orta,hospital garcia de orta epe,,0.9691063165664673,
educational psychology and learning systems,educational psychology & learning systems,,0.9978070259094238,
master of science in management,master of management science,,0.9819121360778809,
wuhan virology chinese academy of sciences,"wuhan virology, chinese academy of sciences",,0.990687370300293,
growth,growth and development,crystal growth,0.8882817029953003,0.7443399429321289
electrical information,electrical and information,,0.947001039981842,
environmental sciences cml,environmental sciences,,0.8990985155105591,
andalusian employment service,andalusian health service,uoc,0.8230697512626648,0.6033916473388672
electric engineering department,electrical power engineering department,,0.9660909175872803,
hospital de são joão,hospital de são josé,,0.9604051113128662,
chrometa,imec,,0.6527658700942993,
anatomy of domestic and wild animals,animal anatomy and physiology,,0.8687022924423218,
daphne cockwell nursing  community services,daphne cockwell nursing,,0.8425591588020325,
national administration of public education,national educational evaluation,,0.773436963558197,
cmns,cnms,,0.876647412776947,
marketing strategy,marketing strategies,,0.9788954257965088,
fgv management,fgv,fsg,0.8081190586090088,0.7345930337905884
jet propulsion laboratory,jet propulsion lab,,0.9816001653671265,
"pulmonary, critical care and sleep medicine","pulmonary, critical care, and sleep medicine",,0.9970132112503052,
graduate humanities,graduate school for humanities,,0.9494139552116394,
molecular & human genetics,molecular and human genetics,,0.9962089657783508,
molecular virology and cell biology,molecular biology and virology,,0.9698847532272339,
education and skills development,education and training,,0.9299900531768799,
thoracic head and neck medical oncology,head and neck oncology,,0.938532829284668,
polar oceans,oceanography,,0.6972078084945679,
building technology department,technology department,,0.8810892105102539,
computational neuroscience,computational neuroscience unit,,0.9147454500198364,
department for study of religions,department for study of religion,,0.9797049760818481,
crime prevention,prevention,,0.762177586555481,
english and culture studies,english and cultural studies,,0.9921261072158813,
ent-department,ent department,,0.9468682408332825,
tsinghua-berkeley shenzhen institute,tsinghua–berkeley shenzhen institute,,0.9890910983085632,
nanoscience of aragon ina,nanoscience of aragon,,0.9770444631576538,
mrc biostatistics unit,biostatistics unit,,0.8740970492362976,
large animal clinical sciences,large animal clinical science,,0.9892785549163818,
"physiology, pharmacology, and neuroscience","physiology, pharmacology and neuroscience",,0.9957125186920166,
graduate urban innovation,urban innovation,,0.8868330717086792,
behavioral sciences and health education,behavioral science and health education,,0.9854122996330261,
"engineering, electrical and electronic engineering","engineering, electrical and electronics engineering",,0.9962680339813232,
ufersa,ufes,,0.830998420715332,
interdisciplinary neuroscience program,interdisciplinary program in neuroscience,,0.9915114641189575,
developmental neuroscience,developmental neurosciences,,0.937227725982666,
literatures,literature,,0.9533848166465759,
haas business,business it,,0.8627332448959351,
biology & biochemistry,biology and biochemistry,,0.9963669776916504,
infectologia e medicina tropical,infectious diseases and tropical medicine,,0.8803200721740723,
control escolar,departamento de control automático,,0.6997619867324829,
statistics and operations research applied and quality,applied statistics and operational research and quality,,0.9583702087402344,
"shanghai materia medica, chinese academy of sciences",shanghai materia medica chinese academy of sciences,,0.9934767484664917,
"federal center for toxicological, radiation and biological safety",federal scientific center for medical and preventive health risk management technologies,,0.7728628516197205,
center for nuclear energy in agriculture,center of science and agricultural technology,,0.7826597690582275,
retina department,retina service,,0.9025254249572754,
buchmann molecular life sciences,molecular life sciences,,0.8010743856430054,
economics & law,economics and law,political science/economics,0.9937313199043274,0.7894079089164734
steinhardt education,"steinhardt culture, education and human development",steinhardt,0.8595788478851318,0.8264985084533691
neonates,nanophotonics,,0.7230345010757446,
stock,image,,0.7635557651519775,
mrc brain network dynamics unit,mrc cognition and brain sciences unit,,0.8695646524429321,
soil department,soil departament,,0.9477881193161011,
teaching innovation unit,teaching and learning innovation,,0.8703126907348633,
renewable energy department,renewable energy engineering department,,0.8982268571853638,
"electrical, electronic and telecommunications","electronics, electronics and telecommunications",,0.9616191983222961,
leibniz solid state and materials research,leibniz polymer research,,0.8703718185424805,
mott macdonald united kingdom,rolls-royce united kingdom,,0.7057711482048035,
theoretical physics group,theoretical astrophysics group,,0.9003140330314636,
sciences of physical activity and sport,sciences of physical activity,,0.9631270170211792,
social science and psychology,social sciences and psychology,,0.9839701056480408,
royal dick veterinary studies,royal veterinary surgeons,,0.7891190052032471,
hydraulics,hydraulics engineering,,0.9238390922546387,
oceans and atmosphere,oceans,,0.8881579637527466,
asmsoc,ocs,,0.734021782875061,
famed,famecos,,0.7973209619522095,
forestry and forest management,forest management,,0.9684703350067139,
exchange program,exchange,,0.8511637449264526,
"psychology, chinese academy of sciences",psychology chinese academy of sciences,,0.9860935211181641,
german faculty,german studies,,0.8443503379821777,
nuclear physics,nuclear and atomic physics,,0.9539815187454224,
forest and wood science,forestry science and wood,,0.9805954098701477,
joint center for artificial photosynthesis,center for photochemical sciences,,0.7506104707717896,
physical chemistry polish academy of sciences,"physical chemistry, polish academy of sciences","maths, physics, chemistry",0.939690113067627,0.7878313064575195
musicological seminar,musicology department,,0.7989370822906494,
división de ingeniería industrial,división industrial,,0.905250072479248,
mpa,mp,,0.8959214687347412,
helmholtz centre for infection research gmbh,helmholtz centre for infection research,,0.9302564859390259,
weather prevision center and climate studies,climate studies,,0.8650556206703186,
central mining institute,mining department,,0.7090556621551514,
"culture, media and creative industries","culture, media & creative industries",,0.9968270063400269,
center on aging,aging,,0.8414024114608765,
internal medicine and medical specialties,"internal medicine, medicine",,0.9584869742393494,
probability and statistics,probability and mathematical statistics,,0.9621625542640686,
teaching english to speakers of other languages tesol,teaching english to speakers of other languages,,0.9832984209060669,
mechatronics and precision mechanics,mechanics and mechatronics,,0.9334559440612793,
geography & applied geography,geography and applied geography,,0.9961000680923462,
automotive engineering,automotive mechanical engineering,,0.978142499923706,
research and analysis,research & analysis,,0.9943515062332153,
sura,fusagasuga,,0.8139790296554565,
marine biology,marine environmental biology,,0.9596883654594421,
physical science and technology,physical science & technology,,0.9973163604736328,
psychology and behavioural sciences - centre for alcohol and drug research,centre for alcohol and drug research,,0.9088000059127808,
research consulting,research and consulting,,0.9628461599349976,
plant science,plant sciences,,0.9745572209358215,
oulu business school,lut business school,,0.8292528986930847,
ministry of health of republic of uzbekistan,academy of sciences republic of uzbekistan,,0.7213845252990723,
sociología y antropología social,antropología social y psicología social,,0.9493511915206909,
language theory,theoretical linguistics,,0.9044215679168701,
ign,isec,,0.8677201271057129,
national indian foundation,ao foundation,,0.6114710569381714,
anthropology and middle eastern cultures,middle eastern languages and cultures,,0.8114821910858154,
electromecanique,electromechanics,,0.8556551933288574,
pr-технологій та логістики,наццион&#39;нии медцнии инверсайтет имни о богомолтса,,0.949453592300415,
geotechnical engineering,mechnaical engineering,,0.948112964630127,
human nutritional sciences,human nutrition sciences,,0.9889493584632874,
cell and development biology,cell and developmental biology,,0.9938292503356934,
medicine. general internal medicine,medicine - general internal medicine,,0.9814037084579468,
center for studies and research in agribusiness,agricultural sciences center,,0.8777047395706177,
interfaculty microbiology and infection medicine,medical microbiology and infection control,,0.8421094417572021,
spatial science,spatial sciences,,0.972416877746582,
surgery urology,surgery - urology,,0.9876028895378113,
victimology,trauma,lthe,0.7111190557479858,0.5510685443878174
center for biomedical innovation,center for advanced biotechnology and medicine,,0.9264598488807678,
inclusive education department,inclusive education,,0.9166936874389648,
genetic engineering and biotechnology institute,biomedical engineering institute,,0.8966003656387329,
chia,cucuta,,0.6229507923126221,
computational science,computational sciences,,0.971126914024353,
carcinogenesis,molecular pathogenesis,,0.8179606795310974,
mental health and addiction,mental health and addictions,,0.9930435419082642,
athena research and innovation center in information communication & knowledge technologies,centre for research and technology hellas,,0.7678520679473877,
veterinary public health and hygiene department,veterinary hygiene and public health,,0.86805260181427,
estomatologia general integral,hematologia,,0.7843620777130127,
management area,management.,,0.9019452333450317,
epidemic intelligence service,surveillance and disease intelligence,,0.6584076881408691,
london fashion,london,,0.7909833788871765,
health and wellbeing,health & wellbeing,,0.9967960119247437,
isye,isom,,0.7890074849128723,
imati,iit,,0.7910947203636169,
english linguistics,english language and linguistics,,0.9781413078308105,
data science and business analytics,data science and analytics,,0.9329211711883545,
uti pediatric,uci pediatric,,0.938359260559082,
horticulture science,horticultural science,,0.9883471727371216,
advanced study,advanced studies,,0.943972110748291,
investment department,investment,,0.795093297958374,
information engineering and mathematical sciences,information engineering and mathematics,,0.976087749004364,
max planck colloids and interfaces,max planck colloid and interface research,,0.9113175868988037,
open innovation in science center,innovation center,,0.8271153569221497,
oral medicine & periodontology,oral medicine and periodontology,,0.997472882270813,
agricultural economics division,division of agricultural economics,,0.9574616551399231,
road construction,road design,,0.8082472085952759,
surgery and surgical medical specialties,surgery and medical and surgical specialties,,0.9954100251197815,
diagnosis and surgery,medicine - surgery,,0.9005951881408691,
nursing school and pharmacy,nursing school usp,,0.825273334980011,
"general, visceral and vascular surgery",general and vascular surgery,,0.9663827419281006,
general office,general department,,0.8245477676391602,
fens,landscape,,0.7337583303451538,
rubber and plastics technology,rubber technology,,0.9185241460800171,
geotech,geotechnology,,0.8870058059692383,
system science,systems science,,0.9793394804000854,
wind power,wind energy,,0.9730545282363892,
research molecular pathology,research molecular pathology imp,,0.9781202673912048,
rausser natural resources,rubenstein environment and natural resources,geology/geography,0.7824401259422302,0.6227995753288269
material and metallurgy,materials and metallurgy,metallurgical science and engineering,0.9925673604011536,0.8515610694885254
centre for climate change,centre for climate change studies,global research center,0.9339302778244019,0.6717400550842285
laboratory for comparative social research,sociological research center,,0.803555965423584,
engineering geodesy,geodesy engineering,,0.9602698683738708,
physics-chemistry,chemistry-physics,,0.9872913360595703,
petroleum and mining engineering,petroleum & mining engineering,,0.9982172250747681,
federal vocational education and training,vocational education and training,,0.8410547971725464,
post-graduate department,postgraduate department,,0.9857845306396484,
psychiatry & behavioral sciences,psychiatry and behavioral sciences,,0.9974588751792908,
archaeology and ancient history,archaeology & ancient history,,0.9977411031723022,
mssl,ssl,,0.8910629749298096,
deacon,pastor,,0.7648359537124634,
corporate technology,enterprise technology,,0.9259123802185059,
joanneum research,research unit,,0.7565481066703796,
aerospace research institute,aerospace institute,,0.9428303241729736,
sony,sony ai,,0.8759746551513672,
medical institute,medical research institute,,0.9445429444313049,
master of science in nursing,bachelor of science in nursing,,0.891995370388031,
gender studies center,center for gender studies,,0.9287471771240234,
pharmaceutical research and development,pharmaceutical research,,0.9629082679748535,
"physical electronics, electrical engineering and applied physics",applied physics and electronics,,0.9419312477111816,
oncology pathology,oncology and pathology,,0.9770158529281616,
unc/ncsu joint biomedical engineering,joint biomedical engineering,,0.8506492376327515,
iop publishing ltd,publishing,,0.6931034922599792,
lincoln alexander law,law,,0.6784432530403137,
animal health laboratory,laboratory animal science,,0.870993971824646,
architektury,architecure,,0.9388614892959595,
dean's office,dean office,,0.9558500051498413,
distance learning centre,distance learning center,,0.986650288105011,
ludwik hirszfeld immunology and experimental therapy,experimental immunology,,0.7203381061553955,
"neuroscience, rehabilitation, ophthalmology, genetics, and maternal and child sciences","neurosciences, imaging and clinical sciences",,0.8892295360565186,
national engineers tunis,national engineering tunis,,0.9538351893424988,
experimental zoology,experimental biology,,0.87408447265625,
neuroscience chinese academy of sciences,"neuroscience, chinese academy of sciences",,0.9908396005630493,
breast tumor center,breast cancer center,,0.9634190201759338,
ucd earth sciences,earth sciences department,,0.8396354913711548,
"natural resources, environment and territory",natural resources and environment,,0.938783586025238,
engineering product design,product design engineering,,0.9782510995864868,
rural sociology,rural development sociology,,0.9473643898963928,
clinical medical and surgical,clinical medicine and surgery,,0.95775306224823,
logic technology development,systems development,,0.8369208574295044,
psychology and personality development,psychology and human development,,0.9430792331695557,
japan society for promotion of science jsps,japan society for promotion of science,,0.9660177230834961,
chemical and biomedical engineering,chemical & biomedical engineering,,0.997100830078125,
education and social studies,education and social sciences,,0.9517420530319214,
civil engineering and applied mechanics,civil engineering and engineering mechanics,,0.9784784317016602,
within complex,complex,,0.8628308773040771,
electrical engineering,electrical engineering.,,0.9945762157440186,
"architecture, planning and landscape","architecture, planning & landscape",,0.9970234632492065,
shalakya tantra,shalya tantra,vijayanagar medical sciences,0.9455195665359497,0.5411249399185181
applied geoinformatics and cartography,geoinformatics and cartography,,0.9315952658653259,
engineering and engineering technology,engineering and technology,,0.9904576539993286,
escuela de ingeniería civil y geomática,escuela de ingenieria civil,,0.9166667461395264,
campo grande city hall,rio grande city hall,,0.8537175059318542,
natural history museum,museum of natural history,,0.9744671583175659,
infromatics,infomatics,,0.808127224445343,
facultad salud,area de la salud,,0.9216347932815552,
geophysics institute,geophysical institute,,0.9414889812469482,
instructional systems and learning technologies,instructional systems technology,instructional systems,0.9562220573425293,0.9285977482795715
theater directing,theater,,0.8844919800758362,
campus viii,campus vii,,0.9629534482955933,
"public health, epidemiology and development","public health, epidemiology",,0.9250380992889404,
biomolecular and biomedical sciences,biomolecular and biomedical science,molecular medical sciences,0.9916461706161499,0.8986073732376099
mni,ikm,,0.8115798234939575,
teaching and learning centre,learning and teaching centre,,0.9862449169158936,
agricultural & environmental engineering,agricultural and environmental engineering,,0.9971639513969421,
education faculty.,education faculty,,0.993363618850708,
lingustics,linguistics and literature,,0.7978739738464355,
parallel and distributed systems,distributed systems,,0.880962610244751,
neurosurgery and spine surgery,urology surgery,,0.9043625593185425,
division of surgery and interventional sciences,division of surgery & interventional science,,0.990345299243927,
cluster of excellence phoenixd,excellence cluster topoi,,0.6679493188858032,
counseling services,counseling,,0.9550743699073792,
uisek,unae,,0.7494527697563171,
ph.d,phs,,0.8673281669616699,
sbe,bbe,,0.9185018539428711,
cactus communications,cactus communications pvt ltd,,0.7589457035064697,
neural and pain sciences,medical neurosciences,,0.8548498153686523,
faculty social sciences,faculty for social sciences,,0.976679265499115,
cqe,cie,,0.8387488126754761,
faculity of medicine,facility of medicine,,0.9537719488143921,
king chulalongkorn memorial hospital,phramongkutklao hospital,,0.824521541595459,
plant physiology and genetics,plant physiology and ecology,,0.947607159614563,
rural sociology,rural development sociology,,0.9473643898963928,
documentation center,documentation and information center,,0.917451024055481,
knowledge management unit,knowledge management,,0.8885067701339722,
exceptional education,gifted education,,0.8907909989356995,
specialized academic unit in agricultural sciences,academic unit of agricultural sciences,,0.9394954442977905,
r&d lab,r&d laboratory,,0.9865058660507202,
immunology lab,immunology laboratory,,0.9781543612480164,
european institute,european studies institute,,0.9633948802947998,
advanced data analytics,advanced analytics,,0.962895393371582,
departamento de biología celular y molecular,departamento de biología molecular y genómica,,0.9444840550422668,
production and systems engineering,production engineering and systems,,0.9918900728225708,
brighton business school,aston business school,,0.7923340797424316,
obgy,obg,,0.7531575560569763,
gyn/ob,ob/gyn,,0.9710637927055359,
theory and methods of education,theory of education,,0.95728600025177,
logistics & supply chain management,logistics and supply chain management,,0.996731698513031,
simmons comprehensive cancer center,simmons cancer center,,0.9674125909805298,
radiological science,radiological sciences,,0.9795947670936584,
regional development and international studies,international area studies,,0.8827381134033203,
attorney general,attorney general's office,,0.9314420223236084,
cerzos,pasco,,0.6629222631454468,
instituto criap,instituto,instituto superior bissaya barreto,0.7360773086547852,0.6851924657821655
pulp and paper technology,pulp and paper,,0.8462957739830017,
max planck human development,max planck developmental biology,,0.8417410254478455,
international management institute,management institute,,0.9178662896156311,
neurosurgery and brain repair,neurosurgery,,0.9330733418464661,
eefd,fef,,0.8409655094146729,
pediatric orthopedic surgery,pediatric orthopaedic surgery,,0.9938351511955261,
health and aging,health and ageing,,0.9954769611358643,
electromechanical,electromechanics,,0.9670119881629944,
plant pathology and protection,plant pathology,,0.8701803088188171,
quantitative methods,quantitative techniques,,0.9729703664779663,
national security,national and homeland security,,0.9663925170898438,
emergency response department,emergency dept,,0.931896984577179,
chemical technology division,chemical science and technology division,,0.9656995534896851,
non-ferrous metals,general research nonferrous metals,,0.8487079739570618,
banking and international finance,international banking and finance,,0.9840698838233948,
graduate endodontics,graduate orthodontic,,0.9605245590209961,
doctoral candidate,doctoral program,,0.8899982571601868,
ilaach,cochrane,,0.7350679636001587,
undergraduate degree in psychology,degree in psychology,,0.9450692534446716,
integrated human studies,integrated research,,0.8444474339485168,
business and international trade,trade and international business,,0.981826901435852,
foodservice,food service,,0.9895086884498596,
social and humanitarian technologies,social sciences and social technologies,,0.829499363899231,
paris observatory - meudon site,paris observatory,,0.8944995403289795,
wisconsin natural resources,wisconsin discovery,,0.8309205174446106,
computer science and informatics,computer science & informatics,,0.9971052408218384,
mobile emergency care service - samu,emergency mobile care service,,0.8473934531211853,
cell signalling,cell signaling,,0.9686015844345093,
"civil, aerospace and design engineering","mechanical, aerospace and civil engineering",,0.9353362321853638,
sports physiology,sport physiology,,0.9698071479797363,
limos,"lima, pe",,0.8102818727493286,
"paediatrics, nutrition and metabolic diseases","gastroenterology, hepatology, nutritional disorders and pediatrics",,0.8502599000930786,
psychological therapies,psychology and psychotherapy,,0.9479078054428101,
ecobio,ecosocio,,0.8671055436134338,
health services policy and management,health services management and policy,,0.9921668767929077,
family clinic,family medicine clinic,,0.9610058069229126,
state higher vocational school in tarnow,higher vocational school,,0.7968872785568237,
basic medicine science,basic medical science,,0.9823193550109863,
"recreation, sport and tourism","recreation, sport, and tourism",,0.9976240396499634,
applied english,applied english linguistics,,0.9400634169578552,
cartographic and surveying engineering,surveying and cartographic engineering,,0.9370651245117188,
reasearch,eresearch,,0.8664308190345764,
national educational evaluation,educational evaluation,meritorious national teachers&#39; school,0.843292236328125,0.7108806371688843
mathematical and statistical science,mathematics and statistical science,,0.9907618165016174,
observatory bells,bell center,,0.6820244789123535,
environmental engineering and technology,environmental engineering technology,,0.9793129563331604,
nurse school,school nursing,,0.9123035073280334,
astrophysical and cosmological relativity,astrophysical relativity,,0.9788675308227539,
agrarian sciences - ica,agricultural sciences,,0.8477619886398315,
health education department,health education,,0.9084584712982178,
communication and electronics engineering,communications and electronics engineering,,0.9953184127807617,
dafis,fafi,,0.8377462029457092,
literacy,literacy and literacy,,0.9505449533462524,
renewable energy and energy efficiency,renewable energy systems,,0.9332810640335083,
se,sece,,0.9269489049911499,
rasa shastra and bhaishajya kalpana,rasashastra and bhaishajya kalpana,veer surendra sai medical sciences and research,0.9809631109237671,0.5866018533706665
"business, law and social sciences","social sciences, business and law",,0.9926561117172241,
center for synaptic neuroscience and technology,center for neuroscience and cognitive systems,,0.8822901844978333,
voronezh state medical academy,izhevsk state medical academy,,0.9245455265045166,
graduate program in ecology and conservation,graduate program in ecology and biodiversity conservation,,0.9873757362365723,
portuguese red cross,higher health of northern portuguese red cross,,0.811896800994873,
degree in architecture and urbanism,graduate in architecture and urbanism,,0.9522761106491089,
revolution plastics institute,materials research institute,,0.779853105545044,
industry 4.0 convergence bionics engineering,engineering & technology,,0.8297326564788818,
dynamic earth and ocean,earth and ocean dynamics,,0.9317189455032349,
education & psychology,education and psychology,,0.9959908723831177,
allied health sciences,allied health and sciences,,0.9760618209838867,
chinese department,chinese language department,,0.901801586151123,
electrical and software engineering,"electrical, computer and software engineering",,0.9845762252807617,
"interdisciplinary nanoscience center - inano-mbg, inano-huset",interdisciplinary nanoscience center,,0.8918256759643555,
congress of deputies,legislative,,0.6456328630447388,
ucl energy institute,energy institute,,0.9758865833282471,
"neuroscience, physiology & pharmacology","neuroscience, physiology and pharmacology",,0.9965255260467529,
economics management,economics/management,,0.9680311679840088,
center for advanced power systems,power systems engineering center,,0.8871301412582397,
agricultural and ecological research unit,agricultural research station,,0.8525429964065552,
ihs,fih,,0.915341854095459,
dissertation council,academic council,,0.8108053207397461,
ppa,ppe,,0.827039361000061,
medicine petrópolis,arthur sá earp neto medicine of petrópolis,,0.8265819549560547,
electrical engineering and information engineering,electrical and information engineering,,0.985908567905426,
food science and technology,food science & technology,,0.9975191950798035,
artificial intelligence research,artificial intelligence research institute,,0.9223697185516357,
tropical marine science institute,marine sciences institute,,0.8718761205673218,
food process engineering,food processing engineering,,0.9923319220542908,
precision agriculture,applied agriculture,agricultural engineering technology,0.801609992980957,0.7023192048072815
big data & software engineering,big data and software engineering,,0.9971714615821838,
telecomunication,telecomunications,,0.9845938086509705,
cispa,ispa,,0.889361560344696,
neuroscience center,neuroscience research center,,0.9788549542427063,
kazan e. k. zavoisky physical-technical institute,kurchatov institute,,0.8271318674087524,
printmaking,printing,,0.921952486038208,
biological physics,biomolecular physics,,0.9386763572692871,
acis,ac,,0.864393949508667,
biochemical and molecular nutrition,biochemistry and nutrition,,0.943678617477417,
na,nas,,0.8777850270271301,
european languages and communication,european languages,,0.9250181317329407,
health and public affairs,public health and healthcare,public health and health sciences,0.920908510684967,0.9165480136871338
msis,msi,,0.8832458257675171,
graduate agricultural and life science,graduate agricultural and life sciences,,0.9925081729888916,
espae,uea,,0.7983005046844482,
ceunsp,pucsp,,0.8128693103790283,
ai garage,ai,mech. eng.,0.6692734956741333,0.5762871503829956
philip r. lee health policy studies,philips healthcare,,0.7360275983810425,
applied physics,applied science physics,,0.9657871127128601,
agrigenomics research center,center for research in agricultural genomics,,0.8942056894302368,
marine resources and environment,marine environment and resources,,0.9933551549911499,
entrepreneurship center,innovation and entrepreneurship center,,0.8680619597434998,
brasas english course,english course,,0.8003835082054138,
foundations and educational policies,foundations of education,,0.8655228614807129,
chemistry and forensics,chemistry and forensic science,,0.97416090965271,
economics and international trade,trade and international economics,,0.9791973829269409,
economic research department,economics and research department,,0.9619796872138977,
bartlett development planning unit,bartlett planning,bartlett graduate studies,0.881977915763855,0.6215435266494751
peditrics,pedaitrics,,0.926148533821106,
surgery 2,surgery #2,,0.9805683493614197,
clinical and toxicological analyses,clinical and toxicological analysis,,0.9882640838623047,
"literacy, culture, and language education","language, literacy, and sociocultural studies",,0.900333046913147,
letters and arts - dla,letters and arts dla,letters and education,0.9768389463424683,0.6729744076728821
english and american literature,english and american literature and language,,0.9568512439727783,
fakulty of law,fac law,inns of court law,0.8857062458992004,0.7935579419136047
urban projects,urban development,,0.883089542388916,
nrel,nre,,0.8519003391265869,
physics g. goggles,g physics department. goggles,dip. physics,0.9083791971206665,0.6361474990844727
computer science and communication engineering,computer science and communications engineering,,0.9948062300682068,
geology faculty,geological faculty,,0.9817206263542175,
fisheries science,fishery science,,0.9903047680854797,
clalit health services,health services,,0.9083929657936096,
medical ultrasound,diagnostic ultrasound,,0.9480656385421753,
liberal arts & sciences,liberal arts and sciences,,0.9978452920913696,
educational development center,education development center,,0.9765021204948425,
agroecology - crop health,agroecology,,0.893297016620636,
office of research and innovation,office of research & innovation,,0.994835376739502,
landscape garden and architecture,landscape architecture and horticulture,,0.8760706186294556,
agricultural education and extension,agricultural extension and education,,0.9952029585838318,
neurobiology & anatomy,neurobiology and anatomy,,0.9979658126831055,
firc molecular oncology,oncology and molecular medicine,,0.9469266533851624,
quranic sciences,quran sciences,,0.9620453715324402,
formulation and development,formulation development,,0.9170809984207153,
business accounting,business - accounting,,0.9715963006019592,
industrial engineering and operations research,industrial engineering & operations research,,0.9968057870864868,
modern and medieval languages and linguistics,modern and medieval languages,,0.9654666185379028,
barranca,breña,,0.7147558927536011,
business government and law,"business, government & law",,0.9715782999992371,
forest and rangeland ecosystem science center,forestry and environmental science,,0.8296435475349426,
parasitology and tropical medicine,tropical medicine and parasitology,,0.9406483769416809,
isis pulsed neutron and muon source,isis neutron and muon source,,0.9596091508865356,
solid-state physics,solid state physics,,0.98943692445755,
cidse,cidca,,0.8707813024520874,
ugr,rrhh,,0.8742893934249878,
education and special education,"education, special education",,0.9960488677024841,
health science education,health sciences education,,0.9641225337982178,
"chemical engineering, polish academy of sciences","organic chemistry, polish academy of sciences",,0.952081561088562,
life & environmental science,life and environmental science,,0.9973595142364502,
netherlands environmental assessment agency,environmental department,,0.7113587856292725,
csr,csre,m.p.c,0.8915337324142456,0.7342289686203003
magnetic materials,magnetism,,0.8770374059677124,
eflch,efl,,0.8035309314727783,
large animal medicine,large animal internal medicine,,0.9045535922050476,
science team,science group,,0.905080258846283,
business management,management and business,,0.975610613822937,
manchester innovation research,manchester biotechnology,,0.8444465398788452,
all india medical sciences - rishikesh,all india medical sciences rishikesh,vijayanagar medical sciences,0.9874184131622314,0.7971261739730835
"prosthodontics, dentistry",prosthodontic dentistry,,0.9717147350311279,
national indian foundation,ao foundation,,0.6114710569381714,
studies in english,english language studies,,0.9312880039215088,
geology lab,geophysical laboratory,biology-geology,0.89620041847229,0.7504347562789917
sport and exercise,sport & exercise,,0.9935269355773926,
"agricultural, livestock and environmental sciences",agricultural and animal sciences,,0.9537899494171143,
geomatic engineering department,engineering department,,0.9220278263092041,
ancient history and ancient near eastern studies,ancient history,,0.8038927912712097,
conflict and development,conflict and development studies,,0.8443711996078491,
key laboratory for plant diversity and biogeography of east asia,key laboratory of plant molecular physiology,,0.7228991389274597,
global health and human ecology,global public health,,0.8627715110778809,
"physics, chinese academy of sciences",physics chinese academy of sciences,,0.9881143569946289,
graduate program in sociology,postgraduate program in sociology,,0.9773675203323364,
center for environmental studies,centre for environmental studies,,0.9686509370803833,
biotechnology and biotechnics,biotechnologies,,0.9592965245246887,
data and information science,data science and information technology,,0.9383572340011597,
mrc weatherall molecular medicine,weatherall molecular medicine,molecular medical sciences,0.9292745590209961,0.7313998937606812
soil resource and watershed management,soil resources and watershed management,,0.9949191808700562,
"international development, community and environment",international development,,0.8482612371444702,
european studies,european global studies,,0.9220861196517944,
dipartimento di area medica,dipartimento di medicina di precisione e rigenerativa e area jonica dimepre-j,,0.8542264699935913,
municipal establishment «kharkiv humanitarian-pedagogical academy» of kharkiv regional council,kharkiv national academy of municipal economy,,0.8350329399108887,
exploration and production,exploration & production,,0.9974594712257385,
astrophysics & cosmology,astrophysics and cosmology,,0.9969063997268677,
government department,governmental,,0.883844256401062,
primatology,early prehistory and quaternary ecology,,0.7730968594551086,
local governments,local government,,0.9596554040908813,
culture technology,technology and society,,0.8594304323196411,
industrial economics and management,economics and management in industry,,0.9521032571792603,
languages ​​and mediterranean cultures,languages ​​and cultures of mediterranean and middle east,,0.9523226618766785,
aula,andahuaylas,,0.7372156977653503,
technological higher studies of villa guerrero,technological higher studies of valle de bravo,"monterrey technology and higher education, ignacio a. santos medicine",0.8153634071350098,0.6910167932510376
pediatric medicine,medical pediatrics,,0.9526770710945129,
"instituto federal de alagoas, ministério da educação","instituto federal de educação, ciência e tecnologia de alagoas",,0.9239814281463623,
animal production institute,production animal studies,,0.7974845170974731,
genomic sciences center,genome sciences centre,genomic research center,0.9503867626190186,0.954835057258606
machine learning,applied machine learning,,0.9455928802490234,
maternal and child department,department maternal and child,,0.9496488571166992,
graduate program in culture and society,graduate program in education and culture,,0.9226683974266052,
facultad de ingeniería industrial y sistemas,facultad de ingenieria industrial y sistemas,,0.9965032339096069,
unisa,isa,,0.843611478805542,
biology and wildlife diseases,pathology and parasitology,,0.8214868903160095,
hausdorff center for mathematics,center for mathematical sciences,"rwth aachen mathematics, computer science and natural sciences",0.7972478866577148,0.7178603410720825
fu foundation engineering and applied science,engineering and applied science,,0.9069637060165405,
national food science & technology,national food science and technology,,0.9975671768188477,
technology and organization of construction production,construction and technology,,0.8780955076217651,
leibniz crystal growth,leibniz polymer research,crystal growth,0.7358147501945496,0.72099769115448
emerging technologies,emerging technology,,0.973608672618866,
prehistoria,prehistory,,0.9499172568321228,
administration management,administration and management,,0.9705023765563965,
bs&h,hbs,,0.8987754583358765,
sit research laboratories,research laboratories,,0.9536747336387634,
campus virtual,virtual education,"monterrey technology and higher education, durango campus",0.7854995727539062,0.5924645066261292
environment and earth sciences,environmental and earth sciences,,0.9925916194915771,
biological and physical sciences,physical and biological sciences,,0.9806329011917114,
dental prosthetics,dental prosthesis,,0.9833403825759888,
experimental zooprophylactic abruzzo and molise g caporale,experimental zooprofilattico sicily,,0.8454292416572571,
consulting group ecuador,instituto consulting group ecuador,community counseling,0.8874711990356445,0.5991404056549072
chair of finance,chair of finance and credit,,0.9580458402633667,
educational foundation of municipality of assis,municipal foundation of education,,0.8110854625701904,
walmart united states,walmart,,0.8627862930297852,
exploration and development,exploration and production,,0.8974547386169434,
global epidemiology,epidemiology and global health,population and international health,0.9203695058822632,0.8090519309043884
state law,state and law,,0.9634170532226562,
center for biomedical research,centre for biomedical research,,0.9769295454025269,
physical therapy & rehabilitation science,physical therapy and rehabilitation science,,0.9969172477722168,
research center in cellular dynamics,biomedical research center,,0.8480068445205688,
kuaishou technology,huaiyin technology,,0.8870428204536438,
east asian languages,east asian languages and cultures,,0.9516756534576416,
equipment engineering,mechanical and equipment engineering,,0.9288814067840576,
graphic design faculty,design faculty,,0.9029645919799805,
photonics technologies,photonics technology,,0.9881154894828796,
electrical & instrumentation,electrical and instrumentation,,0.9975576400756836,
health & safety,health and safety,,0.9982813000679016,
it4innovations national supercomputing center,computing centre,,0.7648937702178955,
inorganic material and catalysis division,inorganic materials and catalysis division,inorganic and physical chemistry division,0.9897646903991699,0.8554661273956299
project management technology,management technology,,0.8810228109359741,
european bank for reconstruction and development,european projects,sussex european institute,0.692681074142456,0.5479505658149719
idp in climate studies,climate studies,,0.9181265830993652,
science center and agri-food technology,center of science and agricultural technology,,0.9294378161430359,
center for homeland defense and security,national and homeland security,,0.7888718247413635,
medtronic inc,medtronic,,0.9698068499565125,
nutrition and food safety,food safety and nutrition,,0.9887555837631226,
nano technology,nano engineering,,0.9370583295822144,
economics and extension,agricultural economics and extension,,0.8682601451873779,
return,to,,0.7224080562591553,
ppgich,ppgte,,0.9006009101867676,
philosophy and sciences of complexity,philosophy and social sciences,,0.8870501518249512,
st. jude children's research hospital,children's medical center research institute,,0.7502123117446899,
pma,mpp,,0.8660433888435364,
division of materials science and engineering,division of materials sciences and engineering,,0.9948334693908691,
science policy research unit spru,science policy research unit,,0.9661105275154114,
anaesthesia and critical care medicine,anaesthesia & critical care,,0.9837636947631836,
national film archive,national archive,,0.8535637855529785,
physics and medical engineering,medical physics and engineering,,0.9647572040557861,
center of biosciences,center of biosciences and biotechnology,,0.9663175344467163,
iquitos,iquibicen,,0.8059090971946716,
umr iate,imn,,0.817243218421936,
disability studies,disability and psychoeducational studies,,0.8952983617782593,
wiserd,smart,,0.7575345039367676,
elan,elen,,0.8403334617614746,
hilase centre,algatech center,,0.7508270740509033,
national centre for medium range weather forecasting,centre for atmospheric sciences,,0.7084988355636597,
religion and philosophy,philosophy & religion,,0.9433185458183289,
john wiley and sons inc,john wiley & sons inc,,0.9916845560073853,
public health & informatics,public health and informatics,,0.9970844984054565,
information technology and mathematics,information technology and mathematical sciences,,0.9633563756942749,
multidisciplinary institute in health,multidisciplinary health institute,,0.9864758253097534,
science and technology faculty,science and engineering faculty,,0.95578932762146,
cardiology unit,cardiac care unit,,0.9293088912963867,
management and e-business,business management,,0.8570937514305115,
dairy department,dairy science department,,0.8844192624092102,
research support foundation of state of bahia,government of state of bahia,,0.7525761723518372,
environmental science and studies,environmental studies and sciences,,0.9746566414833069,
division of civil engineering,civil engineering division,,0.9786272644996643,
english and creative writing,english & creative writing,,0.9966341257095337,
accounting economics and administrative sciences,"accounting, administrative and economic sciences",,0.9811614751815796,
agricultural sciences and food,agricultural and food sciences,,0.9925377368927002,
space and atmospheric physics,space physics,,0.9390848278999329,
mrc biostatistics unit,biostatistics unit,,0.8740970492362976,
sipbs,sugery,,0.7356846332550049,
ophthalmology & visual sciences,ophthalmology and visual sciences,,0.9967507123947144,
pengcheng laboratory,peng cheng laboratory,,0.9817819595336914,
not,no,,0.8932468295097351,
montreal neurological institute,montreal neurological institute and hospital,,0.9761256575584412,
national program cuna más,programa nacional de saneamiento rural,,0.7574122548103333,
shengjing hospital,sheng jing hospital,,0.9516329169273376,
kaohsiung chang gung memorial hospital,chang gung memorial hospital kaohsiung branch,,0.9705052971839905,
capital one united states,natera united states,,0.8150829076766968,
otorhinolaryngology and head & neck surgery,"otorhinolaryngology, head & neck surgery",,0.9987301826477051,
"atmospheric, oceanic and space sciences","atmospheric, oceanic, and space sciences",,0.9967894554138184,
conservation center,conservation ecology center,,0.9074358940124512,
national space science center chinese academy of sciences,"national space science center, chinese academy of sciences",,0.9914510250091553,
early intervention,early attention,,0.7966594696044922,
environmental economics,environmental and resource economics,,0.9473659992218018,
polytech lille,polytech grenoble,,0.8826199769973755,
henley business school,"icma centre, henley business school",,0.8274397850036621,
mechanical & electronic engineering,mechanical and electronic engineering,,0.996688961982727,
strategic management & entrepreneurship,strategic management and entrepreneurship,,0.99708092212677,
shalamar hospital,abbasi shaheed hospital,,0.8389160633087158,
mission,mission systems,,0.784736156463623,
bionics,technology and bionics,,0.8978937864303589,
national veterinary alfort,national veterinary nantes,,0.91297847032547,
"photonics, electronics and telecommunications",electronics and telecommunication,,0.8820951581001282,
guy's and saint thomas' nhs foundation trust,guy's and st thomas' nhs foundation trust,,0.9616224765777588,
graduate program in education - education,education - graduate program in education,,0.989535927772522,
santiago de surco,san juan de lurigancho,,0.7221857905387878,
artigas teachers institute,teacher training institute,,0.8628877401351929,
metallurgical engineering and material science,metallurgical engineering and materials science,,0.9961274862289429,
applied psychology center,applied psychology department,,0.8883471488952637,
development and management,management and development,,0.9603173732757568,
hospital beneficência portuguesa de são paulo,hospital são paulo,,0.9008924961090088,
public relations and marketing,marketing and public relations,,0.9907647371292114,
design products,product design,,0.9474576115608215,
heidelberg center for ibero-american studies,"spanish, portuguese and latin american studies",,0.7156969308853149,
hakubi center for advanced research,advanced research center,,0.826204776763916,
dynamical systems,mechanical systems,,0.9107624888420105,
agricultural industry technology,agricultural technology,,0.9814311861991882,
community ophthalmology,general ophthalmology,,0.8507513403892517,
chamber music,music composition,,0.7903399467468262,
national research center for protozoan diseases,center for infectious disease research,genomic sciences center,0.8189313411712646,0.7275705337524414
nursing work,nursing,,0.9341257810592651,
center for integrated mobility sciences,center for transportation research,,0.8404866456985474,
teaching and learning innovation,learning innovation,,0.9339487552642822,
engineering trivandrum,amrita engineering,,0.7619063258171082,
philosophy sciences and letters,"philosophy, sciences and letters",,0.9841476082801819,
"ecology, behavior, and evolution","ecology, behavior and evolution",,0.9976548552513123,
physics and astronmy,physics/astronomy,"astrophysical, planetary, and atmospheric sciences",0.9573720097541809,0.843974232673645
health sport and bioscience,"health, sport and bioscience",,0.974102258682251,
isolde,iese,,0.8105010986328125,
sozialwissenschaften fachbereich,informationswissenschaften,,0.8649420142173767,
turkish folk literature,turkish literature,,0.9482767581939697,
national library of finland,natural resources institute finland luke,finnish forest research institute,0.7471475601196289,0.7114315629005432
karolinska institutet,karolinska institute,,0.917914628982544,
particular,specialty,,0.8053109049797058,
centre for research in nanotechnology and science,centre for nanotechnology research,,0.9750910401344299,
clinical oncology and nuclear medicine,clinical and radiation oncology,,0.9131909012794495,
mathematics and computation,mathematics and computing,,0.9686192870140076,
departamento de biología molecular y genómica,departamento de genética y biología molecular,,0.988235354423523,
hérault,toulouse lautrec,,0.783991277217865,
federal state budgetary educational institution of higher education tyumen,institution of education,,0.7781562209129333,
nust civil engineering,civil engineering,,0.9446148872375488,
katz business,katz graduate business,,0.8503031730651855,
administrative engineering,engineering in administration,,0.9331624507904053,
economics faculty,economical faculty,,0.981476902961731,
sk hynix inc,sk hynix,,0.9099231958389282,
academic division of sciences and information technology,faculty information science,,0.8383245468139648,
chemistry and pharmacology,"chemistry, pharmacy and pharmacology",,0.9649999141693115,
campus professor elvira cinobelina,campus valencia,instituto cenecista de ensino superior de santo ângelo,0.7223749756813049,0.6419020891189575
petroleum geoscience,petroleum geosciences,,0.989665150642395,
"theology, philosophy, and music","theology, philosophy and music",,0.9974623918533325,
persistent systems ltd,persistent systems india,,0.7287089824676514,
instituto de saúde e produção animal,instituto da saúde e produção animal,,0.995311439037323,
planning unit,development planning unit,planning and landscape,0.9421796798706055,0.7342031002044678
education - campus i,education - campus x,,0.9110229015350342,
electrical & electronics engineering,electrical and electronics engineering,,0.9977637529373169,
msit,itm,gslis,0.8755316138267517,0.7067923545837402
engineering and applied physics,engineering and physics,,0.9654974937438965,
"culture, politica e società","culture, politiche e società",political science/economics,0.9862828254699707,0.6716299057006836
esce,espe,,0.920588493347168,
sees,ssees,,0.971403181552887,
"electronics, telecommunications and informatics deti","electronics, telecommunications and informatics",,0.9721039533615112,
specific education,education - curriculum and instruction,,0.8576385378837585,
clinical services,clinical sciences and services,,0.918981671333313,
psychological and pedagogical faculty,psychological faculty,,0.932292103767395,
finnish forest research institute,forest research institute,finnish geospatial research institute,0.8461148738861084,0.7630841732025146
energy technologies area,energy technology,,0.9482231140136719,
etseib,etse,,0.8246679902076721,
biosciences and oral diagnosis,and oral diagnostic biosciences,,0.9363868832588196,
embl hamburg,haw hamburg,,0.9228105545043945,
entomology & nematology,entomology and nematology,,0.9968118071556091,
history of material culture,history and culture,,0.888607382774353,
otorhinolaryngology and head and neck surgery,"otorhinolaryngology, head and neck surgery",,0.9987074136734009,
ppg design,ppgdesign,,0.9488776922225952,
clinical nursing teaching and research section,clinical nursing,,0.8214852809906006,
econometrics and statistics,econometrics and business statistics,,0.915877103805542,
center for green research on energy and environmental materials,clean energy research center,,0.9026674032211304,
intelligent systems science and engineering,intelligent systems engineering,,0.9450796246528625,
centre for blue governance,centre for public policy,management centre,0.6283032894134521,0.5548758506774902
nano- and biomedical technologies,nanoengineering,,0.8949291706085205,
conservative dentistry and endodontics,conservative dentistry & endodontics,,0.9980000257492065,
indian council for research on international economic relations,indian council of social science research,,0.8337408304214478,
british malaysian institute,malaysia france institute,,0.7349896430969238,
materials science and applied chemistry,material science and applied chemistry,,0.9934256076812744,
arabic language education,education - arabic language,,0.9825015068054199,
germanic linguistics,german linguistics,,0.98409104347229,
sardar patel technology,sardar patel engineering,birla technology,0.8777449131011963,0.6453971862792969
secondary education council,education training council,,0.8420426845550537,
chobanian & avedisian medicine,chobanian and avedisian medicine,,0.995196521282196,
aerospace engineering,aerospace engineering and aviation,,0.9748014211654663,
blood transfusion,blood transfusion department,,0.9180343747138977,
human sciences - campus iv,human sciences - campus vi,,0.9608253836631775,
advance studies,advanced studies,,0.9118335247039795,
b.ed,b.ed.,,0.9682230949401855,
chemistry and pharmaceutical science,chemistry and pharmaceutical sciences,,0.9910699725151062,
"filología española, lingüística general y teoría de la literatura","lengua y literatura españolas, teoría de la literatura y lingüística general",,0.954384446144104,
technopark,science and technology park,,0.8499676585197449,
advanced analysis center,analytical center,,0.8516761064529419,
municipal board of education semed,municipal education department,,0.9040299654006958,
technical it and design,engineering design,,0.8257869482040405,
human resource management and development,human resources development,,0.9424965381622314,
"section of endocrinology, diabetes and metabolism","endocrinology, diabetes, and metabolism",,0.9611176252365112,
rosenstiel marine and atmospheric sciences,rosenstiel marine and atmospheric science,,0.9929590821266174,
marine physics,marine physics and ocean climate,,0.882488489151001,
"physiology, biophysics and neuroscience","physiology, biophysics and neurosciences",,0.9799805879592896,
marine botany,marine biology,,0.899880051612854,
molecular biotechnology,molecular biology and biotechnology,,0.9660789966583252,
math and natural sciences,math and sciences,,0.977495551109314,
laga,malaga,,0.9283193349838257,
graduate education and information studies,graduate education & information studies,,0.9973690509796143,
metal production and processing,metallurgy,,0.8246598839759827,
nutrition physiology,nutritional physiology,,0.9607325196266174,
nanotecnologia,tecnologo,,0.9182004928588867,
biomedicine and pharmacy,pharmacy and biomedicine,,0.9488468170166016,
medical sciences and health of juiz de fora,hospital agamenon magalhães,,0.757233738899231,
luigi einaudi foundation,umberto veronesi foundation,galileo galilei state scientific high school,0.7942502498626709,0.5685625672340393
chinese academy of agricultural sciences graduate school,graduate chinese academy of agricultural sciences,,0.9760053157806396,
academy of military police,police academy,,0.8836697340011597,
qc department,qa department,,0.9002667665481567,
office of executive director,office of director,,0.9086050987243652,
dcti,dct,,0.9583508968353271,
applied ai,applied,,0.893054187297821,
computing and control department,automation and control department,,0.8621225357055664,
transpersonal psychology,social and personality psychology,,0.8876870274543762,
infection and immunology,infectious disease and immunology,,0.9866806864738464,
hcpa,cpa,,0.8888336420059204,
miur,mti,,0.7755104303359985,
psychology of language,psycholinguistics,,0.906720757484436,
rutgers,rutgers health,,0.8049591779708862,
swiss national science foundation,national science foundation,swiss-prot group,0.863761842250824,0.6217015981674194
"paulista policy, economics and business",paulista law,,0.7531795501708984,
engineering in food industries,engineering of food industries,,0.9765181541442871,
academy of police force in bratislava,slovak academy of sciences,,0.7140364646911621,
lengua española y lingüística general,lingüística general e hispánica,,0.9256068468093872,
aircraft control systems,aviation systems,,0.8753993511199951,
mennonite nursing,marcella niehoff nursing,,0.7189604043960571,
beauty,aesthetic and cosmetic,icra,0.8521941304206848,0.550368070602417
light industrial engineering and desing,industrial engineering,,0.8194290399551392,
private sector,private company,,0.8535460829734802,
geosciences toulouse environment,geosciences environnement toulouse,,0.8994462490081787,
scripps gerontology center,geriatrics and gerontology,,0.7277854681015015,
occupational therapist,occupational therapy,,0.9074262380599976,
center for neurosciences,neuroscience center,,0.9460527300834656,
meat science,meat science and technology,,0.9118249416351318,
physics gleb wataghin,physics gleb wataghin ifgw,,0.9608224034309387,
saint louis,saint louis pharmacy,,0.79803466796875,
chinese academy of tropical agricultural sciences,subtropical agriculture chinese academy of sciences,,0.9466158151626587,
national state public works,national public works of state,,0.9780553579330444,
interdisciplinary centre for water research,centre for water research,global research center,0.9480843544006348,0.7454885244369507
environmental molecular sciences laboratory,environmental biotechnology laboratory,,0.9158785343170166,
departamento de física teórica e experimental,departamento de física experimental,,0.9535117745399475,
technical inspection,inspection,,0.8408770561218262,
spring high energy physics hepss2025,spring high energy physics hepss2024,,0.9336161017417908,
"architecture, building & planning","architecture, building and planning",,0.9959197044372559,
coriell medical research,medical research,,0.8306347131729126,
software development department,software department,,0.9549229741096497,
centre for genomics,centre for genomics research,centre for genome research,0.9788622856140137,0.9023278951644897
iseg,isg,,0.7955187559127808,
waisman center,it center,,0.6838353872299194,
research center for materials science,materials sciences research center,,0.9691154956817627,
economics and organization of enterprises,economics and enterprise management,,0.9221904873847961,
profesi insinyur,program profesi insinyur,,0.8412412405014038,
"communication, international studies and languages",communication and cultural studies,,0.8877078890800476,
science tokyo,okinawa science and technology,japan atomic energy research institute,0.8107019662857056,0.7381649017333984
upiita,upaep,,0.7814265489578247,
graduate integrated arts and sciences,graduate arts and sciences,,0.9520466923713684,
graduate program in political sociology,graduate program in sociology and political science,,0.9744707345962524,
finance office,finance department,,0.9090045690536499,
educaci´ón,educación social,,0.9310521483421326,
centre for translation studies,center for translation studies,research centre for english and applied linguistics,0.9820476770401001,0.8160262107849121
"civil, environmental and mining engineering","civil, environmental & mining engineering",,0.9964548945426941,
political science and international affairs,political science & international relations,,0.9856243133544922,
aquatic ecology,aquatic ecosystems,,0.9618719816207886,
drug discovery research,drug discovery sciences,,0.9423238635063171,
linguistics and hispanic literature,linguistics and hispanic literatures,,0.985409140586853,
national occupational safety and health,occupational safety and health,,0.8876696825027466,
infn section of pisa,section of pisa,,0.9690428972244263,
foundation for research and technology hellas,centre for research and technology hellas,,0.8600835800170898,
histology and embriyology,histology and embriology,,0.9905887842178345,
sakarya training and research hospital,ankara training and research hospital,,0.8147985935211182,
computing and mathematics,computing & mathematics,,0.9958829879760742,
cytopathology,phytopathology,,0.8693417310714722,
uch,erm,,0.833427906036377,
slavic and eurasian studies,slavic studies,centre for russian and east european studies,0.8935337066650391,0.6844825744628906
centro federal de educação tecnólogica de minas gerais,centro federal de educação tecnológica de minas gerais,,0.9940611124038696,
mana,human,,0.7058929800987244,
fusion,fusion technology,,0.8725601434707642,
bscrim,sc,,0.7737377285957336,
math teacher,math teaching,,0.9588255286216736,
"music, theatre, and dance","music, theatre and dance",,0.998008668422699,
national geophysics and volcanology,geophysics and volcanology,,0.9174963235855103,
population and development,population dynamics,,0.8635315895080566,
geoscience institute,geosciences institute,,0.9800682067871094,
fundamental studies,basic studies,,0.9107781648635864,
history file,historical archive,,0.891558825969696,
"communication, journalism and marketing","communication, journalism, and marketing",,0.9962782263755798,
instituto tecnológico superior de huauchinango,instituto tecnológico superior de irapuato,,0.9334390759468079,
centre for international studies and diplomacy,centre for international studies,centre for urban and regional studies,0.9560527801513672,0.7357271909713745
cns,cnc,,0.8892295360565186,
centre for stem cells and regenerative medicine,centre for stem cell research,clinical sciences centre,0.9389013648033142,0.8036060333251953
master's degree in pedagogy,master's degree in teaching,,0.9251474142074585,
engineering mathematics and technology,engineering and mathematics,,0.9497083425521851,
communicative linguistics and translation,translation and linguistics,,0.9537622928619385,
ministry of national education,ministry of education,,0.9441195726394653,
coppe systems,coppe,control and industrial processes,0.7476829886436462,0.7195655107498169
laboratory management,laboratory department,,0.830807626247406,
national center for physical acoustics,center for hearing research,,0.7279000282287598,
academic family medicine,"medicine, family medicine",,0.8817142844200134,
korea environment institute,korea development institute,,0.8180845379829407,
bone marrow transplant,bone marrow transplantation,,0.9908639192581177,
ufpe,ufrpe,,0.8990709781646729,
english and philosophy,english & philosophy,,0.9963071346282959,
neonatology pediatrics,neonatology and pediatrics,,0.9687650799751282,
photography,sonography,,0.9127882719039917,
"law, humanities and arts","arts, education and law",,0.936322808265686,
middle and high,mid,,0.780723512172699,
control and industrial electronics,control systems and mechatronics,"electrical engineering, automatics, computer science and electronics",0.9146116971969604,0.8047970533370972
technical coordination,technical cooperation,,0.9081811308860779,
frs fnrs,fsm,,0.7165355086326599,
climate,climate and environment,,0.9465072154998779,
ntpc,dpc,,0.8343943953514099,
aeronautical and automotive engineering,aeronautical & automobile engineering,,0.9898347854614258,
uniasselvi,univali,,0.741753101348877,
radiophysics and electronics,radiophysics and computer technologies,,0.936894416809082,
land surveying and geo-informatics,surveying and land information engineering,,0.9003844857215881,
department psychology,department for psychology,human development and applied psychology,0.9796340465545654,0.803400993347168
international education,international and comparative education,,0.948434591293335,
forest industrial engineering,forest industry engineering,,0.9741361141204834,
sop,sso,,0.8384727239608765,
publisher,publishing,english and american literature and language,0.9138985276222229,0.5410928130149841
design section,design,,0.896498441696167,
information technology institute,information technologies institute,,0.9837703704833984,
dept. of medical sciences,dept. of medicine,,0.9490943551063538,
artificial intelligence center,center for artificial intelligence,,0.9596294164657593,
leadership and human resource management,management & leadership,,0.9309209585189819,
key laboratory of ecosystem network observation and modeling,state key laboratory of management and control for complex systems,,0.7294797301292419,
specialization course,specialized education,,0.8673679828643799,
"computing, engineering & physical sciences","computing, engineering and physical sciences",,0.9942601919174194,
iii faculty,ii faculty,,0.9386116862297058,
sbms,bms,,0.9015712738037109,
food and resource economics,"food, agricultural and resource economics",,0.9606412649154663,
social sciences and business,business and social sciences,,0.9860203266143799,
insurance and economics,finance and insurance,,0.8430449962615967,
music and theatre,music and theater,,0.989505410194397,
bioscience technology,bioscience and technology,,0.9751250147819519,
management and business economics,business management and economics,,0.9897764921188354,
diro,i&d,,0.6809736490249634,
field research,field science,,0.8414320349693298,
gazi education,this education,,0.7879320383071899,
biological science & medical engineering,biological science and medical engineering,,0.9969929456710815,
"electrical, electronic, and information engineering","electrical, electronic and information engineering",,0.9961937069892883,
sensu broad expertise,graduate broad sense,,0.7959374189376831,
new technologies,new technology,,0.9662579298019409,
intervention,intervención social,,0.6958441734313965,
donát bánki mechanical and safety engineering,kandó kálmán electrical engineering,,0.7711256742477417,
andean human rights program,human rights department,,0.7119965553283691,
vladimir andrunachievici mathematics and computer science,computer science and mathematics,,0.7239171266555786,
nhmrc clinical trials centre,centre for clinical research,,0.8152198791503906,
marine technology,marine technologies,,0.98164302110672,
philosophy and history of ideas,philosophy and history,,0.9452598690986633,
rowett nutrition and health,human nutrition & dietetics,,0.7343786358833313,
measurement technology,measurement science and technology,,0.9249045848846436,
new chimbote,chanchamayo,,0.6892455816268921,
neurosugery,neuro,,0.9320662021636963,
cardiology and cardiac surgery,cardiology and cardiovascular surgery,,0.9824991226196289,
tomsk national research medical center,n.i. pirogov national medical and surgical center,smolensk state medical academy,0.7701305150985718,0.7224120497703552
information technology & engineering,information technology and engineering,,0.9970908164978027,
information science studies,information science,,0.956514298915863,
environmental oceanography,oceanography,,0.9350164532661438,
vmware inc,microsoft corp,,0.7212406992912292,
nordic languages,nordic studies and linguistics,,0.85496985912323,
chemistry of natural compounds,natural products chemistry,,0.9286770224571228,
criminal justice and criminology,criminal justice & criminology,,0.9967382550239563,
liberal arts and management,management and humanities,,0.8961507081985474,
biology deparment,biology departement,,0.9156333208084106,
j. mike walker '66 mechanical engineering,walker mechanical engineering,,0.6865041255950928,
quality lab,quality laboratory,,0.9821918606758118,
"earth, atmospheric and environmental sciences",earth and environment sciences,,0.9516963958740234,
data and systems engineering,information and systems engineering,,0.92850661277771,
prayer,religious,,0.6541444659233093,
"science, mathematics and informatics","science, mathematics",,0.9253205060958862,
instructional psychology & technology,instructional psychology and technology,,0.99720698595047,
departmental secretary of education,secretary of education,,0.9507203698158264,
fellowship,social relations,,0.7742908000946045,
forensic and neurodevelopmental sciences,forensic and neurodevelopmental science,,0.9903271198272705,
environmental science and natural resources,natural resources and environmental science,,0.9882897138595581,
aeronautic science and engineering,aeronautics science and engineering,,0.9980686902999878,
metropolitan file,municipal file,,0.7791510820388794,
cies-iscte,iscte,,0.8533033728599548,
designlab,design lab,,0.9275527596473694,
museums,museology,,0.9387098550796509,
physics and electronic engineering,physics and electronics engineering,,0.9871209263801575,
economics and social sciences,economics & social sciences,,0.9963586330413818,
biomedical imaging and radiological sciences,biomedical imaging and radiological science,,0.9939848184585571,
chemistry - biochemistry,"chemistry, biochemistry",,0.9904748201370239,
medical radiation science,medical radiation sciences,,0.9841690063476562,
royal melbourne technology,melbourne technology,,0.8024138808250427,
electromechanical engineering school,electronic engineering school,,0.9644065499305725,
biological psychology and health,biological and health psychology,,0.9877521991729736,
comparative studies,combined studies,,0.8225523829460144,
syngenta jealott's hill international research centre,syngenta,,0.6438137292861938,
markey cancer center,cancer center,,0.7859994173049927,
police officer,police,,0.9053232669830322,
developmental neurosciences,developmental neurobiology,,0.9417959451675415,
operation and economics of transport and communications,transport systems,,0.7669408321380615,
"graphic expression, design and projects",art and design,,0.8838403224945068,
art&design,art & design,,0.9840312600135803,
computer & communication engineering,computer and communication engineering,,0.9965751767158508,
graduate information security,information security,,0.8265584707260132,
nurse department,nursing department,,0.9405557513237,
shalya tantra,shalakya tantra,,0.9455195665359497,
isv,ibv,,0.8567864894866943,
"education sciences, human and technologies","education, science and technology",,0.9556325674057007,
multimedia arts,media arts,,0.9338926672935486,
centre for west asian studies,centre for east asian studies,,0.8650957345962524,
religion department,religious studies department,,0.8695138692855835,
national heart & lung institute,national heart and lung institute,,0.9967849254608154,
immunology and infectious diseases,immunology & infectious diseases,,0.9974632263183594,
procter and gamble,procter & gamble,,0.9907746315002441,
ministry of environment,ministry of environment and natural resources,,0.9499626159667969,
agricultural chemicals,agricultural chemistry,,0.8684234023094177,
computer faculty,computing faculty,,0.937929630279541,
community medicine and family medicine,community medicine & family medicine,,0.9966868758201599,
center for theology and religious studies,centre for theology and religious studies,,0.9783652424812317,
computer sciene,computer scienece,,0.980735182762146,
sharda business studies,business studies,,0.8097385764122009,
strategic studies,strategic and regional studies,,0.9236215949058533,
gastrointestinal surgery department,gastroenterology department,faculty 'of medicine and surgery,0.9143955707550049,0.7596294283866882
animal department,animal husbandry department,,0.9266669154167175,
school on northern border,northern border school,,0.9661789536476135,
ikmz,igp,,0.7679154276847839,
chemical engineering dept,chemical engineering dept.,,0.9647204875946045,
electronics and communication enginering,electronics and communication enginnering,,0.9842581152915955,
national polytechnic lorraine,national polytechnic toulouse,polytech grenoble,0.8431301116943359,0.6772875785827637
scientific researcher,scientific research,,0.939419150352478,
pohang accelerator laboratory,ai research lab,,0.6831083297729492,
international school medicine of future,international medical school,,0.839277982711792,
construction engineering organization,engineering organization,,0.9114102125167847,
children's hospital of los angeles,children's hospital los angeles,,0.9911410212516785,
life sciences division,division of life sciences,,0.9697023630142212,
brazilian sign language,dasa brazil,brazilian institute graduate and extension,0.7245756387710571,0.632607638835907
unasam,senamhi,,0.7738057374954224,
energy and safety engineering,energy environment and safety engineering,,0.9734930396080017,
optometry and visual sciences,optometry and visual science,,0.9825451970100403,
amt,imt,,0.9013592004776001,
nordic studies and linguistics,nordic asian studies,,0.8619111180305481,
zhejiang provincial people's hospital,jiangxi provincial people's hospital,,0.963917076587677,
uirsmit,ieem,,0.7972870469093323,
translation studies,translation and translation studies,,0.9728668928146362,
shahid beheshti,kharazmi,,0.8259109258651733,
bridges and tunnels,bridges,,0.8022242188453674,
teaching language and literature,teaching of language and literature,,0.9948294162750244,
unilever r&d colworth,unilever,,0.8719115257263184,
conflict resolution & management,conflict resolution,,0.9071802496910095,
family health center,family health support center,,0.9336004257202148,
comparative religion,comparative religions,,0.9761634469032288,
electronic systems and information processing,information systems,,0.9327958822250366,
electronic and electrical,electrical and electronic,,0.9910261034965515,
additional professional education,professional and continuing education,,0.9385550022125244,
x-ray department,x-ray science division,,0.8849289417266846,
program implementation,implementation,,0.8776534795761108,
laboratory of molecular microbiology,laboratory for molecular microbiology,,0.9921556115150452,
computing and information system,computing and information systems,,0.9810143709182739,
attorney general&#39;s office,attorney general's office,,0.9049148559570312,
council,city council,,0.8833271265029907,
faculty i,faculty iv,,0.9318453073501587,
dusp,isd,lthe,0.784630298614502,0.7307009100914001
centre for management in agriculture,agribusiness management,,0.74068284034729,
higher education institute,higher education institution,,0.9650132656097412,
arts and media studies,art and media studies,,0.975921630859375,
central hospital of social security institute,national hospital,,0.7537380456924438,
conservative department,conservative,,0.8101702928543091,
state key laboratory of advanced design and manufacturing for vehicle body,state key laboratory of automotive simulation and control,,0.8694769144058228,
international studies program,graduate international studies,,0.8759158253669739,
microbiology and infectious diseases,microbiology & infectious diseases,,0.9972999095916748,
vegetables,vegetable,,0.9469465017318726,
education arts and sciences,arts and sciences education,,0.9633082747459412,
"philosophy, education and psychology","philosophy, pedagogy and psychology","philosophy, sociology, education and applied psychology",0.9804201126098633,0.9498566389083862
12th,grade 12,,0.8277162313461304,
hausdorff center for mathematics,center for mathematical sciences,"rwth aachen mathematics, computer science and natural sciences",0.7972478866577148,0.7178603410720825
ircelyon,lce,,0.7503958344459534,
behavioral science research institute,behavioral science,,0.8325632810592651,
technical / vocational course,vocational technical education,,0.9301978349685669,
interacting minds centre,culture and society - interacting minds centre,,0.830470860004425,
uan,iau,,0.8528656959533691,
process r&d,process research & development,,0.9077287912368774,
defence science and technology,defense science,,0.9218062162399292,
siemens germany,nec germany,french and german,0.9124571084976196,0.7455676794052124
laboratory center,clinical laboratory center,,0.905029296875,
telecommunication engineer,telecommunication engineering,,0.8986896872520447,
media and journalism,media & journalism,,0.9948728680610657,
ung,un,,0.8365488052368164,
structural genomics consortium,genomics platform,centre for genome research,0.7655909061431885,0.6049929857254028
feng,faeng,,0.8894737958908081,
child neuropsychiatry,child psychology,,0.894908607006073,
basic psychological processes and development,basic psychological processes,,0.9475843906402588,
gloucestershire hospitals nhs foundation trust,lancashire teaching hospitals nhs foundation trust,,0.8375207185745239,
assessoria parlamentar,assessoria,,0.6820822954177856,
engineering management & systems engineering,engineering management and systems engineering,engineering-economic systems,0.9972324371337891,0.8344415426254272
dental technician,dentist,,0.8883136510848999,
ipae,aip,,0.8270792961120605,
foncodes,cnc,,0.7100231647491455,
culture e civiltà,culture e società,,0.934762716293335,
wildland resources,wildlife resources,,0.9693949222564697,
food hygiene and environmental health,environmental hygiene,,0.838140606880188,
medicine-nephrology,medicine/nephrology,,0.9864248037338257,
indonesian department,indonesian,,0.8418450355529785,
corteva agriscience,agricultural science,,0.7649114727973938,
"philology, journalism and intercultural communication","philology, journalism and cross-cultural communication",,0.9929645657539368,
cbqf,itqb,,0.8615193367004395,
water resource development and management,water resources development and management,,0.9957464933395386,
hematology lab,hematology laboratory,,0.9785102009773254,
homoeopathic pharmacy,pharmaceutic,,0.8407878279685974,
national graduate chemistry of rennes,national chemistry,,0.828794538974762,
earth sciences & engineering,earth sciences and engineering,,0.9974365234375,
occupational health unit,occupational health service,,0.8796135187149048,
pulmonary and critical care medicine,pulmonary & critical care medicine,,0.9982340335845947,
center of biotechnology,centre of biotechnology,,0.979239821434021,
hebrew bible,hebrew literature,,0.8187754154205322,
physical education and sport science,physical education & sport science,,0.997577428817749,
departamento de ingenieria civil y ambiental,departamento de ingeniería civil y ambiental,,0.9936411380767822,
ufr sciences exactes et naturelles,sciences naturelles,,0.8955411314964294,
experimental medical research,experimental medical science,,0.9597792625427246,
cancer genomics,cancer genetics and genomics,,0.9716280102729797,
ia,iaas,,0.8900970220565796,
environment and natural resources,environment & natural resources,,0.9972131252288818,
molecular plus,molecular,,0.8451678156852722,
subdirección general,direccion general,,0.9239853620529175,
earthquake forecasting china earthquake administration,"earthquake forecasting, china earthquake administration",,0.9811207056045532,
pharmacist,pharmacy,,0.9269315600395203,
disruption and societal change center tudisc,political and cultural change,,0.6658636331558228,
language & literacy education,language and literacy education,,0.9970912933349609,
podiatric medicine and surgery,podiatric surgery,,0.9301882982254028,
national advanced driving simulator,center for advanced vehicular systems,,0.7140188217163086,
applied bioengineering,bioengineering,,0.9421951770782471,
hamamatsu ika daigaku,chiba daigaku,,0.9390601515769958,
center for advanced computer studies,center for computing research,,0.9094841480255127,
ibm global business consulting services,global business services,,0.8007374405860901,
conservation services,preservation services,,0.878001868724823,
trauma and orthopaedic,trauma and orthopaedics,,0.9930471181869507,
clinical research program,clinical research,,0.9197138547897339,
vollum institute,institute,,0.7563717365264893,
organismal biology and ecology,biology and ecology,,0.9505029916763306,
business & management,business and management,,0.9959098100662231,
long medicine,of medicine,,0.7414833903312683,
centre for science and technology studies cwts,centre for science and technology studies,,0.8953782320022583,
micro and nanofabrication,microfabrication,,0.9369829893112183,
management and logistics,logistics and operations management,,0.9456844329833984,
ihs,fih,,0.915341854095459,
dermatologic surgery,dermatology and cutaneous surgery,,0.9434338808059692,
general and analytical chemistry,general and inorganic chemistry,,0.9633499383926392,
ijclab,ijpb,,0.7278938293457031,
aese business school,iscte business school,,0.9358097314834595,
chemistry-ångström,chemistry - ångström,,0.9691704511642456,
musik,musical arts,,0.8921903371810913,
fruit tree and tea science,plant science,,0.7251932621002197,
nasa langley research center,langley research center,,0.8628478050231934,
civil enineering,civil enggineering,,0.9352306723594666,
"computing, engineering and mathematics","computing, mathematics and engineering",,0.9985683560371399,
elderly health,health and aging,,0.8888250589370728,
thermal process engineering,thermal engineering,,0.9397587776184082,
journalism and media studies centre,journalism and media studies,,0.8585566282272339,
shenzhen audencia financial technology institute,shenzhen institutes of advanced technology,,0.8078601360321045,
chemical technology faculty,chemical faculty,,0.9451022744178772,
toxicology department,pharmacology and toxicology department,,0.906779944896698,
mechanical and electric engineering,mechanical and electrical engineering,,0.9852137565612793,
information management and finance,information and finance management,,0.9918950796127319,
western geographic science center,western ecological research center,,0.866432249546051,
icmab-csic,icm,,0.8337849378585815,
child studies,child study,,0.9309841394424438,
bim,imbim,,0.8884298801422119,
education - pedagogy,education and pedagogy,,0.9884750247001648,
larhra,hla,lthe,0.7355121374130249,0.6492709517478943
neurointervention,neurophysiotherapy,,0.8808175325393677,
electronic systems engineering,electronic system engineering,,0.9936677813529968,
mathematics education,mathematical education,,0.9925400018692017,
travel and tourism management,tourism and travel management,,0.9778425693511963,
westerngeco,ut southwestern,,0.7134803533554077,
oil engineering,oil and gas engineering,,0.9487899541854858,
samsung r&d institute india - bangalore,indian science bangalore,birla technology,0.80152428150177,0.6001196503639221
core facility,core facilities,control systems centre,0.9604273438453674,0.6340596079826355
history department anthropology religions art show,history of anthropology religions art show,,0.9358335733413696,
aerospace engg,aerospace,,0.940254807472229,
susastra,brahma widya,,0.6998567581176758,
"division of hematology, internal medicine","internal medicine, division of hematology",,0.9868305921554565,
control and simulation center,simulation center,,0.8615147471427917,
departamento de biologia celular e molecular e bioagentes patogênicos,departamento de biologia celular e molecular,,0.9478893876075745,
national academy of physical education and sport,physical education and sport,,0.7193088531494141,
humanities department,humanities division,,0.8726292848587036,
biological sciences microbiology,biotechnology and microbiology,,0.9641882181167603,
molecular and structural biology,molecular structural biology,,0.978498101234436,
health analytics,healthcare analytics,,0.952659010887146,
pg physics,pg and research physics,,0.8697664737701416,
quantitative genetics,statistical genetics,,0.9027917385101318,
emergency and simulation medicine,simulation medical technologies,,0.8494323492050171,
postgraduate deanery,pro postgraduate deanery,,0.9466656446456909,
medical emergency,medical emergencies,,0.9560316801071167,
research medical and health sciences,health and medical science,,0.9392071962356567,
special physics,of physics,,0.8802158832550049,
institut gustave-roussy,institut gustave roussy,,0.9418016672134399,
imports,exports,,0.8392025232315063,
physics department enrico fermi,physics ettore pancini,dip. physics,0.8178272843360901,0.6758536100387573
technion israel technology ruth and bruce rappaport medicine,technion israel technology,,0.749113917350769,
genome institute,genomics institute,,0.9633885622024536,
ji hua laboratory,xianghu laboratory,,0.8915306329727173,
centre for forensic science,centre for forensic behavioural science,,0.8780404329299927,
johann heinrich von thünen institute,friedrich-meinecke institute,,0.8292060494422913,
organic chemisty,organic chemistry i,,0.9488478899002075,
laboratoire ville mobilité transport,laboratoire de mécanique et génie civil,institut des sciences du végétal,0.7560163736343384,0.644530177116394
centro de energia nuclear na agricultura,centro de engenharia nuclear,,0.8796956539154053,
center for excellence in molecular plant sciences,cas center for excellence in molecular plant sciences,,0.9851675629615784,
cellular & molecular medicine,cellular and molecular medicine,,0.9968259334564209,
graduate health management,graduate health science,,0.9156721234321594,
chemical and petroleum engineering department,chemical & petroleum engineering department,,0.9970986843109131,
ecological modelling,ecosystem modelling,,0.9329005479812622,
biometry and genetics,biology - genetics,,0.8763157725334167,
central ground water board,state board,,0.6674143075942993,
insat,imm,,0.818761944770813,
world vision,world vision international,,0.8693434000015259,
smp,mp,,0.9114806652069092,
agrarian economy,agrarian economics,,0.9632627964019775,
photonics institute,photonics department,,0.8067342638969421,
stem cell,stem cells,,0.9728947281837463,
daegu gyeongbuk science and technology,gwangju science and technology,,0.8895080089569092,
school science education,school science,,0.9733092784881592,
software and information science,computer science and information systems,,0.9211163520812988,
syari'ah and law,shari'ah and law,sharia &amp; islamic economics,0.9550947546958923,0.7230615019798279
tropical silviculture,tropical silviculture and forest ecology,,0.8324636220932007,
conservative dentistry and periodontology,conservative dentistry and endodontics,,0.9644074440002441,
oral and craniofacial sciences,oral and maxillofacial sciences,,0.9494249224662781,
agriculture and veterinary science,agriculture and veterinary sciences,,0.9934279322624207,
english for academic purposes,academic english,,0.930145800113678,
advanced biomedical sciences,advanced biomedical engineering and science,,0.9638534784317017,
physical chemistry laboratory,physical chemistry lab,,0.9890038967132568,
uc libraries,ut libraries,,0.9052044153213501,
mathematics and systems science,mathematics and system science,,0.9930020570755005,
graduate sport sciences,graduate sports science,,0.969390332698822,
toulouse biotechnology institute,paris-seine biology institute,,0.8237130641937256,
bachelor of science in criminology,bs criminology,,0.8485106229782104,
proppg,ppg,,0.8895041942596436,
economics studies,economic studies,,0.963193416595459,
terry fox laboratory,animal health laboratory,,0.6756288409233093,
gazi education,this education,,0.7879320383071899,
educative development,educational development,,0.9877761602401733,
cdtec,dtec,,0.892384946346283,
ministry of development,ministry,,0.809401273727417,
cucs,cucsh,,0.8684910535812378,
sustainability education,environmental education,,0.8807001113891602,
medical biochemistry and cell biology,medical biochemistry,,0.9421903491020203,
bioepar,biocore,,0.8250874280929565,
philosophy and social science,philosophy and social sciences,,0.9905695915222168,
"social sciences, economics",social sciences and economics,,0.9933679699897766,
national agricultural health service,national health institute,,0.7840371131896973,
educaction,seduca,,0.9100342988967896,
morbihan,nimh,,0.750546932220459,
colorado parks and wildlife,parks and recreation,,0.7367143630981445,
marketing and business,"marketing, business",,0.9924348592758179,
health and safety at work,safety and health at work,,0.9938852787017822,
uninove,un,,0.7533036470413208,
computation,computational methods,,0.9117119312286377,
instituto politécnico de viana do castelo escola superior de saúde,instituto politécnico de viana do castelo escola superior de educaçao,,0.9721922874450684,
interventional neuroradiology,diagnostic and interventional neuroradiology,,0.9444553256034851,
sciences fondamentales,ufr sciences fondamentales et appliquées,,0.8731714487075806,
intercultural bilingual education,bilingual education,,0.9343518018722534,
human communication science,human communication sciences,,0.970842719078064,
fiscal policy agency,finance department,,0.7162410020828247,
academic training,academic education,,0.9302228689193726,
nondestructive testing,non-destructive testing,,0.937287449836731,
foreign economic relations,international economic relations,,0.9453575611114502,
jawaharlal post graduate medical education,jawaharlal postgraduate medical education and research,jawaharlal post graduate medical education and research,0.9641165137290955,0.9680103659629822
"synthetic chemistry and biological chemistry, graduate engineering","chemistry and biotechnology, graduate engineering",,0.9299540519714355,
"arts, communication and education",arts & communication,,0.9293200969696045,
regulatory genomics,genome regulation,,0.888702392578125,
setor palotina,anhanguera pelotas,,0.755634069442749,
biomolecular health sciences,biological health sciences,,0.9319421648979187,
medical research unit,biomedical research unit,,0.9258486032485962,
administration and national security,national security,,0.8432141542434692,
radiology and medical informatics,medical informatics,,0.8804284334182739,
lmv,lsm,,0.8911425471305847,
international school for advanced studies,international higher advanced studies,,0.8415980339050293,
medical doctor,doctor in medicine,,0.9559288024902344,
clinic for small animals,medical clinic for small animals,,0.9512227773666382,
adana sample training and research hospital,haydarpaşa sample training and research hospital,,0.7425545454025269,
mechanical engineering and applied electronics technology,mechanical and electronic engineering,,0.9714354276657104,
engineering & construction,engineering and construction,,0.9967203736305237,
office of public health studies,public health administration,health and public affairs,0.8260120749473572,0.7330923080444336
medical immunology,"immunology, medicine",,0.9455915689468384,
advice,advisory,,0.909389078617096,
chuksanhakgwa,chiuihakgwa,,0.8898387551307678,
planning and management,planning management,,0.9754352569580078,
slavic studies,slavonic studies,,0.9688456058502197,
equitable education and economies,inclusive education,,0.7730513215065002,
central microbiology,clinical microbiology,,0.8576515913009644,
trade and finance,commerce and finance,,0.8818241357803345,
sustainable resources,sustainable resource management,,0.922871470451355,
distance studies,distance,,0.7405878305435181,
pancreatic cancer,cancer,,0.903393566608429,
concordia,clacso,,0.7067766189575195,
sense organs,sensory organs,,0.9491971135139465,
adolescent psychiatry,child & adolescent psychiatry,,0.9302952885627747,
division of infection and immunity,division of infection & immunity,,0.9954578876495361,
health biotechnology division,health biotechnology,,0.8627734780311584,
general and vascular surgery,"general, visceral and vascular surgery",,0.9663827419281006,
retraining,training,,0.8862249255180359,
ntt japan,nec japan,,0.9582012891769409,
mrc centre for neuropsychiatric genetics and genomics,mrc centre for developmental neurobiology,,0.8992599844932556,
inventory and monitoring,inventory and monitoring division,,0.8873856663703918,
microelectronics science and technology,microelectronics science and engineering,,0.9876245260238647,
"physics, applied sciences","physics, sciences","maths, physics, chemistry",0.9636918306350708,0.8532005548477173
elementary education,elementary school education,,0.9896467328071594,
uiryuhakgwa,chiuihakgwa,,0.865998387336731,
iade superior de marketing e publicidade,gestão de marketing,,0.7358272075653076,
clinical medicine & surgery,clinical medicine and surgery,,0.9973835349082947,
post harvest management,postharvest management,,0.9636017680168152,
postgraduate program in engineering,postgraduate engineering,,0.9703367352485657,
e&tc,e&c,,0.9020941257476807,
defence science and technology laboratory,centre for defence chemistry,,0.8284071087837219,
medical coordination,medical direction,,0.8974506258964539,
policy and management,policy management,,0.9638330340385437,
administration and economics,administration and economic,,0.9793832302093506,
medicines,medicin,,0.9490663409233093,
escola superior de enfermagem da cruz vermelha portuguesa de oliveira de azeméis,escola superior de saúde da cruz vermelha portuguesa,escola superior de enfermagem de vila real,0.899726390838623,0.8707846403121948
clothing and textiles,clothing & textiles,,0.9946695566177368,
english and american studies,english & american studies,,0.988920271396637,
innovation labs,innovation lab,,0.9435936212539673,
automated electric drive,electric drive,,0.879643440246582,
cultural heritage studies,heritage studies,,0.8965489864349365,
norwegian marine research,norwegian water research,,0.910097062587738,
pharmacy practice,pharmacy practise,,0.9818498492240906,
machine building technology,machine building,,0.9151655435562134,
architecture may 5,architecture,,0.849653422832489,
drug research,drug discovery research,,0.9353123903274536,
escuela de ingenieria industrial,escuela profesional de ingeniería industrial,,0.979641318321228,
school integration program,educational program,,0.7439126968383789,
human resource and administration,human resources and administration,public and business administration,0.9793699979782104,0.7301598787307739
computer,computer and it,,0.9475106596946716,
pharmacy practice department,pharmacy department,,0.9411917924880981,
"shanghai optics and fine mechanics, chinese academy of sciences",shanghai optics and fine mechanics chinese academy of sciences,,0.9952830672264099,
water resources research institute,water research institute,marine sciences research center,0.9686625003814697,0.709179162979126
"social sciences, history",social sciences and history,,0.9942989349365234,
coppead graduate business,graduate business management,,0.7868061661720276,
life science informatics,life science & bioinformatics,,0.9347158670425415,
obstetrics/gynecology,obstetrics-gynecology,,0.9959067106246948,
spears business,business,,0.8541979789733887,
network science institute,information networking institute,,0.8522305488586426,
critical care and emergency,emergency and critical care,,0.9853212833404541,
clinical psychology and neuropsychology,psychology and neuropsychology,,0.9733996987342834,
clinical cardiac electrophysiology,cardiac electrophysiology,,0.9483587741851807,
anchash,inaf,,0.7164991497993469,
continuum mechanics and structural analysis,continuum mechanics and theory of structures,,0.8775008320808411,
division of human genetics,division of genetics,,0.9585208892822266,
mathematics,mathematics.,,0.9936718940734863,
sound school,music school,,0.8295674324035645,
agriculture and food,agriculture & food,,0.9967936277389526,
global health program,international health program,population and international health,0.9402955770492554,0.7876634001731873
biological and medical imaging,biomedical imaging,,0.9694145917892456,
materials science & technology division,materials science and technology division,,0.9974719285964966,
physiotherapy and rehabilitation department,physiotherapy department,,0.9435863494873047,
advanced materials thrust,advanced materials,,0.8900052905082703,
polish-japanese academy of information technology,"computer science, polish academy of sciences",,0.7788848876953125,
science and communication arts,education and communication sciences,,0.8763157725334167,
instituto federal do sul de minas,instituto federal do sudeste de minas gerais,brazilian institute graduate and extension,0.9078455567359924,0.6860400438308716
information science & library management,information science and library management,,0.9962975978851318,
"section of endocrinology, diabetes and metabolism","endocrinology, diabetes, and metabolism",,0.9611176252365112,
center for teaching excellence,centre for teaching excellence,,0.9826574921607971,
physiological diversity,physiology i,,0.7782077193260193,
harbin technology - weihai,harbin technology weihai,,0.990088701248169,
directorate of research and development,"directorate of research, development and innovation",,0.9671698808670044,
study center of culture and communication,center for cultural studies,,0.8964167833328247,
engineering and innovation,innovation engineering,,0.9738118648529053,
health and human ecology,health and environment,,0.8826882839202881,
information and communication science,communication and information science,,0.9836426973342896,
communication and press,communication and publicity,,0.9390780925750732,
housing and urban research,urban research,,0.8349298238754272,
hafl,asl,,0.7583290338516235,
physiology and biophysics department,physiological sciences department,,0.9547641277313232,
escola superior de educação e ciências sociais,escola superior de educação e comunicação,,0.921231746673584,
royal military canada,canadian armed forces,,0.8791168332099915,
city development,urban development,,0.9347386360168457,
special surgery,surgery,,0.9394711256027222,
electronics and computer science,electronics & computer science,,0.9971536993980408,
engineering systems,engineering and systems,,0.9778889417648315,
dexa,dex,,0.7197443246841431,
geo-ocean,ocean,,0.9294559955596924,
computer science & electrical engineering,computer science and electrical engineering,,0.9960222244262695,
crustal dynamics,structural dynamics,,0.7974225282669067,
oei,iei,,0.8234853148460388,
athletic training and clinical nutrition,sports medicine and nutrition,,0.8913834691047668,
illawarra health and medical research institute,health research institute,,0.8285138010978699,
entrepreneurship studies,entrepreneurial studies,,0.980505645275116,
depth psychology,psychological research,human development and applied psychology,0.8542375564575195,0.775535523891449
physical therapy and rehabilitation science,physical therapy & rehabilitation science,,0.9969172477722168,
all india medical sciences bhopal,all india medical sciences bhubaneswar,vijayanagar medical sciences,0.9125767350196838,0.7393407821655273
"escuela técnica superior de ingeniería de montes, forestal y del medio natural",escuela técnica superior de ingeniería agronómica y del medio natural,escuela técnica superior de ingenieros aeronáuticos,0.9342415928840637,0.8510600328445435
cermes3,m3,,0.7925511598587036,
bioethics department,bioethics,,0.887786865234375,
national centre for biological sciences,s n bose national centre for basic sciences,,0.894105076789856,
oriental medicine,traditional medicine,,0.8649297952651978,
theoretical & applied linguistics,theoretical and applied linguistics,research centre for english and applied linguistics,0.9961205124855042,0.7492020130157471
journalism and democracy,media and journalism,,0.8073021173477173,
geogrpahy,geolgy,,0.858726978302002,
fresenius medical care colombia,hospital internacional de colombia,,0.8317030668258667,
marine and coastal systems,ocean systems,,0.8877883553504944,
physical science & technology,physical science and technology,,0.9973163604736328,
school governance and operations division,school administration and supervision,,0.7803004384040833,
board of education of state of ceará,secretariat of education of state of ceará,,0.8824441432952881,
strategy and international business,strategy & international business,,0.9964083433151245,
physics and earth science,physics and earth sciences,,0.9931457042694092,
biologia molecular e celular,biologia celular e molecular,,0.9927078485488892,
jagiellonian library,jagiellonian centre for experimental therapeutics,,0.7291350364685059,
clinical science,clinical sciences,,0.9586442112922668,
i-sense group,ai team,,0.6852198839187622,
microbiology and microbial biotechnology,microbiology and biotechnology,,0.9775649309158325,
informatics & telecommunications,informatics and telecommunications,,0.9962707757949829,
mechanichal engineering,mechanic engineering,,0.9809732437133789,
pg & research commerce,pg and research commerce,,0.990730881690979,
gynecological oncology,gynecologic oncology,,0.998130202293396,
lawyer,litigating lawyer,,0.9218075275421143,
biblical languages,biblical studies,,0.8262185454368591,
electronics engineering sense,electronics engineering,industrial electronics engineering,0.8723810911178589,0.8141182065010071
automation of technological processes,automation of technological processes and production,,0.9758145213127136,
a sustainable environment,environmental sustainability,,0.9545139074325562,
biological and veterinary sciences,biology and animal science,,0.911641001701355,
leibniz crystal growth,leibniz polymer research,crystal growth,0.7358147501945496,0.72099769115448
financial and management engineering,industrial and management engineering,,0.8178451061248779,
"inorganic chemistry, crystallography and mineralogy",crystallography and mineralogy,,0.9062224626541138,
road transport management,transportation management,,0.8655019998550415,
infk,inf,,0.8467257022857666,
chitkara health sciences,kalinga medical sciences,vijayanagar medical sciences,0.8788666725158691,0.7887260317802429
planning commission,planning board,,0.8083833456039429,
energy and propulsion,energy and fuel,,0.9330525398254395,
health sciences center - ccs,health sciences center ccs,,0.9906615018844604,
singapore-with alliance,singapore-mit alliance for research and technology,,0.7652415037155151,
microbiology and molecular biology,microbiology & molecular biology,,0.9961830973625183,
management research,management studies and research,,0.9409959316253662,
jalisco education secretariat,jalisco school,,0.8117217421531677,
coastal and marine management,coastal and marine resources management,,0.9642247557640076,
chemistry and physical sciences,chemical and physical sciences,,0.9771231412887573,
agriculture and food science,agriculture & food science,,0.9977324604988098,
wetland campus,campus aquidauana,,0.8122105598449707,
creative arts and industries,arts and creative industries,,0.9776846170425415,
machine building technology,machine building,,0.9151655435562134,
merc,mechancial,,0.7699027061462402,
metallurgical and mining engineering,mining and metallurgical engineering,,0.9839560389518738,
town council,city council,,0.8152686357498169,
molecular medicine and medical biotechnology,molecular medicine and biotechnology,,0.9924474954605103,
government of state of paraná,public ministry of state of paraná,,0.8995348811149597,
imt atlantic brittany - pays de la loire,cnrs delegation for brittany and pays de la loire region,,0.8296478986740112,
fertility center,fertility clinic,,0.903270959854126,
national psychology,sociology and psychology,,0.8294265270233154,
centre for health policy,centre for public health,,0.9158530235290527,
classroom education,classroom teaching,,0.9367696046829224,
creative multimedia,creative media,,0.9144254326820374,
computer sc. & engineering,computer science& engineering,,0.9514598846435547,
automobile transport,automobile,,0.9414030313491821,
english language education department,english education department,,0.9784225225448608,
environment department,environmental department,,0.9784603118896484,
production animal medicine,veterinary diagnostic and production animal medicine,,0.9179657697677612,
child and adolescent mental health services,child and adolescent mental health service,,0.9935582876205444,
ccs-7: applied computer science,applied computer science,,0.8027118444442749,
vicerrectoría of connectedness,i vicerrectorado,,0.7103561162948608,
maternal-child nursing department,maternal and child nursing and psychiatric department,,0.9267373085021973,
isi foundation - scientific exchange,basic and applied science,,0.7517498135566711,
royal surgeons of edinburgh,royal physicians of edinburgh,,0.9094300270080566,
european space research and technology centre,european space agency,,0.8575817942619324,
tutoring,tutoring ead,,0.9748799204826355,
distance learning,education and distance learning,,0.9356589913368225,
barcelona economics,barcelona graduate economics,,0.8220744132995605,
coreme,coremu,,0.801256537437439,
entc,cce,,0.8365128636360168,
pg computer science,computer science pg,,0.9577797055244446,
wbk production science,manufacturing science,,0.785885214805603,
"health sciences, physiotherapy and rehabilitation",health sciences physiotherapy and rehabilitation,,0.975448727607727,
maya agricultural studies,mezcalapa school agricultural studies,,0.7122347950935364,
mimuw,mim,,0.843704104423523,
propaedeutics of childhood diseases,propaedeutics of children's diseases,,0.9825930595397949,
complementary and integrative medicine,complementary medicine,,0.9455673694610596,
polymer science and polymer engineering,polymer science and engineering,,0.9584287405014038,
business operations,commercial operations,,0.9027049541473389,
sciences and education,education and sciences,,0.9818354249000549,
pharmaceutical health services research,pharmaceutical research,,0.9206258058547974,
texas instruments,texas instruments inc,,0.921371340751648,
"sport, exercise & rehabilitation","sport, exercise and rehabilitation",,0.9967960119247437,
anesthesia technology,anesthesia techniques,,0.9196740388870239,
economic modelling,mathematical economics,,0.8197996020317078,
image and sound,sound and image,,0.9856904149055481,
counseling & special education,counseling and special education,counseling and personnel services,0.9971210360527039,0.7810506820678711
instituto nacional de educación superior dr. raúl peña,,,,
başakşehir çam and sakura city hospital,istanbul basaksehir pine and sakura city hospital,ted ankara koleji,0.8358280062675476,0.6084443926811218
bit,ib,,0.7905693650245667,
english for engineering,english for engineering №1,,0.8529537916183472,
nursing school,nursing of school,,0.9555557370185852,
social sciences and business studies,social sciences and business,,0.9581508636474609,
trunk,cass,,0.646090567111969,
surveying and geomatics engineering,surveying and geospatial engineering,,0.9537863731384277,
ccu,cmu,,0.8813185691833496,
ecology and global change,global ecology,,0.9030758142471313,
portuguese sea and atmosphere institute,portuguese sea and atmosphere,,0.7943545579910278,
stomatologiya,stomatology,,0.9118494391441345,
national public works of state,national state public works,,0.9780553579330444,
neuropsychology department,neuropsychiatry department,,0.9625109434127808,
oceanography and space informatics,space and earth information science,,0.8486927151679993,
icteam/ingi,icm,,0.7629297971725464,
faema,fablab,,0.8485303521156311,
endocrinology division,division of endocrinology,,0.9767537117004395,
accountability,accounting and control,,0.7487560510635376,
drinking water,water supply,,0.7770359516143799,
foreign languages institute,foreign language institute,,0.9837521314620972,
advice,advisory,,0.909389078617096,
surgery №1,surgery #1,,0.9547111392021179,
public relations,public relations and publicity,,0.9557961225509644,
sport sciences and health,sport science and health,,0.9808054566383362,
theoretical and computational chemistry,theoretical chemistry,,0.9639887809753418,
history and politics,history & politics,,0.9957219362258911,
ited,itt,,0.8311659693717957,
foundation for fight against neurological diseases of childhood,child neurology,,0.6881177425384521,
international clinical research center,centre for health research,,0.8541008234024048,
hydrodynamic systems,mechanics,,0.8520849347114563,
wildlife and fisheries science,wildlife and fisheries sciences,,0.9892586469650269,
computer and engineering,computer engineering,,0.9694746732711792,
education and human sciences,human sciences and education,,0.9894947409629822,
future energy convergence,future convergence engineering,,0.8231521844863892,
bcp,dcp,m.p.c,0.8565505743026733,0.7713837623596191
tutoring center,teaching center,instructional systems,0.8962150812149048,0.7301709651947021
government of state of amapá,government of state of paraná,,0.8763260245323181,
integrated health sciences,integrated biomedical sciences,,0.9324870109558105,
attorney general of justice,attorney general,,0.8883429765701294,
development planning unit,planning unit,,0.9421796798706055,
industrial and management engineering,industrial & management engineering,,0.9975320100784302,
css/ngp/ngtoc,css,gslis,0.7349981069564819,0.6256285905838013
icade,esade,,0.6727741956710815,
bioisi,fisiologia,,0.779443085193634,
health & society,health and society,,0.9942723512649536,
fermi national accelerator laboratory,slac national accelerator laboratory,,0.8159352540969849,
ucin,ucn,,0.8533082008361816,
community and environmental health,public and environmental health,,0.9208451509475708,
academic communications,professional communication sciences,,0.822960376739502,
mayo medical school,mayo clinic graduate biomedical sciences,,0.8242437243461609,
modern irish,early irish,,0.823625385761261,
life course and medical sciences,life and medical sciences,,0.8947365283966064,
center of biotechnogy of borj cédria,département des sciences biologiques,,0.708081066608429,
water and agricultural resource management,land and water management,,0.8926870822906494,
huawei technologies china,huawei technologies co ltd,,0.9558867812156677,
cultural foundations of education,foundations of education,,0.8977243304252625,
oslo business school,business school,,0.8015277981758118,
internal medicine - infectious diseases,internal medicine / infectious diseases,,0.993647038936615,
life of sciences,sciences of life,,0.9464966058731079,
biomedicine course,medicine course,,0.9107634425163269,
age agroéchologia,agroparistech-engref,,0.7705502510070801,
medical practice,practice of medicine,,0.9474146366119385,
forest soils and biogeochemistry,forest ecology,,0.8745623230934143,
infectious department,infectious disease department,,0.9569318294525146,
electrical and computer science,electrical and computer sciences,,0.989422619342804,
hie,iee,,0.9184061884880066,
"agronomy, food, natural resources, animals and environment","agronomy, animals, food, natural resources and environment",,0.995364785194397,
unaerp,unp,,0.8562154769897461,
clean combustion research center,engineering research center,,0.7460842728614807,
national health mission,global public health,,0.815531849861145,
himalayan medical sciences,vijayanagar medical sciences,,0.8276760578155518,
welfare and sustainable development,development and sustainability,,0.816328763961792,
faculty for chemistry and pharmacy,faculty chemistry,,0.8835926055908203,
precision mechanics,precision mechanical engineering,,0.9128918051719666,
foundry,foundry institute,,0.7889063358306885,
licensed,license,,0.9118831753730774,
hydrology and water resources management,hydrology and water management,,0.9850971698760986,
experimental oncology department,experimental oncology,,0.9132048487663269,
nuclear and allied sciences,nuclear sciences and applications,,0.9417932629585266,
division of infectious disease,division of infectious diseases,,0.9846293926239014,
production operations,production and operations,,0.9582816958427429,
geological engineering department,geomatics engineering department,,0.9371803998947144,
policing studies,"criminology, sociology and policing",,0.7891033887863159,
mnhn,immm,,0.9388508796691895,
"development, agriculture and society",development and society,,0.8800191879272461,
school food,school nutrition,,0.9203677177429199,
chemical and physical applied,physical and chemical,,0.9124826192855835,
social work & social administration,social work and social administration,,0.9959661364555359,
electronics and photonics research institute,nanoelectronics research institute,,0.8802351951599121,
radiation oncologist,radiation oncology,,0.9498893618583679,
energy economics group,energy economics,,0.8341981172561646,
electric power,electric power supply,,0.9679412841796875,
"engineering, applied physics","applied physics, engineering",,0.9770440459251404,
sigma educational center,educational sciences center,,0.7651215195655823,
electronic information and artificial intelligence,information and artificial intelligence,,0.9432870149612427,
information management systems,information system management,,0.9604746699333191,
"anatomy, cell biology and zoology","anatomy, physiology and cell biology",,0.9413803815841675,
knee surgery,joint surgery,,0.8960152268409729,
earth and space science and engineering,earth and space sciences,,0.9567165374755859,
electrical engineering - power systems,electrical power engineering,thermal and power engineering,0.9636003375053406,0.8653649091720581
northern holy spirit center,and polar climate center,,0.6267444491386414,
engineering geodesy,geodesy engineering,,0.9602698683738708,
camillo filho institute,carlos chagas filho biophysics institute,instituto cenecista de ensino superior de santo ângelo,0.793719470500946,0.6967802047729492
departamento de psicologia experimental,departamento de física experimental,,0.9086096286773682,
cardiothoracic and vascular surgery,cardiothoracic & vascular surgery,,0.9983158111572266,
physical treatment,treatment,,0.886329710483551,
greater manchester mental health nhs foundation trust,birmingham and solihull mental health nhs foundation trust,,0.8122577667236328,
public management and economics,public economics and management,public and business administration,0.9888153076171875,0.8218919634819031
ohs,uh,,0.8619089722633362,
chinese academy of fishery sciences,"yellow sea fisheries research institute, chinese academy of fishery sciences",graduate chinese academy of sciences,0.8765892386436462,0.80818772315979
third xiangya hospital,second xiangya hospital,,0.8858927488327026,
dark cosmology centre,cosmology,,0.6227576732635498,
agricultural economics and business studies,economics and business studies,,0.9120550155639648,
china aerodynamics research and development center,chinese academy of sciences aerospace information research institute,,0.8386250734329224,
nanoenergy and nanosystems chinese academy of sciences,"beijing nanoenergy and nanosystems, chinese academy of sciences",graduate chinese academy of sciences,0.9535877108573914,0.8084977269172668
national posts and telecommunications,telecommunications and networks,,0.7835655808448792,
anatomical pathology,anatomy pathology,,0.9725073575973511,
clinical research unit,clinical trials research unit,,0.9497899413108826,
agriculture and biology,agricultural biology,,0.9748421907424927,
baptist health south florida,mayo clinic florida,,0.7203425168991089,
cross-cultural and regional studies,intercultural studies,,0.8921366930007935,
hausdorff center for mathematics,center for mathematical sciences,"rwth aachen mathematics, computer science and natural sciences",0.7972478866577148,0.7178603410720825
center of innovation and technological development in computing,computer science and technological innovation,,0.8761677742004395,
"humanities, letters, cultural heritage, training sciences","humanistic studies. letters, cultural heritage, training sciences",,0.9592126607894897,
departamento de biodiversidad y biología experimental,departamento de bioingeniería,,0.9239419102668762,
agriculture and animal sciences,agricultural and animal sciences,,0.9882397651672363,
aerospace & mechanical engineering,aerospace and mechanical engineering,,0.997573733329773,
"classics, ancient history, archaeology and egyptology","archaeology, classics, and egyptology",,0.9449463486671448,
us geological survey western ecological research center,western ecological research center,,0.8335822820663452,
marketing ulms,marketing,,0.9175788164138794,
central salt and marine chemicals research institute csir,csir-central drug research institute medicinal and process chemistry division,central electronics engineering research institute csir,0.7905016541481018,0.7988188862800598
evidence generation,evidence,data processing technology,0.8878598213195801,0.6156938076019287
deaprtment of physics,physics depatment,,0.845085620880127,
science and humanities mathematics,"sciences, mathematics","maths, physics, chemistry",0.9587681293487549,0.8631237149238586
private tutor,tutoring,special faculty,0.782452404499054,0.6300147771835327
earth physics science and information,earth science and technology,,0.8845951557159424,
justice department,justice ministry,,0.8426370620727539,
mads clausen institute,maersk mc-kinney moller institute,,0.6957922577857971,
school counseling,counseling and school psychology,,0.8988713026046753,
division of cancer prevention,division of cancer prevention and control,cancer immunology and aids,0.9410700798034668,0.6835724115371704
graduate pure and applied sciences,graduate pure and applied science,,0.9833247065544128,
biomedical engineering,biomedial engineering,,0.9841017723083496,
v.v. popovskyy infocommunication engineering,v.m. glushkov cybernetics,,0.7807400226593018,
humanities research center,humanities research centre,,0.9841069579124451,
vaccine and infectious disease division,"division of infectious diseases, medicine",,0.8941837549209595,
computing and it,computing & it,,0.9957023859024048,
ancient history,ancient,,0.910346269607544,
basic legal disciplines and private law,basic legal disciplines,,0.8921264410018921,
ciss,iss,,0.8674306869506836,
venezuelan scientific research,venezuelan social security,,0.7278277277946472,
international economics and administrative sciences,economics and administrative sciences,,0.8985376358032227,
cired,gred,,0.8576873540878296,
subtropical agriculture chinese academy of sciences,chinese academy of tropical agricultural sciences,,0.9466158151626587,
pediatric unit,pediatric critical care unit,,0.9523327350616455,
dentistry department,dental department,,0.9650004506111145,
academic affairs office,office of academic affairs,,0.951244056224823,
galician,lequia,,0.6858236789703369,
"animal science, food and nutrition",food and animal science,,0.9683083295822144,
general josé maría córdova military cadet school,colombian army military academy general josé maría córdova,,0.9073385000228882,
physics and electronic science,physics and electronic sciences,,0.9838313460350037,
national veterinary research institute,"animal science, state research institute",,0.8173595070838928,
design programme,design and development,,0.8381704092025757,
medical biochemistry and microbiology imbim,medical biochemistry and microbiology,,0.9726360440254211,
institut interdisciplinaire de neurosciences,institut de neurosciences des systèmes,institut des sciences du végétal,0.9304717779159546,0.7581087350845337
general and ecological chemistry,general and inorganic chemistry,,0.9275572299957275,
national service for commercial apprenticeship - senac,serviço nacional de aprendizagem industrial - senai,,0.7212538123130798,
cold spring harbor laboratory watson biological sciences,cold spring harbor laboratory,,0.8864855766296387,
skin research singapore,singapore eye research institute,,0.76878821849823,
ecosystem health,ecosystem,,0.8854160904884338,
clinical sciences and community health,clinical sciences and community,,0.9561175107955933,
ganil,umr silva,,0.682098388671875,
cicterra,cidca,,0.7375426888465881,
information engineering - de,information engineering,,0.9494200944900513,
medicine - phoenix,phoenix children's hospital,cancer immunology and aids,0.7420470714569092,0.6468560695648193
cell biology unit,cell biology and biophysics unit,,0.9441567063331604,
management and sociology,business management and sociology,,0.9473465085029602,
computational mathematics and cybernetics,mathematics and cybernetics,,0.9606999754905701,
menzies centre for health policy,menzies health research,,0.8025557398796082,
central public health,public health,,0.8734188079833984,
bangladesh fisheries research institute,bangladesh agricultural research institute,,0.8533411026000977,
digital media and design arts,digital arts,,0.9399735927581787,
electrical engineering chinese academy of sciences,"electrical engineering, chinese academy of sciences",graduate chinese academy of sciences,0.9898847341537476,0.8314939737319946
"physics, mathematics and computer science","physics, mathematics, computer science",,0.996141791343689,
translational research institute,clinical and translational research institute,,0.9279742240905762,
management-marketing,marketing and management,,0.967596173286438,
electronics and informatics engineering education,electronics engineering education,,0.959968090057373,
physical education and exercise science,physical education & sport science,,0.9424861073493958,
diec,diei,dibe,0.7648218870162964,0.6829243302345276
islam,islamic,,0.9426801800727844,
institut of history,institute history,,0.9368380308151245,
mecahnical engineering,mechenical engineering,,0.9667528867721558,
civil and transport engineering,civil and transportation engineering,,0.9932883977890015,
icmcb,icb,,0.8909675478935242,
solar energy research institute seri,solar energy research institute,,0.9583615064620972,
modern irish,early irish,,0.823625385761261,
human molecular genetics,human and molecular genetics,,0.9807019829750061,
cell biophysics,cellular biophysics,,0.9653899669647217,
academic success,academic quality,,0.8517187833786011,
developmental therapeutics branch,developmental medicine,,0.8332827091217041,
des,desp,lthe,0.8854616284370422,0.7987861633300781
"leadership, management and marketing",management and marketing,,0.9072737097740173,
develop,it development,,0.8584926724433899,
neuroscience and rehabilitation,neurology and rehabilitation,,0.9508041143417358,
professional interdisciplinary biotechnology unit,biotechnology unit,,0.8556481599807739,
scbt,bsc,,0.863836944103241,
business foreign language and translation,business foreign languages,,0.9472799301147461,
colombo british school,english school,,0.7534657716751099,
physics and nuclear engineering,physics and nuclear energy engineering,,0.98943692445755,
industrial engineering and systems,industrial systems and engineering,,0.9946982860565186,
department physik,physik-department,,0.8839730024337769,
centro federal de educação tecnólogica de minas gerais - campus nova gameleira,centro federal de educação tecnólogica de minas gerais,,0.920041561126709,
leverhulme centre for future of intelligence,leverhulme research centre for forensic science,london research institute,0.7586408257484436,0.6377742290496826
core education,core curriculum,,0.9290509819984436,
"electronics, chinese academy of sciences",electronics chinese academy of sciences,,0.9849952459335327,
national superintendency of tax administration,national superintendency of customs and tax administration,,0.9322866201400757,
"media, language and communication",media and communication,,0.9399586915969849,
law faculty political and social sciences,law and political science faculty,,0.9301681518554688,
social management,"management, society and communication",,0.8331117630004883,
photonic technologies,photonic systems,,0.9309107661247253,
science de la matière,science des matériaux,,0.9212878942489624,
pedagogy and education sciences,pedagogy and educational sciences,,0.995374321937561,
management and labour studies,managerial studies,,0.8851457834243774,
dau - architecture and urbanism,fau - architecture and urbanism,,0.9185644388198853,
group it,group,,0.8325334787368774,
national mines of nancy,national mines,,0.740633487701416,
pharmaceutical and biomedical sciences,pharmaceutical & biomedical sciences,,0.9979347586631775,
water and environmental research center,water resources research center,,0.9545952677726746,
sociology and public policy,sociology and public policies,,0.9891708493232727,
unifeob,unoesc,,0.835678219795227,
türkiyat research institute,turkish world research institute,,0.8666548728942871,
smart systems,intelligent systems,,0.8789131045341492,
trust and safety,safety and security,,0.7782905101776123,
uib,aib,,0.9068078398704529,
geographical institute,geography institute,,0.9434847235679626,
national scientific computing laboratory,national nanotechnology laboratory,,0.8580545783042908,
center of interdisciplinary studies and research,center for interdisciplinary research,,0.9691683650016785,
philologist,philological,,0.8939173817634583,
thoracic medicine and surgery,thoracic surgery,,0.9466127157211304,
forest- and soil sciences,forest and soil sciences,,0.9898415207862854,
centre for health psychology,clinical and health psychology,,0.8470725417137146,
ghulam ishaq khan engineering sciences and technology,pakistan engineering and applied sciences,,0.7608743906021118,
metals research,metal research,,0.9033574461936951,
academy of fine arts and design,academy of art & design,,0.9719290137290955,
exercise physiology,fitness,,0.8875747323036194,
alergia,allergology,,0.8729919195175171,
mexican water technology,mexico national technology,,0.815975546836853,
royal navy,royal air force,,0.7585275173187256,
cultural anthropology/european ethnology,cultural anthropology and european ethnology,,0.9911620616912842,
clinical sciences and translational medicine,clinical and translational sciences,,0.9593400359153748,
biotech,biotechnology,,0.962090253829956,
mechanical and vehicle,mechanical engineeing,,0.896835446357727,
mesoamerican studies,graduate studies mesoamericanos,,0.8725801110267639,
deca - communication and art,communication and art,,0.889624297618866,
internal affairs,internal department,,0.792102038860321,
radiology and radiation medicine,radiology and radiotherapy,,0.9460359811782837,
department computer science,department of computer science,,0.9794832468032837,
western clinic,somer clinic,,0.7936525940895081,
pharmacy practice and pharmaceutical sciences,"pharmacy, pharmaceutical sciences",,0.9715991020202637,
graduate program in environmental law,graduate program in environmental management,,0.8904279470443726,
fih,ihs,,0.915341854095459,
garden plants,section of garden plants,,0.945368230342865,
biomedical engineer,biomedical engineering,,0.9308987855911255,
data science & artificial intelligence,data science and artificial intelligence,cognitive and computing sciences,0.9963514804840088,0.7604255676269531
comparative media studies,comparative media studies/writing,,0.915787935256958,
departamento de estruturas e construção civil,departamento de engenharia estrutural e construção civil,,0.9732828736305237,
namangan engineering and technology,namangan engineering pedagogical institute,,0.8120176792144775,
applied computer systems,applied computer science,,0.8795324563980103,
physical and mathematical sciences,physical & mathematical sciences,,0.9962944984436035,
molecular metabolism,metabolism,human biological chemistry and genetics,0.8711791038513184,0.672049880027771
biology and zoology,"biology, zoology",,0.9960263967514038,
classical,classical music,,0.9417164325714111,
catalysis and chemical engineering,chemical reaction engineering,,0.8752044439315796,
samsung genome institute,samsung research america,,0.8139939904212952,
doctoral molecular medicine,postgraduate molecular medicine,,0.8950387835502625,
archaeology and heritage,archaeology and cultural heritage,,0.9829888343811035,
design and computation arts,design and visual arts,,0.8591858148574829,
midwifery master&#39;s degree,master&#39;s degree,,0.8586108088493347,
denso japan,shionogi japan,niigata daigaku,0.9180890321731567,0.7934526205062866
center for discovery and innovation,center for innovation,global research center,0.9574658870697021,0.7602121829986572
grassland agriculture,grassland,,0.8740845918655396,
cellular pathology,cell pathology,,0.9612053036689758,
agricultural markets,agriculture economic,,0.8430668115615845,
periodontics and community dentistry,community dentistry,kle society's dental sciences,0.9186086058616638,0.8000808954238892
diana r. garland social work,social works,,0.5943152904510498,
elijah cartan lorraine,lemar,national polytechnic lorraine,0.6512912511825562,0.5928858518600464
residency program,multidisciplinary residency program,,0.7652269601821899,
degei,degeit,,0.8735986948013306,
tissue engineering,biomaterials and tissue engineering,,0.914347767829895,
invil,invemar,,0.6994638442993164,
resources and safety engineering,resources & safety engineering,,0.9976567029953003,
particle physics and astro,astro- and particle physics,,0.9535723924636841,
marine sciences department,marine science department,,0.9829819202423096,
printing technologies,printing technology,,0.9772009253501892,
"agricultural, food, and nutritional science","agricultural, food and nutritional science",,0.997761070728302,
institut elementoorganiceskih soedinenij imeni an nesmeanova ran,fiziko-tekhnicheskij institut imeni af ioffe ran,,0.7844845056533813,
cnrs central-eastern delegation,cnrs normandy delegation,,0.7804590463638306,
"division of materials science, graduate science and technology","division of materials and manufacturing science, graduate engineering",,0.9343446493148804,
biotechnology and food engineering,biotechnology & food engineering,,0.995987594127655,
"architecture, technology and engineering",architecture and engineering,,0.9508038759231567,
educational damásio,damásio educational s/a,,0.8646643161773682,
spirituality,spiritual theology,,0.8906525373458862,
drug sciences - dsf,drug sciences,,0.8461893796920776,
agribusiness and applied economics,agriculture and applied economics,,0.9615574479103088,
nuffield primary care health sciences,nuffield primary care,,0.9155961275100708,
phonetics and speech processing,phonetics and linguistics,,0.9000331163406372,
public health genetics,public health genomics,,0.9158042669296265,
world vision,world vision international,,0.8693434000015259,
historical musicology,music history,"history, sociology",0.9295922517776489,0.7715456485748291
special,specialty,,0.8184931874275208,
joint high temperatures,climate,,0.6062288880348206,
general studies program,academic general studies,,0.8928985595703125,
photogrammetry and geoinformatics,photogrammetry and geoinformation,,0.9517879486083984,
division of research and development,research and development division,,0.9799755811691284,
idmec,eaad,,0.7132911682128906,
chair of machine elements,chair of functional materials,,0.8266333341598511,
technology and research,research and technology,,0.9891234636306763,
"nanjing geography and limnology, chinese academy of sciences",nanjing geography and limnology chinese academy of sciences,,0.9959837198257446,
construction company,construction industry,,0.9003479480743408,
financial affairs,financial,,0.9204919338226318,
ocean engineering,ocean civil engineering,,0.9592362642288208,
biomedical engineering and mechanics,mechanical and biomedical engineering,applied mechanics and engineering sciences,0.9540728330612183,0.8863751888275146
forest industrial engineering,forest industry engineering,,0.9741361141204834,
nhs ayrshire and arran,nhs scotland,,0.7966375350952148,
employment,employability,,0.9708307981491089,
cementing,cinted,,0.7846488356590271,
research institute on water,water research institute,,0.9640233516693115,
sanofi france,public health france,,0.8331127762794495,
laboratory for molecular biology,laboratory of molecular biology,,0.991192638874054,
optics laboratory,applied optics laboratory,,0.9068810939788818,
national centre for nanoscience and nanotechnology,centre for nanoscience and nanotechnology,,0.9196420311927795,
eco-environmental engineering,environmental and ecological engineering,,0.9662088751792908,
"biology, exact and natural sciences","biology, natural sciences",,0.9612592458724976,
molecular life sciences,molecular life science,,0.9840571880340576,
phyics,phyisics,,0.8905472755432129,
environmental health research centre,health sciences and environment,,0.7997536659240723,
iberian and latin american studies,iberian and ibero-american studies,,0.9151073694229126,
clinical immunology laboratory,immunology laboratory,,0.9492269158363342,
civil engineering and earth resources,civil and earth resources engineering,,0.9717715978622437,
center for applied genetic technologies,center for applied genomics,,0.9142029881477356,
michael smurfit graduate business school,ucd michael smurfit graduate business school,,0.9119663834571838,
manufacturing and civil engineering,industrial and mechanical engineering,,0.9078431129455566,
applied physics and nanomaterials,applied physics and materials science,,0.9285338521003723,
graduate division of biological and biomedical sciences,graduate biological sciences,,0.8950834274291992,
information science & engineering,information science and engineering,,0.9965653419494629,
earth and marine science,earth and marine sciences,,0.9853008985519409,
urban planning and design,urban design and planning,,0.998006284236908,
cleaning,housekeeping,,0.7759541273117065,
building services,civil engineering and building services,,0.8855137825012207,
financial and accounting studies,financial studies,,0.943265438079834,
"agribusiness, management and marketing",agribusiness and management,,0.9552427530288696,
kharkiv national academy of municipal economy,kharkiv state academy of culture,,0.8610200881958008,
engineering entrepreneurship,innovation and entrepreneurship,,0.8760032057762146,
westmead medical research,westmead applied research centre,,0.895219087600708,
european laboratory for non-linear spectroscopy,molecular spectroscopy,,0.7906994223594666,
arcod,arcadis,,0.6456949710845947,
graduate in communication program,graduate in communication,,0.9620997905731201,
i public law and political science,public law and political science,,0.9851059317588806,
central technology,center of technology,,0.8506033420562744,
basic science institute,science institute,,0.8813608884811401,
scientific communications,scientific communication,,0.979407787322998,
be-cse,cbse,,0.8611494898796082,
bio and health informatics,bioinformatics,,0.8563823103904724,
laboratory of plant biotechnology,laboratory of plant physiology,,0.9571084976196289,
chemical and biological sciences,chemical & biological sciences,,0.997149646282196,
kelvin smith library,z. smith reynolds library,,0.7315183877944946,
advanced studies in humanities,interdisciplinary humanities,,0.8616309762001038,
medical writing,medical writer,,0.9592932462692261,
information sciences and technologies,information science and technologies,information science and policy,0.9901601076126099,0.8434362411499023
nutrition and dietetics career,nutrition & dietetics,,0.8254271745681763,
south china botanical garden,"south china botanical garden, chinese academy of sciences",,0.9125615358352661,
environmental laboratory,environmental lab,,0.9794583320617676,
laboratory of organic materials,laboratory of organic synthesis,,0.9280753135681152,
neuroscience department,neurosciences department,,0.9781388640403748,
medical school alberto hurtado,medical school,,0.734248161315918,
coursera,serc,,0.7546266317367554,
chemistry r&d,chemistry,,0.9456179141998291,
machine learning lab,machine learning research,,0.9131298065185547,
oriental letters,letters and languages,,0.8520596027374268,
sport business,sport and service management,,0.7928818464279175,
christ redeemer of piauí,evangelical goianésia,,0.6908882856369019,
special machinery,machinery,,0.8551729321479797,
didáctica de la expresión musical,"didáctica de la expresión musical, plástica y corporal",didáctica de la expresión musical y plástica,0.9281643629074097,0.9701575040817261
animal production department,animal production,,0.9079842567443848,
national heart lung and blood institute,"national heart, lung and blood institute",,0.9877938628196716,
san agustín school,san pedro claver school,,0.7395744919776917,
astronomical observatory of brera,brera astronomical observatory,,0.9303107261657715,
instituto politécnico do porto escola superior de estudos industriais e de gestão,instituto politécnico do porto escola superior de saúde,,0.9645101428031921,
dutch,dutch language and culture,,0.8735324144363403,
dimes,dime,,0.9158934354782104,
rehab center,rehabilitation center,,0.977936863899231,
center for conservation and sustainable development,center for sustainable development,,0.9021685719490051,
