simple_cleaned,Field,is_STEM,preds
Mathematics,Mathematics,True,0.9349058116001503
Psychology,Psychology,False,0.12700437031632247
Biology,Biological Sciences,True,0.9695648925731627
Psychological Sciences,Psychology,False,0.2914631892769388
Mathematical Sciences,Mathematics,True,0.9518481923651212
Mathematics,Statistics,True,0.9349058116001503
Physics,Physics,True,0.9857670108764305
Risk Management and Insurance,,False,0.008969371250055641
Civil and Environmental Engineering,Civil Engineering,True,0.9833493414184741
Civil and Environmental Engineering,Environmental Engineering,True,0.9833493414184741
Educational Psychology,Educational Psychology,False,0.0014669847774258485
Kinesiology and Community Health,"Exercise Science, Kinesiology, Rehab, Health",False,0.008389853056845855
Linguistics,Linguistics,False,0.0024922208512809137
Communication Studies,Communication,False,0.001670218489360174
Chemistry and Biochemistry,Chemistry,True,0.9916158603549292
Chemistry and Biochemistry,Biochemistry,True,0.9916158603549292
Chemical and Biomolecular Engineering (Polytechnic Institute),Agricultural Engineering,True,0.9872515671702369
Chemical and Biomolecular Engineering (Polytechnic Institute),Chemical Engineering,True,0.9872515671702369
Aerospace Engineering,Aerospace Engineering,True,0.9254546749355594
Aerospace Engineering and Engineering Mechanics,,True,0.9268482672515207
Aerospace Engineering and Engineering Mechanics,Aerospace Engineering,True,0.9268482672515207
Industrial and Systems Engineering,Industrial Engineering,True,0.9865501351556935
Industrial and Systems Engineering,Systems Engineering,True,0.9865501351556935
Aerospace Engineering Sciences,Aerospace Engineering,True,0.7984442332767059
Aerospace,Aerospace Engineering,True,0.8150781682381751
Mechanical Science and Engineering,Mechanical Engineering,True,0.9649743134365447
Electrical and Computer Engineering,Computer Engineering,True,0.9805398691977463
Electrical and Computer Engineering,Electrical Engineering,True,0.9805398691977463
Mechanical Engineering,Mechanical Engineering,True,0.9638234809285962
Aerospace and Ocean Engineering,Aerospace Engineering,True,0.9158357732328689
Biomedical Engineering,Biomedical Engineering,True,0.917743937322774
Statistics,Statistics,True,0.9742654755236227
Public Policy,Public Policy,False,0.0025061619329395913
Industrial Engineering and Operations Research,Industrial Engineering,True,0.9713712203266546
Industrial Engineering and Operations Research,Operations Research,True,0.9713712203266546
Population Health Sciences,"Exercise Science, Kinesiology, Rehab, Health",False,0.20291923018562383
Operations Research and Information Engineering,Operations Research,True,0.959982316362861
Mechanical and Industrial Engineering,Mechanical Engineering,True,0.9823625886558242
Mechanical and Industrial Engineering,Industrial Engineering,True,0.9823626317593254
"Industrial and Systems Engineering, Fitts Department of",Industrial Engineering,True,0.9880365396676856
"Industrial and Systems Engineering, Fitts Department of",Systems Engineering,True,0.9880365396676856
Industrial and Enterprise Systems Engineering,Industrial Engineering,True,0.9892448294009484
Industrial and Enterprise Systems Engineering,Systems Engineering,True,0.9892448294009484
Industrial and Manufacturing Engineering,Industrial Engineering,True,0.9662592027160957
Industrial Engineering,Industrial Engineering,True,0.9709326078377079
Industrial and Operations Engineering,Operations Research,True,0.9929589397251609
Industrial and Operations Engineering,Industrial Engineering,True,0.9929589314143215
Computer Science,Computer Science,True,0.9956082079464144
Systems and Enterprises,Management,False,0.2814632434485121
Systems and Enterprises,Systems Engineering,True,0.2814632434485121
Applied Mathematics and Statistics,Operations Research,True,0.9850165334116193
Applied Mathematics and Statistics,Statistics,True,0.9850165334116193
Applied Mathematics and Statistics,,True,0.9850165334116193
Electrical and Computer Engineering,Electrical Engineering,True,0.9805398649062305
Electrical and Computer Engineering,Computer Engineering,True,0.9805398649062305
Applied Physiology,Physiology,True,0.8499239231046142
Applied Physiology,Biological Sciences,True,0.8499239231046142
Materials Science and Engineering,Materials Engineering,True,0.9632220786865109
Mechanical Engineering and Materials Science,Mechanical Engineering,True,0.9597034888921735
Operations Management,Management,False,0.1553783236359458
Operations Management,Operations Research,True,0.1553783236359458
Industrial Design,,False,0.26692490598383956
Mechanical Engineering and Mechanics,,True,0.953751157690007
Mechanical Engineering and Mechanics,Mechanical Engineering,True,0.953751157690007
Mechanical and Nuclear Engineering,Mechanical Engineering,True,0.9929439523468501
Mechanical and Nuclear Engineering,,True,0.9929439523468501
Information Technology Management,Information Technology,True,0.7299155814896705
Mechanical and Civil Engineering,Mechanical Engineering,True,0.9822598822503066
Mechanical and Civil Engineering,Civil Engineering,True,0.9822598822503066
Computing and Mathematical Science,Computer Science,True,0.9980728864785415
Computing and Mathematical Science,,True,0.9980728864785415
Architecture,Architecture,False,0.0013030301484106617
Architectural Engineering,Architecture,False,0.17456318119234035
Automotive Engineering,Mechanical Engineering,True,0.9932885578970796
Bioengineering,Biomedical Engineering,True,0.9432150604485072
Bioengineering,Agricultural Engineering,True,0.9432150604485072
Computer Science,Information Technology,True,0.9956082079464144
"Computing, Informatics and Decision Systems Engineering, School of - Computer Science Faculty",Computer Science,True,0.9955266522863864
"Computing, Informatics and Decision Systems Engineering, School of - Computer Science Faculty",Systems Engineering,True,0.9955266522863864
"Computing, Informatics and Decision Systems Engineering, School of - Computer Science Faculty",Information Technology,True,0.9955266522863864
Computer Science and Engineering,Computer Science,True,0.9943237632687225
Computer Science and Engineering,Computer Engineering,True,0.9943237632687225
Electrical Engineering,Electrical Engineering,True,0.9425644358464345
Interactive Computing,,True,0.9960397541861268
Management Science,Management Information Systems,False,0.010559957355465003
Management,Management,False,0.0011393285683098464
Organizational Behavior,,False,0.011096742338116264
Marketing,Marketing,False,0.0007759897576342855
Applied Economics and Management,,False,0.006641405760618663
Applied Economics and Management,Management,False,0.006641405760618663
Accounting,Accounting,False,0.003145972776140332
Finance,Finance,False,0.005709567160922199
"Finance, Managerial Economics, and Real Estate, Area in",Finance,False,0.018561324365748512
Finance and Economics,Finance,False,0.0061736937758173766
Finance and Economics,Economics,False,0.0061736937758173766
Finance and Managerial Economics,Management,False,0.010023308715769372
Finance and Managerial Economics,Economics,False,0.010023308715769372
Finance and Managerial Economics,Finance,False,0.010023308715769372
Accountancy,Accounting,False,0.008015664304157524
Managerial Sciences,Management,False,0.10737632185776995
Operations and Decision Technologies,Operations Research,True,0.7139668531759453
Technology and Operations Management Unit,,False,0.1439150978118137
"Business, Goizueta School of",Business Administration,False,0.0901318941200362
Strategy and Innovation,,False,0.005245454514421059
Chemistry,Chemistry,True,0.9891897977464874
"Energy, Environmental and Chemical Engineering",Chemical Engineering,True,0.9967248663402118
"Energy, Environmental and Chemical Engineering",Environmental Engineering,True,0.9967248663402118
Chemical and Biomolecular Engineering,Chemical Engineering,True,0.9974896270304093
Chemical and Biomolecular Engineering,Agricultural Engineering,True,0.9974896270304093
Materials Engineering,Materials Engineering,True,0.9760478264030621
Bioengineering and Therapeutic Sciences,Agricultural Engineering,True,0.9320093656543669
Bioengineering and Therapeutic Sciences,Biomedical Engineering,True,0.9320093656543669
Pharmacology,Pharmacology,True,0.9987037143569802
Computational Science and Engineering,,True,0.9919513236665594
Computer and Information Science,Computer Science,True,0.9914249661323042
Computer and Information Science,Information Science,True,0.9914249661323042
Electrical Engineering and Computer Science,Computer Engineering,True,0.9773805764891661
Electrical Engineering and Computer Science,Electrical Engineering,True,0.9773805764891661
Electrical Engineering and Computer Science,Computer Science,True,0.9773805764891661
Electrical Engineering and Computer Sciences,Electrical Engineering,True,0.9797361975508034
Electrical Engineering and Computer Sciences,Computer Science,True,0.9797361975508034
Computer and Information Science and Engineering,Computer Science,True,0.9878913915585249
Computer and Information Science and Engineering,Computer Engineering,True,0.9878913915585249
Machine Learning,Computer Science,True,0.9841032964808237
Environmental Health,Environmental Health Sciences,False,0.16398686177527022
Civil and Environmental Engineering and Construction ,Civil Engineering,True,0.9479647383692299
Civil and Environmental Engineering and Construction ,Environmental Engineering,True,0.947964404502882
City and Regional Planning,,False,0.005127679995635496
Sustainable Engineering and The Built Environment,Civil Engineering,True,0.9449056470805445
Earth and Atmospheric Sciences,Atmospheric Sciences and Meteorology,True,0.878253007830374
Earth and Atmospheric Sciences,Geology,True,0.878253007830374
Civil Engineering,Civil Engineering,True,0.9436196760497614
Chemical and Environmental Engineering,Environmental Engineering,True,0.9922045488792361
Chemical and Environmental Engineering,Chemical Engineering,True,0.9922045488792361
"Civil, Architectural and Environmental Engineering",Civil Engineering,True,0.9459727568925838
"Civil, Architectural and Environmental Engineering",Environmental Engineering,True,0.9459727568925838
Engineering Leadership and Society,,True,0.7500707242661461
Genome Science and Technology,Genetics,True,0.8808646504908164
Genome Science and Technology,,True,0.8808646504908164
Microbiology,Microbiology,True,0.9963209722984143
"Literature, Media, and Communication",English Language and Literature,False,0.0021366307677192055
"Literature, Media, and Communication",Mass Communications and Media Studies,False,0.0021366307677192055
Information,Information Science,True,0.6416482133471109
Music,Music,False,0.0010143941893110404
Cell Biology and Neuroscience,Veterinary Medical Sciences,True,0.9977480700206878
Cell Biology and Neuroscience,Microbiology,True,0.9977480700206878
Cell Biology and Neuroscience,Immunology,True,0.9977480700206878
Cell Biology and Neuroscience,Cell Biology,True,0.9977480700206878
Cell Biology and Neuroscience,Neuroscience,True,0.9977480700206878
Biological Sciences,Biological Sciences,True,0.9687062976648125
Molecular Biosciences,Biochemistry,True,0.9977466051950727
Molecular Biosciences,Molecular Biology,True,0.9977466051950727
Molecular Biosciences,Cell Biology,True,0.9977466051950727
Molecular Biosciences,,True,0.9977466051950727
"Molecular Genetics and Microbiology, Section of",Microbiology,True,0.9987065112725529
"Molecular Genetics and Microbiology, Section of",,True,0.9987065112725529
Ecology and Evolutionary Biology,Ecology,True,0.9910405318709472
Ecology and Evolutionary Biology,Evolutionary Biology,True,0.9910405318709472
Applied Physics and Materials Science,Materials Engineering,True,0.9096723560698923
Applied Physics and Materials Science,,True,0.9096723560698923
Physics and Astronomy,Physics,True,0.9809656233140249
Physics and Astronomy,Astronomy,True,0.9809656233140249
Geoscience,Geology,True,0.8743555575572544
Geoscience,,True,0.8743555575572544
Earth and Ocean Sciences,Geology,True,0.9885332295810529
Earth and Ocean Sciences,Marine Sciences,True,0.9885332295810529
Earth Sciences,Geology,True,0.9132368046780469
"Earth, Environmental, and Planetary Sciences",Geology,True,0.967033906067142
Educational Psychology and Special Education,Curriculum and Instruction,False,0.004949410591937281
Educational Psychology and Special Education,Special Education,False,0.004949410591937281
Educational Psychology and Special Education,Educational Psychology,False,0.004949410591937281
Middle and Secondary Education,,False,0.004756768487068371
Chemical and Biomolecular Engineering,Biomedical Engineering,True,0.9974896270304093
Chemical and Biological Engineering,Agricultural Engineering,True,0.9861705718329261
Chemical and Biological Engineering,Chemical Engineering,True,0.9861705718329261
Electrical and Systems Engineering,Electrical Engineering,True,0.9534005939260772
Electrical and Systems Engineering,Systems Engineering,True,0.9534005939260772
Chemical and Biomedical Engineering,Biomedical Engineering,True,0.9814229185079298
Chemical and Biomedical Engineering,Chemical Engineering,True,0.9814229185079298
"Molecular Pharmacology, Physiology and Biotechnology",Physiology,True,0.9994279375778194
"Molecular Pharmacology, Physiology and Biotechnology",,True,0.9994279375778194
Chemical and Biomedical Engineering,Materials Engineering,True,0.9814229185079298
Chemical Engineering,Chemical Engineering,True,0.9844134272248501
Management Information Systems,Management Information Systems,False,0.061705722709024434
Urban and Environmental Planning,Public Policy,False,0.014394873614772102
Urban and Environmental Planning,Urban and Regional Planning,False,0.014394873614772102
Geography,Geography,False,0.04617387030806774
Geographical Sciences and Urban Planning,Urban and Regional Planning,False,0.006375270757132796
Geographical Sciences and Urban Planning,Geography,False,0.006375270757132796
Public Affairs,Public Administration,False,0.0007907333176427544
City Planning and Real Estate Development,Urban and Regional Planning,False,0.005357655758616203
Urban Studies Institute,Urban and Regional Planning,False,0.07908960935279463
Biomedical Informatics,,True,0.9710352033691187
"History, Technology and Society",History,False,0.005214956023084197
Afroamerican and African Studies,,False,0.0014559308783953118
History,History,False,0.009328813572455245
Community Sustainability,Environmental Sciences,True,0.17611548951560252
Community Sustainability,Human Development and Family Sciences,False,0.17611548951560252
Kinesiology and Health,"Exercise Science, Kinesiology, Rehab, Health",False,0.020295184754520884
History of Science,History,False,0.08590788002817794
"Media, Culture and Communication",Mass Communications and Media Studies,False,0.002261809820080805
English,English Language and Literature,False,0.0015621523615975883
Education,Education,False,0.0010753535201967447
English and Comparative Literature,English Language and Literature,False,0.023248941347326912
Art + Design,Art History and Criticism,False,0.0012460190032410386
Information Studies,Information Science,True,0.7394286380375006
Urban Studies and Planning,Urban and Regional Planning,False,0.002759460063693372
Human and Organizational Development,Human Development and Family Sciences,False,0.012912240383676532
International Affairs,International Affairs,False,0.0011703908854733248
Public Policy and Administration,Public Policy,False,0.00606281252603017
Public Policy and Administration,Public Administration,False,0.00606281252603017
Public and Environmental Affairs,Public Policy,False,0.23290213810894816
Management and Organization,Management,False,0.0034466027336192196
"Accounting, Fisher School of",Accounting,False,0.060590097212902136
Building Construction,Architecture,False,0.3431729168567114
"Architecture, Planning and Landscape Architecture",Architecture,False,0.004443167544816983
Economics,Economics,False,0.013195623490634526
Political Science Department,Political Science,False,0.01854416040506975
Economics and Finance,Finance,False,0.0031609617571357928
Economics and Finance,Economics,False,0.0031609617571357928
"Economics, Finance and Legal Studies",Finance,False,0.010780348494882292
"Economics, Finance and Legal Studies",Economics,False,0.010780348494882292
Forestry and Wildlife Sciences,Forestry and Forest Resources,True,0.9987563698301827
Forestry and Wildlife Sciences,,True,0.9987563698301827
Health Administration and Policy,Public Health,False,0.01817067911273855
Modern Languages,,False,0.002073420221743952
Gender and Women's Studies,Gender Studies,False,0.00013073988410772884
Theatre,"Theatre Literature, History and Criticism",False,0.022041148946424408
Media and Cinema Studies,Mass Communications and Media Studies,False,0.0019249672899348288
Germanic Languages and Literatures,Germanic Languages and Literatures,False,0.003738695803518997
International Studies,French Language and Literature,False,0.0007307103694776691
International Studies,Classics and Classical Languages,False,0.0007307103694776691
International Studies,Slavic Languages and Literatures,False,0.0007307103694776691
International Studies,Germanic Languages and Literatures,False,0.0007307103694776691
Applied Mathematics Area,,True,0.945664639597014
Philosophy,Philosophy,False,0.01487665176790949
Molecular and Cell Biology,Molecular Biology,True,0.9998314821621674
Molecular and Cell Biology,Cell Biology,True,0.9998314821621674
Biology and Biological Engineering,Biological Sciences,True,0.9663459470389404
Biology and Biological Engineering,Agricultural Engineering,True,0.9663459470389404
Computer Science Area,Computer Science,True,0.9986233268447162
"Institute for Data, Systems, and Society (IDSS)",Systems Engineering,True,0.5179188792792541
Aeronautics and Astronautics,Aerospace Engineering,True,0.9479449382149285
Mechanical and Aerospace Engineering,Aerospace Engineering,True,0.9346559101724369
Mechanical and Aerospace Engineering,Mechanical Engineering,True,0.9346559101724369
Integrative Biology,Biological Sciences,True,0.9857848165222443
Integrative Biology,Ecology,True,0.9857848165222443
Neuroscience Institute,Neuroscience,True,0.8893947489249954
Engineering Sciences,,True,0.9347495288476667
History and Philosophy of Medicine,History,False,0.10275225578057276
History and Philosophy of Medicine,Philosophy,False,0.10275225578057276
"Gender, Women's, and Sexuality Studies",Gender Studies,False,0.00013891359603086483
International Studies,International Affairs,False,0.0007307103694776691
Classics,Classics and Classical Languages,False,0.0021201255615763254
Near Eastern Studies,Near and Middle Eastern Languages and Cultures,False,0.0036275249451714455
Anthropology,Anthropology,False,0.01154747460669666
South and Southeast Asian Studies,Asian Studies,False,0.0001651329646501243
History of Art,Art History and Criticism,False,0.00043114308688777566
"Administration, Leadership and Technology",Education Administration,False,0.08901829519638961
Education,,False,0.0010753535201967447
Education,Curriculum and Instruction,False,0.0010753535201967447
Education,Educational Psychology,False,0.0010753535201967447
Education,Education Administration,False,0.0010753535201967447
Teaching and Learning - Curriculum and Instruction,Curriculum and Instruction,False,0.005638262514822321
Teaching and Learning,Curriculum and Instruction,False,0.007018006849071714
Teaching and Learning,,False,0.007018006849071714
Education and Social Policy,Education,False,0.0024852749793587677
Education and Social Policy,Human Development and Family Sciences,False,0.0024852749793587677
African American Studies,,False,0.00046960793246406666
Graduate School of Education,Education,False,0.08606760885639977
Educational Leadership,Education Administration,False,0.015569534534298397
Political Science,Political Science,False,0.0013093479245971447
Curriculum and Teaching,Curriculum and Instruction,False,0.004313263200758024
"Educational Foundations, Leadership & Counseling",Education Administration,False,0.002796120463810655
"Educational Foundations, Leadership & Counseling",Counselor Education,False,0.002796120463810655
"Educational Foundations, Leadership & Counseling",,False,0.002796120463810655
"Counseling, Clinical and School Psychology",,False,0.002552002016818924
German,Germanic Languages and Literatures,False,0.0005954425014370194
Business,Business Administration,False,0.0025240532618787887
Hotel Administration,,False,0.023885008608539933
Business School - Operations Management and Business Analytics,Operations Research,True,0.4849164514337854
Organizational Behavior Unit,,False,0.009255319144528235
Entrepreneurial Manangement Unit,,False,0.02401048339149885
Health Care Management,,False,0.006213724345598337
Agricultural and Resource Economics,Agricultural Economics,False,0.11197585985492034
Public Health,Public Health,False,0.020386606361277853
Public and International Affairs,International Affairs,False,0.002866985848936336
Public and International Affairs,Public Administration,False,0.002866985848936336
Public and International Affairs,Public Policy,False,0.002866985848936336
Operations and Technology Management,Operations Research,True,0.47570598366792166
Operations and Technology Management,Management Information Systems,False,0.47570598366792166
Sociology,Sociology,False,0.003116580511409143
Business,Management,False,0.0025240532618787887
"Business, Booth School of",Business Administration,False,0.17478159827316472
"Public Policy, Harris School of",Public Policy,False,0.026575662007266097
Health Policy and Management,Public Health,False,0.005339318257103523
Environmental Health Sciences,Environmental Health Sciences,False,0.05027499448995937
Biostatistics,Biostatistics,True,0.9103396281207168
Behavioral Science,,False,0.18657128913520768
Environmental Science,Environmental Sciences,True,0.919062572140648
City and Regional Planning,Urban and Regional Planning,False,0.005127679995635496
Nutritional Science and Toxicology,Nutrition Sciences,False,0.9274089259495245
Nutritional Science and Toxicology,,True,0.9274089259495245
Plant and Microbial Biology,Plant Sciences,True,0.9998464321921203
Plant and Microbial Biology,,True,0.9998464321921203
"Environmental Science, Policy and Management",Environmental Sciences,True,0.8235891775116005
"Civil, Architectural, and Environmental Engineering",Civil Engineering,True,0.9181863188353665
"Civil, Architectural, and Environmental Engineering",Environmental Engineering,True,0.9181863188353665
"Civil, Architectural, and Environmental Engineering",Architecture,False,0.9181863188353665
Social Welfare,Social Work,False,0.001864786741817282
"Anthropology, History and Social Medicine",Anthropology,False,0.01192442371247003
"Anthropology, History and Social Medicine",History,False,0.01192442371247003
Nutrition,Nutrition Sciences,False,0.05211852815547642
Epidemiology and Biostatistics,Biostatistics,True,0.9940544260835582
Epidemiology and Biostatistics,Epidemiology,True,0.994054430411292
Social Work,Social Work,False,0.0005930711324256953
Psychology and Social Behavior,Psychology,False,0.06768001045339984
"Criminology, Law and Society",Criminal Justice and Criminology,False,0.02948411605492347
Scandinavian,,False,0.04206831076367039
Asian Languages and Cultures,Asian Studies,False,4.163939502410872e-05
Asian Languages and Cultures,Asian Languages,False,4.163939502410872e-05
Nordic Languages and Literature,,False,0.0008396358635455959
Pathology,Pathology,True,0.9930098167425099
Biophysics and Biophysical Chemistry,Biophysics,True,0.9821325245323834
"Molecular, Cellular and Developmental Biology",,True,0.998972899297042
"Molecular, Cellular and Developmental Biology",Molecular Biology,True,0.998972899297042
"Molecular, Cellular and Developmental Biology",Cell Biology,True,0.998972899297042
Microbiology and Immunology,Microbiology,True,0.9962971139149006
Microbiology and Immunology,Immunology,True,0.9962971139149006
Molecular Genetics,,True,0.9997713667217505
Biological Chemistry and Pharmacology,Biochemistry,True,0.9965419234752986
Molecular Biology,Molecular Biology,True,0.999816005749684
Physiology and Cellular Biophysics,Biophysics,True,0.9987302714413018
Physiology and Cellular Biophysics,Physiology,True,0.9987302714413018
Biochemistry,Biochemistry,True,0.9871215548421132
Microbiology and Molecular Genetics,Microbiology,True,0.9989507234938584
Microbiology and Molecular Genetics,,True,0.9989507234938584
Integrative Plant Science,Plant Sciences,True,0.99084879965876
Integrative Plant Science,,True,0.99084879965876
Ethnic Studies,,False,0.001842238568520628
Chicana and Chicano Studies,,False,0.0002021910382811113
Public Policy,Public Policy,False,0.002506153621807997
Latino and Hispanic Caribbean Studies,,False,0.0014872296766689631
Women's and Gender Studies,Gender Studies,False,0.0001067109540633108
Iberian and Latin American Cultures,Spanish Language and Literature,False,0.0008237041587021002
Comparative Literature,Comparative Literature,False,0.040241717554843466
English Language and Literature,English Language and Literature,False,0.01025447769247351
Rhetoric,,False,0.001003008444713917
"Theater, Dance and Performance Studies","Theatre Literature, History and Criticism",False,0.005396752423689434
Spanish and Portuguese,Spanish Language and Literature,False,0.002037094018647925
French,French Language and Literature,False,0.0012796617298512251
Slavic Languages and Literatures,Slavic Languages and Literatures,False,0.022555116648764188
East Asian Languages and Cultures,Asian Languages,False,7.715833116425819e-05
East Asian Languages and Cultures,Asian Studies,False,7.715833116425819e-05
Italian Studies,,False,0.008736948762926043
International and Public Affairs,International Affairs,False,0.0024436912202937594
Urban Planning,Urban and Regional Planning,False,0.0028250565049858377
Urban Planning and Design,Urban and Regional Planning,False,0.0012939849694203918
Landscape Architecture and Environmental Planning,,False,0.1013356333486255
"Urban Design, Program in",Urban and Regional Planning,False,0.0050230679522059165
"Architecture, Planning and Preservation",Architecture,False,0.0011590305180193556
"Architecture, Planning and Preservation",Urban and Regional Planning,False,0.0011590305180193556
"International Affairs, Management, and Urban Policy, Milano School of",International Affairs,False,0.060102631039415357
"International Affairs, Management, and Urban Policy, Milano School of",Management,False,0.060102631039415357
"International Affairs, Management, and Urban Policy, Milano School of",Public Policy,False,0.060102631039415357
Epidemiology,Epidemiology,True,0.9940711939660394
Physiology,Physiology,True,0.9876012242933451
Civil and Urban Engineering (Polytechnic Institute),Civil Engineering,True,0.669715462849932
Earth and Planetary Science,Geology,True,0.9344941326131261
Earth and Planetary Science,Atmospheric Sciences and Meteorology,True,0.9344941326131261
Fire Protection Engineering,,True,0.6898166525289163
"Mechanical, Materials and Aerospace Engineering",Materials Engineering,True,0.9373403190076732
"Mechanical, Materials and Aerospace Engineering",Aerospace Engineering,True,0.9373403190076732
"Mechanical, Materials and Aerospace Engineering",Mechanical Engineering,True,0.9373403190076732
Art History and Archaeology,Art History and Criticism,False,0.0018986930650560685
Art History and Archaeology,,False,0.0018986930650560685
Art History,Art History and Criticism,False,0.0005793079085102025
Film and Media Studies,Mass Communications and Media Studies,False,0.00535639695470904
Art History and Archaeology,Anthropology,False,0.0018986930650560685
Pharmaceutical Chemistry,Pharmaceutical Sciences,True,0.9980964305498666
Cellular and Molecular Pharmacology,,True,0.9999382124878423
Cellular and Molecular Pharmacology,Pharmacology,True,0.9999382124878423
"Information School, The",Information Science,True,0.8634397198217446
Information Science,Information Science,True,0.9294338215843959
Materials Science and Engineering,,True,0.9632220786865109
Applied Physics,,True,0.9739587298566018
"Negotiation, Organizations and Markets Unit",,False,0.03726781298014752
"Public Policy, McCourt School of",Public Policy,False,0.0023888262012792872
Economics (GSAS),Economics,False,0.23187225058292554
Economics (SOB),Economics,False,0.06012709944106094
Neuroscience,Neuroscience,True,0.8895264532436166
Brain and Cognitive Sciences,Neuroscience,True,0.6742843431312163
Brain and Cognitive Sciences,,True,0.6742843431312163
Brain and Cognitive Sciences,Psychology,False,0.6742843431312163
Molecular and Cellular Physiology,Physiology,True,0.9996523277760458
Astronomy,Astronomy,True,0.9634010809133102
Astrophysical Sciences,Astronomy,True,0.9795770620587365
"Jewish, Islamic, and Near Eastern Languages and Cultures",,False,0.0001432244867000047
Journalism,Mass Communications and Media Studies,False,0.0001918559398178702
Human Rights,Philosophy,False,4.767123109079235e-05
"Genetics, GIDP",Genetics,True,0.8756767476357388
Entomology,Entomology,True,0.9993178867514327
Natural Resource Management,Natural Resources,True,0.906394041339136
Pathology and Anatomical Sciences,Anatomy,True,0.9954976296495174
Pathology and Anatomical Sciences,Pathology,True,0.9954976296495174
East Asian Studies,Asian Studies,False,0.0005054644126332098
Asian Studies Program,Asian Studies,False,0.0005819001455147656
International Letters and Cultures,Spanish Language and Literature,False,0.00031536025490434903
Government,Political Science,False,0.1339233473191724
Government,Public Policy,False,0.1339233473191724
Cell Biology,Cell Biology,True,0.998875795175304
Physiological Sciences,Physiology,True,0.970031391207919
Molecular and Cellular Biology,Cell Biology,True,0.9998327588552247
Molecular and Cellular Biology,Molecular Biology,True,0.9998327588552247
Molecular and Human Genetics,,True,0.996200830182433
Russian and Eurasian Studies,,False,0.003544213579657545
Conservatory of Music,Music,False,0.005524242658346425
Italian,,False,0.03574853285546538
Politics and Global Studies,Political Science,False,0.006226663472626659
Politics and Global Studies,International Affairs,False,0.006226663472626659
"Leadership, Policy and Organizations",Education Administration,False,0.005921785153887977
Public Affairs,Public Policy,False,0.0007907333176427544
Politics,Political Science,False,0.005732561706756759
Biology - Ecology and Evolutionary (EBIO),Biological Sciences,True,0.982148027010909
Biology - Ecology and Evolutionary (EBIO),Ecology,True,0.982148027010909
Biology - Ecology and Evolutionary (EBIO),Evolutionary Biology,True,0.982148027010909
Biological Sciences,Biological Sciences,True,0.9687062187001032
American Studies,,False,0.00012367773431192842
Environmental Sciences,Environmental Sciences,True,0.943511454643574
Sustainability,Natural Resources,True,0.7592477435265185
Women's Studies,Gender Studies,False,0.00030103555781157813
Architecture,,False,0.0013030301484106617
Planning and Urban Studies,Urban and Regional Planning,False,0.0035658748154888424
Landscape Architecture,,False,0.45295282321364033
Earth and Space Sciences,Astronomy,True,0.9197890157160478
Earth and Space Sciences,Geology,True,0.9197890157160478
Geology and Geophysics,,True,0.9741204062391216
Geology and Geophysics,Geology,True,0.9741204062391216
German Studies,Germanic Languages and Literatures,False,0.0011858675714616026
German and Slavic Languages,Slavic Languages and Literatures,False,0.002498956132783006
German and Slavic Languages,Germanic Languages and Literatures,False,0.002498956132783006
"Women's, Gender, and Sexuality Studies",Gender Studies,False,0.000116581368726788
"History of Art, Department of The",Art History and Criticism,False,0.005714584850631438
Art,Art History and Criticism,False,0.0011851302719467734
Business Economics and Public Policy,Public Policy,False,0.005252163271240086
Business Economics and Public Policy,Business Administration,False,0.005252163271240086
Global Policy and Strategy,International Affairs,False,0.004297178551722152
Nuclear Engineering,,True,0.9859744828202734
"Latin American Studies, The Roger Thayer Stone Center for",,False,0.06338748869097947
Global and Sociocultural Studies,Sociology,False,0.0020441582725898456
Global and Sociocultural Studies,Anthropology,False,0.0020441582725898456
Global and Sociocultural Studies,Geography,False,0.0020441582725898456
Materials,Materials Engineering,True,0.9302895612135259
South Asian Languages and Civilizations,Asian Languages,False,0.0002485469592243342
South Asian Languages and Civilizations,Asian Studies,False,0.0002485469592243342
Religious Studies,Religious Studies,False,0.0007397701498997586
Engineering Physics,,True,0.9831489747406543
"Applied and Computational Mathematics, Program in",,True,0.9978160126455163
Mathematics and Computer Science,Computer Science,True,0.9887143476729114
Mathematics and Computer Science,Mathematics,True,0.9887143476729114
Applied Physics and Applied Mathematics,,True,0.929146900545257
Biomedical Sciences,,True,0.9228595617227262
Civil Engineering and Engineering Mechanics,Civil Engineering,True,0.9541420116145843
Civil Engineering and Engineering Mechanics,,True,0.9541420116145843
Earth and Environmental Engineering,Environmental Engineering,True,0.9868124109551228
Earth and Environmental Engineering,,True,0.9868124109551228
Systems Biology,,True,0.997528231715638
Population and Family Health,Public Health,False,0.030439109601411486
Business School - Management and Organization,Management,False,0.05228656847997977
Global Health and Population,Public Health,False,0.12235920474573905
Health Systems and Policy,Public Health,False,0.012749283499796574
Public Service,Public Administration,False,0.008178570624923899
Public Service,Public Policy,False,0.008178570624923899
"Markets, Public Policy, and Law",Public Policy,False,0.02466206786119953
Population Health Science and Policy,Public Health,False,0.1569528548224686
Nursing,Nursing,False,0.002451117529338144
Mathematics and Statistics,Mathematics,True,0.9850687782187444
Mathematics and Statistics,Statistics,True,0.9850687782187444
Applied Mathematics,,True,0.9349162463800488
Management Science and Engineering,Management,False,0.22100524601493837
Statistics and Operations Research,Operations Research,True,0.9400994972244991
Statistics and Operations Research,Statistics,True,0.9400994972244991
Library and Information Science,Information Science,True,0.8825562722371073
"Statistics, Department of (LS)",Statistics,True,0.844403589157259
Operations Research and Financial Engineering,Operations Research,True,0.8313245506182299
History Section,History,False,0.018332525413943517
Sociomedical Sciences,Public Health,False,0.39538607624459726
"Middle Eastern, South Asian and African Studies",Near and Middle Eastern Languages and Cultures,False,0.0019913693033789663
Latin American and Iberian Cultures,,False,0.0010800850951204317
African American and African Diaspora Studies,,False,0.0011964253820574988
French and Romance Philology,French Language and Literature,False,0.0011669534733393483
African and African Diaspora Studies,,False,0.0009649914171891564
English and Comparative Literature,Comparative Literature,False,0.023248941347326912
Religion,Religious Studies,False,0.00014547929383736542
"Writing, Program in",,False,0.01531002968765452
Theological Seminary,Theological Studies,False,0.19195658664599774
Arts and Humanities,,False,0.0038174045148991103
Education Policy and Social Analysis,Education,False,0.0014740579670694635
Jewish Literature,Religious Studies,False,0.00010538639677688797
Bible and Ancient Semitic Languages,,False,0.005837763927584641
Bible and Ancient Semitic Languages,Religious Studies,False,0.005837763927584641
Jewish History,Religious Studies,False,0.00017660132548458587
Pathology and Cell Biology,Pathology,True,0.9996901704772654
Pathology and Cell Biology,Cell Biology,True,0.9996901704772654
Pathology and Cell Biology,Anatomy,True,0.9996901704772654
Pharmacology and Toxicology,,True,0.9996990953295427
Pharmacology and Toxicology,Pharmacology,True,0.9996990953295427
Developmental and Cell Biology,,True,0.9790562105589027
Developmental and Cell Biology,Cell Biology,True,0.9790562105589027
Biochemistry and Molecular Biophysics,Biochemistry,True,0.997303667516895
Biochemistry and Molecular Biophysics,Biophysics,True,0.997303667516895
Rehabilitation and Regenerative Medicine,"Exercise Science, Kinesiology, Rehab, Health",False,0.2227991285677545
"Molecular Virology, Immunology and Medical Genetics",Immunology,True,0.9993616580558067
"Molecular Virology, Immunology and Medical Genetics",,True,0.9993616580558067
Neurobiology and Behavior,Neuroscience,True,0.9793279109618929
Systems Pharmacology and Translational Therapeutics,Pharmacology,True,0.9803763527383502
Pathobiology,Veterinary Medical Sciences,True,0.9932521552440401
Cell and Developmental Biology,,True,0.9945826811807479
Cell and Developmental Biology,Cell Biology,True,0.9945826811807479
Biomedical Genetics,,True,0.994942945538002
Genetics and Genomic Sciences,Genetics,True,0.9632802040341802
Oncological Sciences,,True,0.9540001207583941
Medical Education,,False,0.2230718542043922
Cell and Tissue Biology,Cell Biology,True,0.9990241104466694
Pharmacy,Pharmacy,True,0.9324724054355904
Genetics,Genetics,True,0.9376188865976515
Systems and Computational Biology,,True,0.9989422108659433
"Pathology and Laboratory Medicine, Department of (New Jersey Medical School)",Pathology,True,0.9902822313902032
Pathology and Laboratory Medicine,Pathology,True,0.9791213109311911
Genetics and Development,Genetics,True,0.841016377343713
Pathology,Anatomy,True,0.9930098167425099
Neurobiology,Neuroscience,True,0.9931450009229417
Genetics,,True,0.9376188865976515
Physiology and Biophysics,Biophysics,True,0.984526947928166
Physiology and Biophysics,Physiology,True,0.984526947928166
Anatomy and Cell Biology,Cell Biology,True,0.9954076509883194
Anatomy and Cell Biology,Anatomy,True,0.9954076509883194
Design and Media Arts,,False,0.0012671187408264239
"Communication, School for",Communication,False,0.036046633964391006
Gender Studies,Gender Studies,False,0.0002404896124537808
American Studies and Ethnicity,,False,0.0004588823391851438
"Theatre Arts, Program in","Theatre Literature, History and Criticism",False,0.010143511613184376
"Cognitive, Linguistic and Psychological Sciences",Psychology,False,0.3343994172443539
"Cognitive, Linguistic and Psychological Sciences",Linguistics,False,0.3343994172443539
"Cognitive, Linguistic and Psychological Sciences",,True,0.3343994172443539
Finance Unit,Finance,False,0.017533154943475803
"Business, Government and the International Economy Unit",,False,0.03542651343445365
"Business, Tuck School of",Business Administration,False,0.010276958196066848
Epidemiology and Community Health,Public Health,False,0.7564504913391208
Epidemiology and Community Health,Epidemiology,True,0.7564504913391208
Social and Behavioral Sciences,Human Development and Family Sciences,False,0.1410070297050094
Human Science,,True,0.050641651785433686
Biostatistics and Epidemiology,Biostatistics,True,0.9933809154462526
Biostatistics and Epidemiology,Epidemiology,True,0.9933809154462526
Community Health Sciences,Public Health,False,0.2882253238086282
Health Sciences,,False,0.1651851096504982
Epidemiology and Public Health,Epidemiology,True,0.8365184303694345
Pharmaceutical Health Services Research,Pharmaceutical Sciences,True,0.9495592011989983
Community Health Systems,Public Health,False,0.05724822778661067
Epidemiology and Population Health,Epidemiology,True,0.7933155226936766
Epidemiology and Population Health,Public Health,False,0.7933155226936766
Behavioral and Community Health Sciences,Public Health,False,0.036974837364902
Behavioral and Community Health Sciences,Human Development and Family Sciences,False,0.036974837364902
"Pathology, Microbiology and Immunology",Microbiology,True,0.9985037282697371
"Pathology, Microbiology and Immunology",Pathology,True,0.9985037282697371
"Pathology, Microbiology and Immunology",Immunology,True,0.9985037282697371
Public Health Sciences,Epidemiology,True,0.04501456667122911
Public Health Sciences,Public Health,False,0.04501456667122911
Global Health,Public Health,False,0.018511949853744433
Human Genetics,,True,0.9139712098043639
Government and Politics,Political Science,False,0.020294632138369306
Advanced International Studies,International Affairs,False,0.0023183361700457768
"Foreign Services, Edmund A. Walsh School of",International Affairs,False,0.15310301547989189
Communication,Communication,False,0.006428385785975486
Organization and Leadership,Education Administration,False,0.0015698114550591405
Strategic Management and Entrepreneurship,Management,False,0.011906137568853507
Management and Global Business,Management,False,0.01200198654349258
Management and Organizations,Management,False,0.004291480789272694
Earth and Environmental Sciences,Environmental Sciences,True,0.9542534701895523
Earth and Environmental Sciences,Geology,True,0.9542534701895523
Chemical Engineering and Materials Science,Materials Engineering,True,0.9696424258093914
Chemical Engineering and Materials Science,Chemical Engineering,True,0.9696424258093914
Earth and Sustainability,Geology,True,0.8946482340635915
Earth and Sustainability,Public Policy,False,0.8946482340635915
Earth and Sustainability,Environmental Sciences,True,0.8946482340635915
Earth and Sustainability,Geography,False,0.8946482340635915
Atmospheric and Oceanic Sciences,,True,0.9441180665518549
Atmospheric and Oceanic Sciences,Atmospheric Sciences and Meteorology,True,0.9441180665518549
"Oceanography (Scripps), Institution of",,True,0.987994032248816
"Oceanography (Scripps), Institution of",Marine Sciences,True,0.987994032248816
Earth and Space Exploration,Astronomy,True,0.8687890037333666
Earth and Space Exploration,Geology,True,0.8687890037333666
"Ecology, Evolution and Environmental Biology",Ecology,True,0.9908948674490559
"Ecology, Evolution and Environmental Biology",Evolutionary Biology,True,0.9908948674490559
Geophysical Sciences,Geology,True,0.880429893151938
Geophysical Sciences,,True,0.880429893151938
Applied Physics Area,,True,0.9497862564224017
Astronomy and Astrophysics,Astronomy,True,0.9796306218915409
Applied and Engineering Physics,,True,0.9644408358345752
African and African American Studies,,False,0.0007778066119217723
"Religion, Committee on the Study of",Religious Studies,False,0.0029038878203399205
Divinity School,Theological Studies,False,0.04114860655484456
Near Eastern Languages and Civilizations,Near and Middle Eastern Languages and Cultures,False,0.0017999477910070696
Mathematical Sciences,,True,0.9518481923651212
Biostatistics and Bioinformatics,Biostatistics,True,0.9884729631427331
Healthcare Policy and Research,Biological Sciences,True,0.17668692144040582
Healthcare Policy and Research,Public Health,False,0.17668692144040582
Healthcare Policy and Research,,True,0.17668692144040582
Cancer Biology,,True,0.9994563671880285
Federated History,History,False,0.0008617812530153166
Comparative Religion,Religious Studies,False,0.00041142157714245354
"Foreign Languages, Cultures and Literatures",,False,0.0035673791070526878
Asian Studies,Asian Studies,False,0.00010207115549250377
Religion Studies,Religious Studies,False,0.00038119783731603563
Romance Studies,,False,0.0011385700066256414
Romance Studies,Spanish Language and Literature,False,0.0011385700066256414
Romance Studies,French Language and Literature,False,0.0011385700066256414
Biomedical Informatics and Medical Education,,True,0.9022407705616308
Epidemiology and Health Promotion,Epidemiology,True,0.6445447191180333
Epidemiology and Health Promotion,"Exercise Science, Kinesiology, Rehab, Health",False,0.6445447191180333
Urban and Environmental Policy and Planning,Public Policy,False,0.011661175427877068
Urban and Environmental Policy and Planning,Urban and Regional Planning,False,0.011661175427877068
Architecture and Urban Planning and Design,Architecture,False,0.0005917241383205403
Architecture and Urban Planning and Design,Urban and Regional Planning,False,0.0005917241383205403
"Latino/a Studies, Program in",,False,0.003414520219524707
Urban Planning and Policy,Urban and Regional Planning,False,0.002734804812064653
Environmental Health and Engineering,Environmental Engineering,True,0.7228997498675217
Environmental Health and Engineering,Public Health,False,0.7228997498675217
Environmental Health and Engineering,Geography,False,0.7228997498675217
Environmental Health and Engineering,Environmental Health Sciences,False,0.7228997498675217
Environmental Health and Engineering,,True,0.7228997498675217
Behavioral Science and Health Education,Public Health,False,0.009365435830876186
Environmental and Occupational Health,Environmental Health Sciences,False,0.02058050158790903
"Population, Family, and Reproductive Health",Public Health,False,0.1337094222888581
International Health,Public Health,False,0.001787571673695546
"Nutrition, Food Studies and Public Health",Food Science,True,0.27320380319539694
"Nutrition, Food Studies and Public Health",Nutrition Sciences,False,0.27320380319539694
"Nutrition, Food Studies and Public Health",Public Health,False,0.27320380319539694
Health Behavior,Public Health,False,0.0527255487593896
Health Behavior,"Exercise Science, Kinesiology, Rehab, Health",False,0.0527255487593896
Public Health - Social Work,Public Health,False,0.00396758076809022
Biochemistry and Molecular Biology,Biochemistry,True,0.9976248254068576
Biochemistry and Molecular Biology,Molecular Biology,True,0.9976248254068576
Family and Community Health,Public Health,False,0.015796575234594348
"Family, Community and Health System Science",Nursing,False,0.03863126615578131
Health Systems Science,Nursing,False,0.08977105552131988
"Educational Methodology, Policy and Leadership",Education Administration,False,0.002302524160629193
Counseling Psychology and Human Services,Human Development and Family Sciences,False,0.00018071626397856013
Counseling Psychology and Human Services,,False,0.00018071626397856013
"Social Work, School for",Social Work,False,0.007509892370073259
Social Service Administration,Social Work,False,0.025569768746244607
Leadership and Education Sciences,Education Administration,False,0.008921978815549398
Social Service,Social Work,False,0.006718238851201637
International Literary and Cultural Studies,Germanic Languages and Literatures,False,0.0050530192935548295
International Literary and Cultural Studies,Asian Languages,False,0.0050530192935548295
Germanic Studies,Germanic Languages and Literatures,False,0.0014599317704144684
Health Policy and Management,,False,0.005339305478155573
Public Health,Public Health,False,0.020386579050811978
"Public Health, Program In",Public Health,False,0.040127815391836005
Psychology and Neuroscience,Neuroscience,True,0.5690837192884163
Psychology and Neuroscience,Psychology,False,0.5690837192884163
Urban Health Administration,,False,0.008110614965455886
Health and Behavior Studies,"Health, Physical Education, Recreation",False,0.05136920614730221
Health and Behavior Studies,Educational Psychology,False,0.05136920614730221
Marketing Unit,Marketing,False,0.0017901412195736864
"Business, Leeds School of",Business Administration,False,0.016186144173398455
"Decision, Risk and Operations",Operations Research,True,0.6584090214483926
Health Care Policy,Public Policy,False,0.04263349395676498
"Business, Fuqua School of",Business Administration,False,0.013970675464671683
Industrial Engineering and Management Science,Industrial Engineering,True,0.8858490070956583
Industrial Engineering and Management Science,Systems Engineering,True,0.8858490070956583
Managerial Economics and Decision Sciences,Management,False,0.025234884590162106
Accounting and Information Systems,Accounting,False,0.09818567310631263
Gene and Cell Medicine,Genetics,True,0.9960643226474895
French and Italian,French Language and Literature,False,0.0013675121110081822
French and Italian,,False,0.0013675121110081822
Germanic and Slavic Languages and Literatures,Germanic Languages and Literatures,False,0.005574214243796076
Germanic and Slavic Languages and Literatures,Slavic Languages and Literatures,False,0.005574214243796076
"Biomedical Sciences, The Sackler School of Graduate",,True,0.8444012300721061
Molecular Genetics and Microbiology,,True,0.9997295512605616
Molecular Genetics and Microbiology,Microbiology,True,0.9997295512605616
"Biomedical Sciences, Program in",,True,0.9377713320782517
Molecular and Cellular Neurosciences,Neuroscience,True,0.9980030013471743
Neurosciences,Neuroscience,True,0.9016825322335651
"Environmental Studies, Program in",Environmental Sciences,True,0.7177902134933449
"Biomedical Engineering, Science and Health Systems",Biomedical Engineering,True,0.7893684133716172
Ecology and Evolution,Ecology,True,0.9865113587240877
Ecology and Evolution,Evolutionary Biology,True,0.9865113587240877
Civil and Environmental Engineering and Earth Sciences,Geology,True,0.9113394615429129
Civil and Environmental Engineering and Earth Sciences,Civil Engineering,True,0.9113394615429129
Civil and Environmental Engineering and Earth Sciences,Environmental Engineering,True,0.9113394615429129
International and Transcultural Studies,,False,0.0008569088493203256
"Mathematics, Science and Technology",Mathematics,True,0.8358452319834662
Chemistry and Chemical Biology,Chemistry,True,0.9945645815207638
Chemistry,Biochemistry,True,0.9891897977464874
Rehabilitation Sciences,"Exercise Science, Kinesiology, Rehab, Health",False,0.04857029611666631
Occupational Therapy,"Exercise Science, Kinesiology, Rehab, Health",False,0.001488026684565721
"Film, Program in",Mass Communications and Media Studies,False,0.007019832242990641
Physical Education,"Health, Physical Education, Recreation",False,0.008803491285386853
Biostatistics and Bioinformatics,,True,0.9884729631427331
Statistical Sciences,Statistics,True,0.9843255355189797
Applied Mathematics Program,,True,0.9371232002128
Informatics and Computing,Computer Science,True,0.9932639826135142
Informatics and Computing,Information Technology,True,0.9932639826135142
Informatics and Computing,Information Science,True,0.9932639826135142
Informatics and Computing,,True,0.9932639826135142
Electrical Engineering Area,Electrical Engineering,True,0.9917003925645342
Electrical and Computer Engineering (Polytechnic Institute),Electrical Engineering,True,0.9629610505125109
Electrical and Computer Engineering (Polytechnic Institute),Computer Engineering,True,0.9629610505125109
Marine Science and Conservation,Marine Sciences,True,0.998410186576719
Biochemistry and Biophysics,Biochemistry,True,0.9865455013945136
Biochemistry and Biophysics,Biophysics,True,0.9865455013945136
Molecular Biomedical Sciences,,True,0.996733917193388
Physics,Chemistry,True,0.9857670108764305
Physics,Biological Sciences,True,0.9857670108764305
Engineering Science and Mechanics,,True,0.9424717791901649
Polymer Science,Materials Engineering,True,0.9946783308535598
Nanoengineering,,True,0.9419235862502073
Environmental Sciences and Policy,Environmental Sciences,True,0.8551197570560249
"Engineering, Thayer School of",,True,0.8584902587515544
Chemical and Biological Engineering,,True,0.9861705718329261
Cell Biology and Physiology,Cell Biology,True,0.9991203773218338
Cell Biology and Physiology,,True,0.9991203773218338
Cell Biology and Physiology,Physiology,True,0.9991203773218338
Oceanography,,True,0.994078566159953
Oceanography,Atmospheric Sciences and Meteorology,True,0.994078566159953
Oceanography,Marine Sciences,True,0.994078566159953
Earth System Science,Geology,True,0.7752895501958468
Earth System Science,Environmental Sciences,True,0.7752895501958468
Land Resources and Environmental Sciences,Environmental Sciences,True,0.9810286069683238
Land Resources and Environmental Sciences,Natural Resources,True,0.9810286069683238
Finance and Business Economics,Finance,False,0.0056158635326454855
Finance and Business Economics,Economics,False,0.0056158680776969075
"Logistics, Business and Public Policy",Public Policy,False,0.06263426813233613
Strategy Unit,,False,0.005360881216536996
"Business, Leeds School - Accounting Division",Accounting,False,0.023820288164008864
Business Administration,Management,False,0.008586320677353699
Business Administration,Business Administration,False,0.008586320677353699
Business - Marketing Area,Marketing,False,0.0045574607868992
"Accounting, Area of",Accounting,False,0.009563900498922069
"Management, Innovation and Entrepreneurship",Management,False,0.004879465374000977
"Public Policy, Sanford School of",Public Health,False,0.004756342864985027
"Public Policy, Sanford School of",Economics,False,0.004756342864985027
"Public Policy, Sanford School of",History,False,0.004756342864985027
"Public Policy, Sanford School of",Communication,False,0.004756342864985027
"Public Policy, Sanford School of",Public Policy,False,0.004756342864985027
"Public Policy, Sanford School of",Sociology,False,0.004756342864985027
"Public Policy, Sanford School of",Psychology,False,0.004756342864985027
"Public Policy, Sanford School of",Political Science,False,0.004756342864985027
"Film, Television and Digital Media",Mass Communications and Media Studies,False,0.013249688090690876
Theater,"Theatre Literature, History and Criticism",False,0.011731101169815517
"Literature, Program in",,False,0.023723757465719197
"Literature, Program in",Comparative Literature,False,0.023723757465719197
Theater Studies,"Theatre Literature, History and Criticism",False,0.0067983738148651605
Applied Economics,,False,0.05546689286063768
Natural Resources and Environment,Natural Resources,True,0.9863489832967067
Journalism and Media Studies,Mass Communications and Media Studies,False,0.0005919509387338829
Labor Economics,Economics,False,0.008879720101549311
Music and Theater Arts Section,Music,False,0.0012990789457711753
Theater and Performance Studies,"Theatre Literature, History and Criticism",False,0.005883244036550182
Asian and Middle Eastern Studies,Asian Studies,False,0.0005086962445089205
Asian and Middle Eastern Studies,Near and Middle Eastern Languages and Cultures,False,0.0005086962445089205
Slavic and Eurasian Studies,Slavic Languages and Literatures,False,0.0405381580427044
East Asian Languages and Civilizations,Asian Languages,False,0.0004071546453655495
East Asian Languages and Civilizations,Asian Studies,False,0.0004071546453655495
Public Health Sciences,,True,0.04501456667122911
Public Health Sciences,Biostatistics,True,0.04501456667122911
Biobehavioral Nursing Science,Nursing,False,0.1262276441241371
Adult Health and Nursing Systems,Nursing,False,0.0028819191588699148
Nursing and Health Studies,Nursing,False,0.034751381292700875
Physiological Nursing,Physiology,True,0.18450175971929722
Physiological Nursing,Nursing,False,0.18450175971929722
Human Ecology,Human Development and Family Sciences,False,0.31568354256002484
Family Health Care Nursing,Nursing,False,0.0039102662433169125
Social and Cultural Analysis,Gender Studies,False,0.0006702759859928154
Cultural Anthropology,Anthropology,False,0.00028633496899756444
Biophysics,Biophysics,True,0.9688455530302409
Pharmacology and Cancer Biology,Pharmacology,True,0.9996119150475454
Pharmacology and Cancer Biology,,True,0.9996119150475454
Nutritional Sciences,Nutrition Sciences,False,0.2985636109151056
Molecular Physiology and Biophysics,Biophysics,True,0.9991490811953054
Molecular Physiology and Biophysics,Physiology,True,0.9991490811953054
Biochemistry,,True,0.9871215548421132
"Art, Art History and Visual Studies",Art History and Criticism,False,0.00193375296913166
"Gender, Sexuality and Feminist Studies",Gender Studies,False,6.350748506679824e-05
"Counseling, Educational Psychology and Special Education",Counselor Education,False,0.0011376219021674576
"Counseling, Educational Psychology and Special Education",,False,0.0011376219021674576
"Counseling, Educational Psychology and Special Education",Special Education,False,0.0011376219021674576
"Counseling, Educational Psychology and Special Education",Educational Psychology,False,0.0011376219021674576
South Asian Studies,Asian Languages,False,0.0003503385902925502
South Asian Studies,Asian Studies,False,0.0003503385902925502
Evolutionary Anthropology,Anthropology,False,0.3302126788927987
Human Evolutionary Biology,Evolutionary Biology,True,0.6686528789613178
African-American Studies,,False,0.0005692433439599767
Classical Studies,Classics and Classical Languages,False,0.007561590979159394
Divinity,Theological Studies,False,0.008758324072708549
Theology,Theological Studies,False,0.001483930993072511
Middle Eastern and South Asian Studies,Near and Middle Eastern Languages and Cultures,False,0.0008932295528613878
Agricultural Economics and Rural Sociology,Agricultural Economics,False,0.059928394809586796
Agricultural Economics and Rural Sociology,Sociology,False,0.059928394809586796
"Nutrition Science and Policy, Friedman School of",Nutrition Sciences,False,0.018088338668674108
Food and Nutrition Policy and Programs,Public Health,False,0.13373197773279305
Biblical Studies,Theological Studies,False,0.04881919033010614
Practical Theology,Theological Studies,False,0.0034834757658523995
Religion,Theological Studies,False,0.00014547929383736542
Near Eastern and Judaic Studies,Religious Studies,False,0.001196957461625427
Near Eastern and Judaic Studies,Near and Middle Eastern Languages and Cultures,False,0.001196957461625427
"Science, Technology and Values",Philosophy,False,0.05331958477942246
"Science, Technology and Values",History,False,0.05331958477942246
"Environmental Studies, Program in",Natural Resources,True,0.7177902134933449
Botany and Plant Sciences,Plant Sciences,True,0.9989872909132558
Botany and Plant Sciences,,True,0.9989872909132558
Plant Biology,,True,0.9996549784681216
Psychology,,False,0.12700437031632247
Psychology,,True,0.12700437031632247
Organismal Biology and Anatomy,Anatomy,True,0.9778531245477075
Organismal Biology and Anatomy,Evolutionary Biology,True,0.9778531245477075
Policy Analysis and Management,Public Policy,False,0.011747740823226537
Environmental Science and Management,Environmental Sciences,True,0.8517213843985406
"Civil, Construction and Environmental Engineering",Civil Engineering,True,0.975961928220966
"Civil, Construction and Environmental Engineering",Environmental Engineering,True,0.975961928220966
Forestry and Environmental Resources,Forestry and Forest Resources,True,0.9946233002244229
Forestry and Environmental Resources,Natural Resources,True,0.9946233002244229
Germanic Languages,Germanic Languages and Literatures,False,0.0027703026629427854
German and Russian Studies,Germanic Languages and Literatures,False,0.0014568095001262133
German and Russian Studies,Slavic Languages and Literatures,False,0.0014568095001262133
German and Russian Languages and Literatures,Slavic Languages and Literatures,False,0.0028214355237782874
German and Russian Languages and Literatures,Germanic Languages and Literatures,False,0.0028214355237782874
Pharmacology and Therapeutics,Pharmacology,True,0.9987892259652673
Pharmacology and Therapeutics,Pharmaceutical Sciences,True,0.9987892259652673
Cinema and Digital Media,Mass Communications and Media Studies,False,0.07741683676728724
Foreign Languages and Literatures,,False,0.008233006513231434
Molecular Microbiology and Immunology,Microbiology,True,0.999428514092752
Molecular Microbiology and Immunology,Immunology,True,0.999428514092752
Biochemistry Department,Biochemistry,True,0.9794634186120088
Molecular and Cellular Pharmacology,Pharmacology,True,0.9999552979232691
Molecular and Cellular Pharmacology,,True,0.9999552979232691
Immunology,Immunology,True,0.9759891942785371
Microbiology and Physiological Systems,Microbiology,True,0.9937303339564405
Microbiology and Physiological Systems,Immunology,True,0.9937303339564405
Microbiology and Physiological Systems,,True,0.9937303339564405
Immunology and Microbiology,Immunology,True,0.9937135958021865
Information Systems and Decision Sciences,Information Technology,True,0.5706758662412065
Information Systems and Decision Sciences,Management,False,0.5706758662412065
Information Systems and Decision Sciences,Management Information Systems,False,0.5706758662412065
Business Management,Marketing,False,0.0026988330749552676
Business Management,Finance,False,0.0026988330749552676
Business Management,Information Technology,True,0.0026988330749552676
Business Management,Operations Research,True,0.0026988330749552676
Business Management,Business Administration,False,0.0026988330749552676
Business Management,Management,False,0.0026988330749552676
Operations and Information Management,Management Information Systems,False,0.6554194490039509
Operations and Information Management,Operations Research,True,0.6554194490039509
Supply Chain Management,Management,False,0.017717918961313472
Supply Chain Management,Operations Research,True,0.017717918961313472
Accounting,Business Administration,False,0.003145972776140332
Veterinary Medicine,Veterinary Medical Sciences,True,0.9317662463285752
Molecular and Cellular Biochemistry,Biochemistry,True,0.9995808002386607
"Genetics, Development and Cell Biology",Genetics,True,0.9870654818898504
"Genetics, Development and Cell Biology",,True,0.9870654818898504
"Genetics, Development and Cell Biology",Cell Biology,True,0.9870654818898504
Life Sciences,Biological Sciences,True,0.5230421114638978
Life Sciences,Microbiology,True,0.5230421114638978
Life Sciences,Molecular Biology,True,0.5230421114638978
Psychological and Brain Sciences,,True,0.42113009761303194
Psychological and Brain Sciences,Psychology,False,0.42113009761303194
Marketing and Logistics,Marketing,False,0.04782816449445762
Managerial Studies,Management,False,0.023310660695796615
Management and Entrepreneurship,Management,False,0.0040048488353847745
Media,Communication,False,0.0006016952596520017
Media,Mass Communications and Media Studies,False,0.0006016952596520017
"African, African American, and Diaspora Studies",,False,0.0019687024291554964
Central Eurasian Studies,,False,0.01800496515059892
History and Philosophy of Science,History,False,0.029222360938004243
History and Philosophy of Science,Philosophy,False,0.029222360938004243
Information Studies,Information Science,True,0.7394293794118552
Information Sciences and Technology,Information Science,True,0.9543342192310981
Information Sciences and Technology,Information Technology,True,0.954334203665625
"Electrical, Computer, and Energy Engineering",Computer Engineering,True,0.9862625197773246
"Electrical, Computer, and Energy Engineering",Electrical Engineering,True,0.9862625197773246
Instructional Systems Technology,,False,0.023634005498335494
Intelligent Systems Engineering,Systems Engineering,True,0.9870157215184721
"Computer Sciences, Khoury College of",Computer Science,True,0.8076216727012044
"Computer Sciences, Khoury College of",Information Science,True,0.8076216727012044
Social and Decision Sciences,,False,0.0302694483058198
Computer Science & Engineering,Computer Science,True,0.9925867797061982
Physics,Materials Engineering,True,0.9857670108764305
Physics,Biophysics,True,0.9857670108764305
Medicinal Chemistry,Pharmaceutical Sciences,True,0.9981616799267501
Chemistry and Biochemistry,Molecular Biology,True,0.9916158603549292
Journalism and Mass Communication,Mass Communications and Media Studies,False,0.0005426218390195911
Communications,Communication,False,0.03106235309558545
Communications,Mass Communications and Media Studies,False,0.03106235309558545
Journalism and Telecommunications,Mass Communications and Media Studies,False,0.0018769146930064054
Film-Video and Media Studies,Mass Communications and Media Studies,False,0.023637539187783038
Comparative Studies,Comparative Literature,False,0.27505307701068327
Media and Communication,Communication,False,0.0014507035844746358
"Mass Communication, Advertising and Public Relations",Mass Communications and Media Studies,False,0.001105998763801431
Communication and Journalism,Mass Communications and Media Studies,False,0.0008041937016943265
Communication and Journalism,Communication,False,0.0008041937016943265
Kinesiology,"Exercise Science, Kinesiology, Rehab, Health",False,0.07360223164981858
Media Arts and Production,Communication,False,0.00447473505700023
Media Studies,Mass Communications and Media Studies,False,0.0003678409716549631
Journalism and Communication,Communication,False,0.0004927970427123616
Journalism and Communication,Mass Communications and Media Studies,False,0.0004927970427123616
Apparel Merchandising and Interior Design,,False,0.0007341127196078018
Design and Human Environment,,False,0.03198821098699699
Fashion and Apparel Studies,,False,0.0025203653939658887
"Apparel, Textiles and Interior Design",,False,0.0013241365854761433
Fiber Science and Apparel Design,,False,0.12864733811147452
Entrepreneurship and Emerging Enterprises,,False,0.008319139559830388
Operations Management,Management Information Systems,False,0.1553783236359458
"Organizations, Strategy and International Management",,False,0.007000715873757374
Organizational Sciences and Communication,Communication,False,0.024046709673318574
Entrepreneurship and Innovation Group (CoBA),,False,0.09899025703273646
Epidemiology and Biostatistics,Public Health,False,0.9940544260835582
Nutrition Science and Dietetics,Nutrition Sciences,False,0.18647943639295167
Nutrition Science and Dietetics,Public Health,False,0.18647943639295167
Nutrition Science and Dietetics,Food Science,True,0.18647943639295167
Health Promotion and Behavioral Sciences,"Exercise Science, Kinesiology, Rehab, Health",False,0.04330303740717224
Health Metrics Sciences,,False,0.26361492592294683
Epidemiology,Public Health,False,0.9940711939660394
Biomedical Sciences,,True,0.9228594880482802
Nutrition Sciences,Nutrition Sciences,False,0.15624515039374115
Foreign Languages and Literature,,False,0.0019111097718139964
Folklore and Ethnomusicology,Anthropology,False,0.0002868893799046203
"Music, Theatre and Dance",Music,False,0.00865962790118866
Music and Performing Arts Professions,Music,False,0.0018741094838920149
Music Education,,False,0.0012081922206226038
"Music and Dance, Conservatory of",Music,False,0.002192861125907429
Social Transformation,Gender Studies,False,0.010435897284776337
Transnational Studies,,False,0.0021015069875457296
Transnational Studies,Gender Studies,False,0.0021015069875457296
Sociology and Anthropology,Sociology,False,0.004918535599251156
Sociology and Anthropology,Anthropology,False,0.004918535599251156
Near Eastern Languages and Cultures,Near and Middle Eastern Languages and Cultures,False,0.00025871539661727637
Arabic and Islamic Studies,Near and Middle Eastern Languages and Cultures,False,0.0007418113441982127
Educational Leadership and Policy Studies,Education Administration,False,0.004150317093823538
"Educational Policy, Organization and Leadership",Education Administration,False,0.006471687938176955
Educational Leadership and Policies,Education Administration,False,0.027680925266925328
"Leadership, Counseling, Adult, Career and Higher Education",,False,0.0019356505433365107
"Leadership, Counseling, Adult, Career and Higher Education",Counselor Education,False,0.0019356505433365107
"Leadership, Counseling, Adult, Career and Higher Education",Education Administration,False,0.0019356505433365107
Educational Leadership and Counseling Psychology,Education Administration,False,0.001098217244903496
Educational Leadership and Counseling Psychology,,False,0.001098217244903496
Educational Administration,,False,0.009019034351418306
Educational Administration,Education Administration,False,0.009019034351418306
Educational Psychology and Counseling,,False,0.0008809884961745579
Educational Psychology and Counseling,Educational Psychology,False,0.0008809884961745579
"Educational Leadership, Policy and Technology Studies",Education Administration,False,0.01807819810702866
Teacher Education,,False,0.002381670470673667
Curriculum and Instruction,Curriculum and Instruction,False,0.006347249292722862
Higher Education and Student Affairs,,False,0.0016702364264584626
Counseling and Educational Psychology,,False,0.0006639353721443204
Counseling and Educational Psychology,Counselor Education,False,0.0006639353721443204
Counseling and Educational Psychology,Educational Psychology,False,0.0006639353721443204
Education Studies,Education,False,0.0037197986669547023
"Literacy, Culture and Language Education",,False,0.005091347124449841
"Special Education, Foundations and Research",Special Education,False,0.013773905150685046
Education and Public Service,Education,False,0.0156992983311757
Comparative Human Development,Human Development and Family Sciences,False,0.0034792569754862794
Criminal Justice,Criminal Justice and Criminology,False,0.017684223163445367
International Service,International Affairs,False,0.003889322646530452
"Business, Mason School of",,False,0.21477317411892835
Public Policy,Environmental Sciences,True,0.0025061619329395913
Public Policy,Public Administration,False,0.002506153621807997
"Government and Public Affairs, Wilder School of",Political Science,False,0.1710215996905743
"Government and Public Affairs, Wilder School of",Public Administration,False,0.1710215996905743
Political Science and Public Administration,Political Science,False,0.0038993379478981585
Public Administration,Public Administration,False,0.006159885911551195
"Recreation, Park and Tourism Studies","Health, Physical Education, Recreation",False,0.016426213872173606
Social and Behavioral Sciences,Communication,False,0.14100687146995497
Public Administration and Policy,Public Administration,False,0.005499295322814633
Public Administration and Policy,Public Policy,False,0.005499295322814633
Applied Psychology,,False,0.02946323053537463
"Educational Research, Measurement and Evaluation",,False,0.0744547863690587
Informatics,Information Science,True,0.9309853791724152
Counseling and School Psychology,,False,0.001750636728851385
Psychological Sciences,,False,0.2914631892769388
Rhetoric and Writing,,False,0.0006159211294539553
Applied Health Sciences,Nutrition Sciences,False,0.22809577032034492
Applied Health Sciences,Public Health,False,0.22809577032034492
Applied Health Sciences,Human Development and Family Sciences,False,0.22809577032034492
Physiology and Health Science,Nutrition Sciences,False,0.6185980318467638
Physiology and Health Science,Physiology,True,0.6185980318467638
Family and Community Medicine,,True,0.5154650696357697
Learning Sciences and Human Development,,False,0.02596924385792715
Medical Sciences,,True,0.8823397439652256
Health Sciences,,True,0.1651851096504982
Cellular and Integrative Physiology,,True,0.9987046203762777
Cellular and Integrative Physiology,Biophysics,True,0.9987046203762777
Cellular and Integrative Physiology,Physiology,True,0.9987046203762777
Cellular and Integrative Physiology,Cell Biology,True,0.9987046203762777
Cellular and Integrative Physiology,Anatomy,True,0.9987046203762777
Health and Rehabilitation Science,Nutrition Sciences,False,0.0458525666465868
Health and Rehabilitation Science,"Exercise Science, Kinesiology, Rehab, Health",False,0.0458525666465868
"Health, Human Performance and Recreation","Health, Physical Education, Recreation",False,0.018276681677892603
Social and Family Dynamics,Sociology,False,0.022096649980224044
Health and Nutritional Sciences,Nutrition Sciences,False,0.08143347958568513
Nutrition Science,Food Science,True,0.10429992068109983
Nutrition Science,Nutrition Sciences,False,0.10429992068109983
Sociology and Criminal Justice,Sociology,False,0.007293626742951348
Sociology and Criminal Justice,Criminal Justice and Criminology,False,0.007293626742951348
"Educational Leadership, Evaluation, and Organizational Development",,False,0.046485425272741285
"Educational Leadership, Evaluation, and Organizational Development",Education Administration,False,0.046485425272741285
Human Resource Development,,False,0.007578336082462836
Curriculum and Instruction,Education Administration,False,0.006347249292722862
Geological Sciences,Geology,True,0.7080849630494115
Geosciences,Geology,True,0.8622700215335095
Criminal Justice and Criminology,Criminal Justice and Criminology,False,0.11364240808612455
Criminology and Criminal Justice,Criminal Justice and Criminology,False,0.09362957563464822
Cinematic Arts,Comparative Literature,False,0.09228641516843172
Geography and Development,Urban and Regional Planning,False,0.028583282640910833
Geography and Development,Geography,False,0.028583282640910833
"Arid Lands Resource Sciences, GIDP",Natural Resources,True,0.9470045814389005
"Earth, Environmental, and Marine Sciences",Geology,True,0.9872299293065918
"Earth, Environmental, and Marine Sciences",Marine Sciences,True,0.9872299293065918
"Earth, Environmental, and Marine Sciences",Environmental Sciences,True,0.9872299293065918
American Culture,,False,5.087741079531258e-05
Africana Studies,,False,0.00012624028935700977
"Theatre, Drama and Contemporary Dance","Theatre Literature, History and Criticism",False,0.0058463578891395475
Romance Languages,,False,0.0001118583388416939
Second Language Studies,Linguistics,False,0.024523271207611563
Religion and Culture,Religious Studies,False,3.41245852971823e-05
Speech and Hearing Sciences,Communication Disorders and Sciences,False,0.03584832066860511
Speech and Hearing Sciences,Speech and Hearing Sciences,False,0.03584832066860511
Speech and Hearing Science,Speech and Hearing Sciences,False,0.0839020247007963
Human Evolution and Social Change,Anthropology,False,0.030698058426853525
Human Evolution and Social Change,Evolutionary Biology,True,0.030698058426853525
"Neuroscience, Section of",Neuroscience,True,0.9290034383681288
Health and Wellness Design,Public Health,False,0.0031699185499840625
Community Resources and Development,"Health, Physical Education, Recreation",False,0.12004716176827193
Community Resources and Development,Human Development and Family Sciences,False,0.12004716176827193
Travel Industry Management,,False,0.01961117988245704
Health and and Human Performance,"Health, Physical Education, Recreation",False,0.034403988921745905
Physical Therapy,"Exercise Science, Kinesiology, Rehab, Health",False,0.0300868892983035
"Parks, Recreation and Tourism Management","Health, Physical Education, Recreation",False,0.07477461910892891
Visual and Performing Arts,"Theatre Literature, History and Criticism",False,0.007125165049496307
Pharmacology and Neuroscience,Neuroscience,True,0.9972189028071897
Pharmacology and Neuroscience,Pharmacology,True,0.9972189028071897
Environmental Sciences and Engineering,Environmental Engineering,True,0.9703974645115865
Environmental Sciences and Engineering,Environmental Sciences,True,0.9703974645115865
Art and Art History,Art History and Criticism,False,0.0007452663004303799
Visualization,Computer Science,True,0.5941160766430398
"Linguistics and Germanic, Slavic, Asian and African Languages",Linguistics,False,0.003747392697608809
Biology and Biochemistry,Biological Sciences,True,0.9924375731031194
Biology and Biochemistry,Biochemistry,True,0.9924375731031194
Exercise and Nutrition Sciences,"Exercise Science, Kinesiology, Rehab, Health",False,0.04409495295724956
Exercise and Nutrition Sciences,Nutrition Sciences,False,0.04409495295724956
Medical and Molecular Genetics,,True,0.9996112570013945
Labor Studies,,False,0.011404584618370099
Romance Languages and Literatures,,False,0.0005171929542939558
Business Law and Ethics,,False,0.004282961899334751
Strategic Management and Public Policy,Management,False,0.003023414830048705
Strategic Management and Public Policy,Public Policy,False,0.003023414830048705
"Insurance, Legal Studies, and Real Estate",,False,0.0023307925545886683
Modern Languages,French Language and Literature,False,0.002073420221743952
Plant Science,Plant Sciences,True,0.9990611360994134
Agronomy and Horticulture,Horticulture,True,0.982401799524184
Agronomy and Horticulture,Agronomy,True,0.982401799524184
Veterinary and Biomedical Sciences,Veterinary Medical Sciences,True,0.9738109290595739
Biomedical Engineering,Agricultural Engineering,True,0.917743937322774
Cellular and Molecular Physiology,Physiology,True,0.9996464678256688
Biobehavioral Health,"Exercise Science, Kinesiology, Rehab, Health",False,0.08015622705766154
Computer and Electrical Engineering and Computer Science,Computer Engineering,True,0.9931393407319901
Computer and Electrical Engineering and Computer Science,Electrical Engineering,True,0.9931393407319901
Computer and Electrical Engineering and Computer Science,Computer Science,True,0.9931393407319901
Ecosystem Sciences and Management,Natural Resources,True,0.9936557777304197
Ecosystem Sciences and Management,Ecology,True,0.9936557777304197
Forest Resources,Forestry and Forest Resources,True,0.9931947463347177
Natural Sciences,Natural Resources,True,0.8577828151798185
Plant Pathology and Environmental Microbiology,Plant Pathology,True,0.9996246425370151
"Wildlife, Fish and Conservation Biology",,True,0.999050031664267
Neuroscience and Regenerative Medicine,Neuroscience,True,0.9148230283678748
"Mechanical, Aerospace, and Nuclear Engineering",,True,0.9779030593969352
"Mechanical, Aerospace, and Nuclear Engineering",Aerospace Engineering,True,0.9779030593969352
"Mechanical, Aerospace, and Nuclear Engineering",Mechanical Engineering,True,0.9779030593969352
Energy and Mineral Engineering,,True,0.9977107381756735
Atmospheric and Oceanic Science,Atmospheric Sciences and Meteorology,True,0.9293214596578198
Atmospheric and Oceanic Science,,True,0.9293214596578198
Meteorology,Atmospheric Sciences and Meteorology,True,0.7146886811861621
Geography and Geoinformation Science,Geology,True,0.08637076157177355
Geography and Geoinformation Science,Geography,False,0.08637076157177355
Sociology and Criminology,Criminal Justice and Criminology,False,0.023821257829536778
Sociology and Criminology,Sociology,False,0.023821257829536778
Geography and Urban Studies,Geography,False,0.005591808607564313
Geography and Urban Studies,Urban and Regional Planning,False,0.005591808607564313
Mechanical and Industrial Engineering,Systems Engineering,True,0.9823625886558242
"Mechanical, Industrial and Manufacturing Engineering",Mechanical Engineering,True,0.9830040280755016
"Mechanical, Industrial and Manufacturing Engineering",Industrial Engineering,True,0.9830040280755016
Industrial and Manufacturing Systems Engineering,Industrial Engineering,True,0.9855833889756604
Industrial and Manufacturing Systems Engineering,Systems Engineering,True,0.9855833889756604
Supply Chain and Information Systems,Information Technology,True,0.2950711143050749
Supply Chain and Information Systems,Operations Research,True,0.2950711143050749
Supply Chain and Information Systems,Management,False,0.2950711143050749
Learning and Performance Systems,,False,0.13382708450450445
Marketing and Global Supply Chain,Management,False,0.006223519541818329
Marketing and Global Supply Chain,Business Administration,False,0.006223519541818329
Applied Behavioral Science,,False,0.22967586317899272
Human Development and Family Studies,Human Development and Family Sciences,False,0.001749643452783152
Language Sciences,Linguistics,False,0.08101469790690331
"Criminology and Justice Studies, The School of",Criminal Justice and Criminology,False,0.08598263431428269
Education Policy Studies,Education Administration,False,0.0027928215744398204
"Teacher Education, Special Education, Curriculum and Instruction",Curriculum and Instruction,False,0.002051230738356304
"Teacher Education, Special Education, Curriculum and Instruction",,False,0.002051230738356304
"Teacher Education, Special Education, Curriculum and Instruction",Special Education,False,0.002051230738356304
Communication Sciences and Disorders,Communication Disorders and Sciences,False,0.07237524647325783
Speech-Language-Hearing: Sciences and Disorders,Communication Disorders and Sciences,False,0.05416970983941882
Audiology and Speech Pathology,Speech and Hearing Sciences,False,0.11256670463091015
"Civil, Environmental and Architectural Engineering",Environmental Engineering,True,0.9595033247774454
"Civil, Environmental and Architectural Engineering",Civil Engineering,True,0.9595033247774454
"Civil, Environmental and Architectural Engineering",Architecture,False,0.9595033247774454
Civil and Architectural Engineering and Construction Management,Civil Engineering,True,0.888503841362834
Architecture and Interior Design,,False,0.0021139970678374356
Advanced Structures,,True,0.6294179664964556
Advanced Structures,,False,0.6294175322081662
Environmental Engineering and Earth Sciences,Environmental Engineering,True,0.9558915798274894
Environmental Engineering and Earth Sciences,Geology,True,0.9558915798274894
Civil and Construction Engineering,Civil Engineering,True,0.9615839732806284
"Building Construction, Rinker School of",,False,0.12426657071936198
African and African-American Studies,,False,0.0006932620024172986
Communication Arts and Sciences,Communication,False,0.008881929446789385
Applied Linguistics,Linguistics,False,0.026334737547119326
Gender and Race Studies,Gender Studies,False,0.0006898468624951281
History of Consciousness,History,False,0.023673723894041
History of Consciousness,Philosophy,False,0.023673723894041
Labor and Employment Relations,,False,0.0075948648823114
Civil & Environmental Engineering,Civil Engineering,True,0.9848783421214777
Civil & Environmental Engineering,Environmental Sciences,True,0.9848783421214777
Civil & Environmental Engineering,Environmental Engineering,True,0.9848783421214777
Geology and Geological Engineering,,True,0.9770533195090343
Geology and Geological Engineering,Geology,True,0.9770533195090343
"Earth, Ocean, and Atmospheric Sciences",Atmospheric Sciences and Meteorology,True,0.9626788617786122
"Earth, Ocean, and Atmospheric Sciences",Geology,True,0.9626788617786122
"Earth, Ocean, and Atmospheric Sciences",,True,0.9626788617786122
Mining Engineering,,True,0.9543369482679973
Petroleum and Geosystems Engineering,,True,0.9987884649496165
"Agricultural Economics,Sociology and Education",Sociology,False,0.07363064147548874
"Agricultural Economics,Sociology and Education",Agricultural Economics,False,0.07363064147548874
Agricultural Economics,Agricultural Economics,False,0.10721707361292258
Petroleum Engineering,,True,0.9959442492778559
Health Services Administration,,False,0.0029694730503574385
Sociology,Social Work,False,0.003116580511409143
Food Science,Food Science,True,0.8988228802852136
Material Science and Engineering,Materials Engineering,True,0.9355920702876526
Agricultural and Biological Engineering,Agricultural Engineering,True,0.9842060794521599
Physics and Engineering Physics,Physics,True,0.9789113300731314
Physics and Engineering Physics,,True,0.9789113300731314
Physics,Astronomy,True,0.9857670108764305
"Health, Physical Education and Recreation","Health, Physical Education, Recreation",False,0.003649312918043023
Atmospheric and Oceanic Sciences,Marine Sciences,True,0.9441180665518549
Marine Sciences,,True,0.9869870077662309
"Statistics, GIDP",Statistics,True,0.5917010042764543
Risk Management,,False,0.10334635869421616
Natural Resources,Natural Resources,True,0.9899650951295573
Electrical Engineering,Computer Engineering,True,0.9425644358464345
Civil Engineering,Environmental Engineering,True,0.9436196760497614
"Civil, Environmental, and Construction Engineering",Environmental Engineering,True,0.977649084831825
"Civil, Environmental, and Construction Engineering",Civil Engineering,True,0.977649084831825
Mathematics (Yc),Mathematics,True,0.8799893366062568
Computer Science (Yc),Computer Science,True,0.9536213458333853
Applied Mathematics,,True,0.9349162973617696
Crop and Soil Sciences,Soil Science,True,0.9978894129642027
Crop and Soil Sciences,Agronomy,True,0.9978894129642027
"Agriculture, Nutrition, and Food Systems",Agronomy,True,0.5681910989523015
"Agriculture, Nutrition, and Food Systems",Nutrition Sciences,False,0.5681910989523015
Horticulture,Horticulture,True,0.983263903470854
"Agriculture, Stockbridge School of",Plant Sciences,True,0.9675561775229162
"Agriculture, Stockbridge School of",Soil Science,True,0.9675561775229162
"Agriculture, Stockbridge School of",Entomology,True,0.9675561775229162
Horticulture and Landscape Architecture,Horticulture,True,0.7936795725544433
Toxicology,,True,0.9956475291101364
Nanoscale Science and Engineering,,True,0.9111215528905359
Drug Discovery and Biomedical Sciences,Pharmaceutical Sciences,True,0.9758184346094213
Drug Discovery and Biomedical Sciences,,True,0.9758184346094213
Pharmaceutical Sciences,Pharmaceutical Sciences,True,0.9960840100362176
"Genetics, Genomics and Informatics",Genetics,True,0.9821531297941062
Classics and Ancient Mediterranean Studies,,False,0.004690235508692684
Classics and Ancient Mediterranean Studies,Classics and Classical Languages,False,0.004690235508692684
Germanic and Slavic Languages,Germanic Languages and Literatures,False,0.0056714866321702015
Germanic and Slavic Languages,Slavic Languages and Literatures,False,0.0056714866321702015
French and Francophone Studies,French Language and Literature,False,0.006956919607840145
Environment and Sustainability,Evolutionary Biology,True,0.9325354136950932
Environment and Sustainability,Ecology,True,0.9325354136950932
Finance and Real Estate,Finance,False,0.0024822464738587756
"Modern Languages, Literatures and Linguistics",Linguistics,False,0.0034779101046847607
"Spanish, Italian and Portuguese",Spanish Language and Literature,False,0.004066914210064013
"Theatre, Film and Television",Mass Communications and Media Studies,False,0.03017368547843243
Theatre and Dance,"Theatre Literature, History and Criticism",False,0.015635727502257786
Nutritional Science,Nutrition Sciences,False,0.2729750337310708
Neural and Behavioral Sciences,Neuroscience,True,0.7746384755239524
Health Services Research,,False,0.10314084931205991
Global and Community Health,Public Health,False,0.08468250096931276
Health Management and Policy,Public Administration,False,0.006306098269781996
Health Management and Policy,Public Policy,False,0.006306098269781996
Population Health Sciences,Biostatistics,True,0.20291923018562383
Population Health Sciences,Epidemiology,True,0.20291923018562383
Communication and Rhetorical Studies,Communication,False,0.0009175319198996307
Communication,Mass Communications and Media Studies,False,0.006428385785975486
Communication Studies,,False,0.001670218489360174
Advertising/Public Relations,Mass Communications and Media Studies,False,0.00011421950179687995
Communication and Media,Communication,False,0.003227014990318599
Communication and Media,,False,0.003227014990318599
Exercise Science,"Exercise Science, Kinesiology, Rehab, Health",False,0.1287194201737175
Kinesiology,"Health, Physical Education, Recreation",False,0.07360223164981858
Kinesiology,,False,0.07360223164981858
Kinesiology and Health Education,"Exercise Science, Kinesiology, Rehab, Health",False,0.0076281595823276885
Community and Environmental Health,Environmental Health Sciences,False,0.04362148960163893
Community and Environmental Health,Public Health,False,0.04362148960163893
Physical Therapy and Athletic Training,"Exercise Science, Kinesiology, Rehab, Health",False,0.006108359142666104
"Educational Psychology, Counseling Psychology and Special Education",Counselor Education,False,0.003416205740674867
"Educational Psychology, Counseling Psychology and Special Education","Exercise Science, Kinesiology, Rehab, Health",False,0.003416205740674867
Agricultural and Extension Education,,False,0.6170164767850526
Agricultural Economics and Economics,Economics,False,0.12150894620376376
Agricultural Economics and Economics,Agricultural Economics,False,0.12150894620376376
Food and Resource Economics,Agricultural Economics,False,0.07938896094951602
Food and Resource Economics,Food Science,True,0.07938896094951602
"Sociology, Anthropology and Social Work",Anthropology,False,0.002695589792391473
"Sociology, Anthropology and Social Work",Sociology,False,0.002695589792391473
"Sociology, Anthropology and Social Work",Social Work,False,0.002695589792391473
Electrical Engineering and Computing Systems,Computer Engineering,True,0.9854525233470497
Electrical Engineering and Computing Systems,Electrical Engineering,True,0.9854525233470497
Library & Information Studies,Information Science,True,0.7641765927298962
Electrical Engineering and Computer Science,Systems Engineering,True,0.9773805764891661
Information Technology,Information Technology,True,0.9054388307766118
"Nuclear, Plasma, and Radiological Engineering",,True,0.9952107125333909
Aerospace and Mechanical Engineering,Mechanical Engineering,True,0.9593963300687374
Aerospace and Mechanical Engineering,Aerospace Engineering,True,0.9593963300687374
Nuclear Engineering and Radiological Sciences,,True,0.9672820630773457
"Counseling, Higher Education, and Special Education",,False,0.0010009559600562916
Leadership and Counselor Education,Counselor Education,False,0.00198229745934499
Leadership and Counselor Education,Education Administration,False,0.00198229745934499
Higher Education,,False,0.002206281818531225
Educational Policy Studies and Evaluation,Education Administration,False,0.010051058145132016
Educational Policy Studies and Evaluation,,False,0.010051058145132016
Educational Administration and Policy Studies,Education Administration,False,0.0070907384905648544
Leadership & Counseling,Education Administration,False,0.0004781939628448785
Leadership & Counseling,Counselor Education,False,0.0004781939628448785
Leadership & Counseling,Educational Psychology,False,0.0004781939628448785
Leadership & Counseling,,False,0.0004781939628448785
"Educational Psychology, School Psychology and Special Education",Educational Psychology,False,0.012497290446810768
"Educational Psychology, School Psychology and Special Education",,False,0.012497290446810768
"Educational Psychology, School Psychology and Special Education",Special Education,False,0.012497290446810768
"Educational Leadership, Policy and Human Development",Education Administration,False,0.014448797441607283
Organizational Studies,Management,False,0.031378566753794405
"Recreation, Park and Tourism Management","Health, Physical Education, Recreation",False,0.11274234025124077
"Health, Kinesiology, and Recreation","Exercise Science, Kinesiology, Rehab, Health",False,0.009303004163350583
"Parks, Recreation and Tourism","Health, Physical Education, Recreation",False,0.07686930148528967
Community and Therapeutic Recreation,"Health, Physical Education, Recreation",False,0.014711558692776794
Human Dimensions of Natural Resources,Natural Resources,True,0.6272801173446216
Accounting and Management Information Systems,Accounting,False,0.04045041706056249
Accounting and Management Information Systems,Management Information Systems,False,0.04045041706056249
Accountancy and Taxation,Accounting,False,0.07637024552380153
"Leadership and Organizational Behavior, Area of",Management,False,0.00485685709237218
"Technology and Operations Management, Area of",,False,0.426800950509468
Marketing and Supply Chain Management,Management Information Systems,False,0.010581886303052974
Marketing and Supply Chain Management,Marketing,False,0.010581886303052974
Food Science and Human Nutrition,Nutrition Sciences,False,0.6518130158558633
Food Science and Human Nutrition,Food Science,True,0.6518130158558633
Clinical Laboratory and Nutritional Sciences,,True,0.8733904994619337
Clinical Laboratory and Nutritional Sciences,Pharmaceutical Sciences,True,0.8733904994619337
Clinical Laboratory and Nutritional Sciences,Nutrition Sciences,False,0.8733904994619337
Foods and Nutrition,Nutrition Sciences,False,0.35416616132343554
Foods and Nutrition,Food Science,True,0.35416616132343554
Physiology and Pharmacology,Pharmacology,True,0.9989636845091159
Physiology and Pharmacology,Physiology,True,0.9989636845091159
Biomedical Sciences Program,,True,0.9050600344532478
Biomedical Sciences Program,Nutrition Sciences,False,0.9050600344532478
Biomedical Sciences Program,"Exercise Science, Kinesiology, Rehab, Health",False,0.9050600344532478
"Health and Nutrition, Wegmans School of",Nutrition Sciences,False,0.13885194612692575
"Health and Nutrition, Wegmans School of","Exercise Science, Kinesiology, Rehab, Health",False,0.13885194612692575
Epidemiology and Environmental Health,Epidemiology,True,0.6802775415346876
Molecular and Integrative Physiology,Physiology,True,0.9986653165781757
Molecular and Integrative Physiology,Molecular Biology,True,0.9986653165781757
Animal Science,Animal Sciences,True,0.9939869909308836
Infectious Diseases,Pathology,True,0.9815248319013579
Infectious Diseases,Veterinary Medical Sciences,True,0.9815248319013579
"Comparative, Diagnostic, and Population Medicine",Veterinary Medical Sciences,True,0.9407162104972888
Animal Sciences,Animal Sciences,True,0.9930562399661435
Polymer Science and Engineering,Materials Engineering,True,0.9958675980616978
Molecular Biology and Biochemistry,Biochemistry,True,0.9992008998685428
Molecular Biology and Biochemistry,Molecular Biology,True,0.9992008998685428
Molecular Biology and Biochemistry,,True,0.9992008998685428
Biostatistics and Informatics,Biostatistics,True,0.9873802441976262
Biostatistics and Informatics,,True,0.9873802441976262
Applied and Computational Mathematics and Statistics,,True,0.9959557410195451
Applied and Computational Mathematics and Statistics,Statistics,True,0.9959557410195451
Mathematical and Statistical Sciences,Mathematics,True,0.9821978379753213
Mathematical and Statistical Sciences,Statistics,True,0.9821978379753213
Mathematical and Statistical Sciences,,True,0.9821978379753213
Art and Design,,False,0.0007452173858094561
Bioethics,Philosophy,False,0.37203939076952053
Educational Policy Studies and Practice,Education Administration,False,0.003525067976336957
"Teaching, Learning and Sociocultural Studies",,False,0.0009973101048500446
"Teaching, Learning and Sociocultural Studies",Curriculum and Instruction,False,0.0009973101048500446
Educational Policy and Leadership,Education Administration,False,0.006927679649002244
Teacher Education and Leadership,Education Administration,False,0.004936428733203732
Teacher Education and Leadership,,False,0.004936428733203732
Instruction and Curriculum Leadership,Curriculum and Instruction,False,0.010658926831303137
Psychology and Social Foundations,Counselor Education,False,0.023063880051106034
Psychology and Social Foundations,,False,0.023063880051106034
"Early Childhood, Special Education, and Rehabilitation Counseling","Exercise Science, Kinesiology, Rehab, Health",False,0.0004426226374319406
"Early Childhood, Special Education, and Rehabilitation Counseling",Special Education,False,0.0004426226374319406
"Early Childhood, Special Education, and Rehabilitation Counseling",,False,0.0004426226374319406
Educational Psychology,,False,0.0014669847774258485
Career and Information Studies,Curriculum and Instruction,False,0.2107197105746829
Career and Information Studies,,False,0.2107197105746829
Instructional Technology and Learning Sciences,,False,0.06756010771874987
Instructional Technology and Learning Sciences,Curriculum and Instruction,False,0.06756010771874987
Counselor Education,Counselor Education,False,0.0003284332373431246
Counselor Education,Special Education,False,0.0003284332373431246
"Counseling, Psychology and Special Education",Counselor Education,False,0.0016856346817134573
"Counseling, Psychology and Special Education",Special Education,False,0.0016856346817134573
Counseling and Higher Education,Counselor Education,False,0.0006482062306705031
Counseling and Higher Education,,False,0.0006482062306705031
Special Education,Special Education,False,0.002973165481933869
Learning Technologies,Information Technology,True,0.5598873532207456
Health Policy and Administration,Public Health,False,0.016354070316287467
Health Policy and Public Health,Public Health,False,0.030719492861468255
Biological and Agricultural Engineering,Agricultural Engineering,True,0.9869378593345776
Nutrition and Health Promotion,Nutrition Sciences,False,0.02109094272700333
Aging Studies,,False,0.07652082749365777
"Curriculum, Instruction and Special Education",Curriculum and Instruction,False,0.0020166777771935276
"Curriculum, Instruction and Special Education",Special Education,False,0.0020166777771935276
Human Development,Human Development and Family Sciences,False,0.005099200103055529
Human Development and Family Science,Human Development and Family Sciences,False,0.007008872018989804
Human Services (Education),,False,0.0025073069029107305
Health and Human Performance,"Exercise Science, Kinesiology, Rehab, Health",False,0.04487610982512906
Public Health Education,Public Health,False,0.006889766665831158
Chemical and Biochemical Engineering,Chemical Engineering,True,0.9924675303235648
Polymer Engineering,Materials Engineering,True,0.9960146301795986
"History of Art and Architecture, Department of the",Art History and Criticism,False,0.0049481614114948915
Criminal Justice and Political Science,Public Policy,False,0.018709434239053312
Criminal Justice and Political Science,Political Science,False,0.018709434239053312
Criminal Justice and Political Science,Criminal Justice and Criminology,False,0.018709434239053312
Human Resource Management,,False,0.001635562169561738
Behavioral and Organizational Sciences,,False,0.03572418533060863
Population Health Sciences,Public Health,False,0.20291923018562383
Health Management and Policy,Public Health,False,0.006306098269781996
Health Administration,Public Health,False,0.0140830906514186
Human Sciences,Human Development and Family Sciences,False,0.013623447847486553
Human Sciences,Nutrition Sciences,False,0.013623447847486553
Human Sciences,"Exercise Science, Kinesiology, Rehab, Health",False,0.013623447434957494
Counselor Education and Counseling Psychology,Counselor Education,False,0.0002398842870641172
Counselor Education and Counseling Psychology,,False,0.0002398842870641172
Psychology In Education,Educational Psychology,False,0.008213827139725977
Health and Human Development,Human Development and Family Sciences,False,0.006541242327088291
Curriculum & Instruction,Curriculum and Instruction,False,0.005436491045978732
"Modern and Classical Languages, Literatures and Cultures",Classics and Classical Languages,False,0.003226278683867964
Medical Genetics And Molecular Biochemistry,Biochemistry,True,0.999641403134986
"Nutrition, Food and Exercise Sciences","Exercise Science, Kinesiology, Rehab, Health",False,0.07533024861606051
"Nutrition, Food and Exercise Sciences",Nutrition Sciences,False,0.07533024861606051
"Nutrition, Food and Exercise Sciences",Food Science,True,0.07533024861606051
Molecular Biology and Genetics,Genetics,True,0.9997365652000363
Molecular Biology and Genetics,Molecular Biology,True,0.9997365652000363
Microbial Pathogenesis and Immunology,Biological Sciences,True,0.9994862885832896
Microbial Pathogenesis and Immunology,Microbiology,True,0.9994862885832896
Microbial Pathogenesis and Immunology,Immunology,True,0.9994862885832896
Quantitative Health Sciences,,False,0.2341936608541054
"Epidemiology, Program in",Epidemiology,True,0.9550337166047079
Agronomy,Agronomy,True,0.9622064729375015
Ecological and Environmental Engineering,Environmental Engineering,True,0.9937476294834863
"Applied Sciences, Technology, and Education",,False,0.28500600160774453
Biological Engineering,Agricultural Engineering,True,0.9680975982652477
Industrial/Manufacturing Systems Engineering,Industrial Engineering,True,0.9798033543548271
Industrial/Manufacturing Systems Engineering,Systems Engineering,True,0.9798033543548271
Planning,Urban and Regional Planning,False,0.1570572775617928
Environment and Design,,False,0.08257963243435157
"Food, Nutrition, and Packaging Science",Food Science,True,0.9004437603466042
"Food, Nutrition, and Packaging Science",Nutrition Sciences,False,0.9004437603466042
Food Science and Technology,Food Science,True,0.9094815221372834
Pharmacology and Physiology,Pharmacology,True,0.9988186202817341
Pharmacology and Physiology,Physiology,True,0.9988186202817341
Basic Medical Sciences,,True,0.9624267914352455
Entomology and Plant Pathology,Entomology,True,0.9994685283253648
Entomology and Plant Pathology,Plant Pathology,True,0.9994685283253648
Plant Pathology,Plant Pathology,True,0.9995611774313264
Telecommunications,Mass Communications and Media Studies,False,0.09312298382925632
Journalism and Media Management,Mass Communications and Media Studies,False,0.0014381110616949505
Journalism and Media Communication,Communication,False,0.0006150048722917981
Journalism and Media Communication,Mass Communications and Media Studies,False,0.0006150048722917981
Languages,,False,0.0012591251157186526
Comparative Literature and Foreign Languages,Comparative Literature,False,0.009738941910133815
World Languages and Cultures,,False,0.0025730668945657285
Commerce,Business Administration,False,0.009700741853798194
Public Relations,Mass Communications and Media Studies,False,8.253322704219691e-05
Hospitality Management,,False,0.015365566026908967
Hospitality Administration,,False,0.04475291269352315
Comparative Medicine,,True,0.5942500721365425
Cognitive Sciences,,True,0.8797226082495812
Cognitive Sciences,Psychology,False,0.8797226082495812
Behavioral Neuroscience,Neuroscience,True,0.896687836030452
Neuroscience,,True,0.8895264532436166
Neurobiology and Anatomy,Anatomy,True,0.9908371483574359
Neurobiology and Anatomy,Neuroscience,True,0.9908371483574359
Engineering Fundamentals,,True,0.7290017617194786
Consumer Science,,False,0.12141734769392878
Mechanical Engineering-Engineering Mechanics,Mechanical Engineering,True,0.9692150480768783
Mechanical Engineering-Engineering Mechanics,,True,0.9692150480768783
Computer Science and Electrical Engineering,Electrical Engineering,True,0.9871905311664817
Computer Science and Electrical Engineering,Computer Science,True,0.9871905311664817
Computer Science and Electrical Engineering,Computer Engineering,True,0.9871905311664817
"Earth, Atmospheric, and Planetary Sciences",Atmospheric Sciences and Meteorology,True,0.9469912724401549
"Earth, Atmospheric, and Planetary Sciences",Geology,True,0.9469912724401549
Industrial Technology,Industrial Engineering,True,0.9036444101060168
"Mechanical Engineering Technology, Department of (Calumet)",Mechanical Engineering,True,0.9676367213295551
Technology Leadership and Innovation,,False,0.20258738755898129
Mechanical and Materials Engineering,Mechanical Engineering,True,0.9655230999857295
Mechanical and Materials Engineering,Materials Engineering,True,0.9655230999857295
Materials Science and Mechanical Engineering Area,Materials Engineering,True,0.9889282095082175
Scientific Computing,,True,0.9954513940575405
"Engineering of Matter, Transport and Energy, School for - Materials Science and Engineering Faculty",Materials Engineering,True,0.9695630969385546
"Civil, Environmental and Construction Engineering",Civil Engineering,True,0.9855554813461632
"Civil, Environmental and Construction Engineering",Environmental Engineering,True,0.9855554813461632
Engineering Technology and Construction Management,,True,0.8715141016846321
Engineering and Computer Sciences,,True,0.9890054276103303
Engineering and Computer Sciences,Computer Science,True,0.9890054276103303
Medicinal Chemistry and Molecular Pharmacology,,True,0.9995626685514569
Medicinal Chemistry and Molecular Pharmacology,Pharmaceutical Sciences,True,0.9995626685514569
"Biochemistry, Molecular Biology and Biophysics",Biophysics,True,0.9967549916995566
"Biochemistry, Molecular Biology and Biophysics",Biochemistry,True,0.9967549916995566
"Biochemistry, Molecular Biology and Biophysics",Molecular Biology,True,0.9967549916995566
"Cancer Biology, GIDP",,True,0.9984296473191439
Biomolecular Sciences,Pharmaceutical Sciences,True,0.997493591295289
Pharmacology,Biochemistry,True,0.9987037143569802
Pharmacology,,True,0.9987037143569802
Mechanical and Aeronautical Engineering,Aerospace Engineering,True,0.9680723082186397
Mechanical and Aeronautical Engineering,Mechanical Engineering,True,0.9680723082186397
Mechanical Engineering and Material Science,Materials Engineering,True,0.9481916200274407
Mechanical Engineering and Material Science,Mechanical Engineering,True,0.9481916200274407
Civil and Environmental Engineering,,True,0.9833493414184741
Civil and Environmental Engineering,Systems Engineering,True,0.9833493414184741
Engineering,,True,0.9716423767310511
Environmental and Radiological Health Sciences,Environmental Health Sciences,False,0.3835659143628591
Engineering Education,,False,0.7385137790303391
Biological Systems Engineering,Agricultural Engineering,True,0.9845198372233354
Engineering Education,,True,0.7385137790303391
Biomedical Engineering,Environmental Engineering,True,0.917743937322774
Biomedical Engineering,Chemical Engineering,True,0.917743937322774
Engineering Technology and Industrial Distribution,,True,0.8961713535773491
Information Science and Learning Technologies,Information Science,True,0.8867464796233303
Veterinary Biomedical Science,Veterinary Medical Sciences,True,0.9790667651040892
Animal Science and Food and Nutrition,Animal Sciences,True,0.9599535553075811
Animal Science and Food and Nutrition,Food Science,True,0.9599535553075811
Animal Science and Food and Nutrition,Nutrition Sciences,False,0.9599535553075811
Youth Development and Agricultural Education,,False,0.01519785716385946
Comparative Pathobiology,Veterinary Medical Sciences,True,0.9901141266153294
Poultry Science,Animal Sciences,True,0.9845013784922209
Food Science and Nutrition,Nutrition Sciences,False,0.7619034692813932
Food Science and Nutrition,Food Science,True,0.7619034692813932
Exercise Science and Sport Studies,"Exercise Science, Kinesiology, Rehab, Health",False,0.06071640359335997
Nutrition and Exercise Physiology,"Exercise Science, Kinesiology, Rehab, Health",False,0.030691277764589152
Nutrition and Exercise Physiology,Nutrition Sciences,False,0.030691277764589152
"Agriculture, Nutrition and Veterinary Sciences",Veterinary Medical Sciences,True,0.867796014571501
Earth and Environmental Science,Geology,True,0.9588685559327329
Earth and Environmental Science,Environmental Sciences,True,0.9588685559327329
Botany and Plant Pathology,,True,0.9991991266267777
Botany and Plant Pathology,Plant Pathology,True,0.9991991266267777
Microbiology and Plant Biology,,True,0.9993858967463105
Microbiology and Plant Biology,Microbiology,True,0.9993858967463105
"Plant, Soil, and Agricultural Systems",Soil Science,True,0.9893087796863851
"Plant, Soil, and Agricultural Systems",Plant Sciences,True,0.9893087796863851
Plant Pathology and Crop Physiology,Plant Sciences,True,0.9990277715847438
Plant Pathology and Crop Physiology,Plant Pathology,True,0.9990277715847438
"Journalism and Mass Communication, Gaylord College of",Mass Communications and Media Studies,False,0.004694674497181923
Journalism and Creative Media,Mass Communications and Media Studies,False,0.0008285861575913703
Educational Studies,Education,False,0.0039752527752428815
Applied Health and Educational Psychology,Educational Psychology,False,0.0027146653343328576
Learning and Instruction,Curriculum and Instruction,False,0.02984671203415873
Counseling and Educational Development,Counselor Education,False,0.0006894192756284782
"Educational, School and Counseling Psychology",Educational Psychology,False,0.002658911858250914
"Educational, School and Counseling Psychology",,False,0.002658911858250914
"Psychological, Health, and Learning",Educational Psychology,False,0.04858990559711958
Theoretical and Behavioral Foundations,,False,0.24316456572225836
Psychology and Behavioral Sciences,Psychology,False,0.13806340140422385
"Leadership, Educational Psychology and Foundations",Educational Psychology,False,0.0027353633355779775
"Leadership, Educational Psychology and Foundations",,False,0.0027353633355779775
"Leadership, Educational Psychology and Foundations",Education Administration,False,0.0027353633355779775
Atmospheric Sciences,Atmospheric Sciences and Meteorology,True,0.9043289943633196
Marine and Atmospheric Sciences (SoMAS),Marine Sciences,True,0.9786279742585593
Marine and Atmospheric Sciences (SoMAS),Atmospheric Sciences and Meteorology,True,0.9786279742585593
"Earth, Atmospheric and Planetary Sciences",Geology,True,0.9434814514034452
"Earth, Atmospheric and Planetary Sciences",Atmospheric Sciences and Meteorology,True,0.9434814514034452
Plant Science and Landscape Architecture,Plant Sciences,True,0.9838343409753945
Environmental Science and Technology,Environmental Sciences,True,0.909231371550352
Plant and Soil Sciences,Plant Sciences,True,0.9990504280784194
Plant and Soil Sciences,Soil Science,True,0.9990504280784194
Earth Science,Geology,True,0.8415406825611743
Computational and Applied Mathematics,,True,0.9953974400833895
Computational and Applied Mathematics,,True,0.9953974340252817
"Mathematics, Statistics and Computer Science",Computer Science,True,0.9919106324621362
"Mathematics, Statistics and Computer Science",Mathematics,True,0.9919106324621362
"Mathematics, Statistics and Computer Science",Statistics,True,0.9919106324621362
Biomedical Science and Pathobiology,Veterinary Medical Sciences,True,0.9926703040199518
Biomedical Science and Pathobiology,,True,0.9926703040199518
Veterinary Pathobiology,Veterinary Medical Sciences,True,0.9799454741538252
Diagnostic Medicine/Pathobiology,Pathology,True,0.983588384026441
Veterinary Clinical Sciences,Veterinary Medical Sciences,True,0.9666568899014918
Aviation Technology,Aerospace Engineering,True,0.7202305715858487
Agricultural and Consumer Economics,Agricultural Economics,False,0.018779720959382934
Agricultural and Consumer Economics,Human Development and Family Sciences,False,0.018779720959382934
Agricultural and Applied Economics,Agricultural Economics,False,0.1427791511843146
Agricultural and Applied Economics,,False,0.1427791511843146
Forestry and Natural Resources,Natural Resources,True,0.9868339795616071
Forestry and Natural Resources,Forestry and Forest Resources,True,0.9868340047702497
"Food, Bioprocessing and Nutrition Sciences",Food Science,True,0.9185529251757603
"Food, Bioprocessing and Nutrition Sciences",Nutrition Sciences,False,0.9185529251757603
Dairy Science,Animal Sciences,True,0.6135924504306619
Dairy Science,Food Science,True,0.6135924504306619
Agriculture and Food Sciences,Food Science,True,0.8810781885749528
Veterinary Clinical Medicine,Veterinary Medical Sciences,True,0.9155359230052531
Clinical Sciences,Veterinary Medical Sciences,True,0.9045322694953952
Small Animal Clinical Sciences,Veterinary Medical Sciences,True,0.9908951201265127
Surgical and Radiological Sciences,Veterinary Medical Sciences,True,0.947970505728134
"Retail, Hospitality and Tourism Management",,False,0.06251225123848028
Hospitality and Tourism Management,,False,0.019987580478335813
"Business, Stuart School of",Management,False,0.1337389460961731
"Business, Stuart School of",Business Administration,False,0.1337389460961731
Family and Consumer Sciences,,False,0.04115116539486923
"Family, Consumer and Human Development",Human Development and Family Sciences,False,0.0010015579789686166
Technology,,True,0.6598745753806581
Technology,,False,0.6598745753806581
Administrative Leadership,Education Administration,False,0.06662432281097871
Workforce Education and Development,,False,0.011727688129073354
Organizational Leadership and Supervision,Management,False,0.013078643641605589
Leadership and Human Resource Development,,False,0.01250027964216997
Computer and Information Technology,Computer Science,True,0.9663676055037694
Computer and Information Technology,Information Science,True,0.9663676055037694
Computer and Information Technology,Information Technology,True,0.9663676055037694
Computer Graphics Technology,Computer Science,True,0.9972614791939266
Accounting and Finance,Finance,False,0.009056502710780493
Accounting and Finance,Accounting,False,0.009056502710780493
Management Sciences,Management,False,0.051532750776112114
"Business, Leeds School - Management and Entrepreneurship Division",Management,False,0.03621087773508144
"Finance, Insurance and Business Law",Finance,False,0.0022535838382368974
Human Resources and Labor Relations,,False,0.008501502692894344
Business Analytics and Statistics,Management Information Systems,False,0.38402428501869795
Business Analytics and Statistics,Statistics,True,0.38402428501869795
Business Analytics and Statistics,Operations Research,True,0.38402428501869795
Business Analytics and Statistics,Management,False,0.38402428501869795
Supply Chain and Information Systems,Management Information Systems,False,0.2950711143050749
"Informatics, Computing, and Cyber Systems",Computer Science,True,0.981589746237207
"Informatics, Computing, and Cyber Systems",Information Science,True,0.981589746237207
"Informatics, Computing, and Cyber Systems",,True,0.981589746237207
"Informatics, Computing, and Cyber Systems",Information Technology,True,0.981589746237207
Management Science,Management,False,0.010559957355465003
Management and Information Systems,Management Information Systems,False,0.18816962168986567
"Information, Risk, and Operations Management",Operations Research,True,0.36676532075096546
"Information, Risk, and Operations Management",Management Information Systems,False,0.36676532075096546
Business - Camden,Business Administration,False,0.01553146558698509
Biochemistry and Molecular Biology,Public Health,False,0.9976248254068576
Fine and Performing Arts,Art History and Criticism,False,0.005183806676322579
"Science, Technology, Engineering, and Mathematics Education",,False,0.10294760740027717
"Administration, Rehabilitation and Postsecondary Education","Exercise Science, Kinesiology, Rehab, Health",False,0.014393159655032389
"Administration, Rehabilitation and Postsecondary Education",,False,0.014393159655032389
"Administration, Rehabilitation and Postsecondary Education",Education Administration,False,0.014393159655032389
Bicultural-Bilingual Studies,,False,0.021127709032283986
"Second Language Acquisition and Teaching, GIDP",,False,0.005058200842108232
English,,False,0.0015621523615975883
Statistics and Probability,Statistics,True,0.9905765141753109
Chemistry and Chemical Biology ,Chemistry,True,0.9947013333771471
Chemistry and Chemical Biology ,Pharmaceutical Sciences,True,0.9947013333771471
Chemistry and Chemical Biology ,Materials Engineering,True,0.9947013333771471
Chemistry and Chemical Biology ,Biochemistry,True,0.9947013333771471
International Affairs Program,International Affairs,False,0.010604004219340463
Health and Kinesiology,"Exercise Science, Kinesiology, Rehab, Health",False,0.015486473534926548
Exercise and Health Sciences,"Exercise Science, Kinesiology, Rehab, Health",False,0.019098716876763656
Public Policy and Urban Affairs,Public Policy,False,0.0014739073552800508
Public Policy and Urban Affairs,Urban and Regional Planning,False,0.0014739073552800508
Computer Science and Engineering,,True,0.9943237632687225
Industrial and Physical Pharmacy,Pharmaceutical Sciences,True,0.9822253030361395
Crop and Soil Science,Agronomy,True,0.9977741692706926
Soil and Crop Sciences,Agronomy,True,0.9981185001484617
Soil and Crop Sciences,Soil Science,True,0.9981185001484617
Languages and Cultures,,False,0.0004561491445518919
"Spanish and Portuguese Studies, The Division of",Spanish Language and Literature,False,0.04183615711886478
Modern Foreign Languages and Literatures,,False,0.00181270119672916
"World Languages, Literatures, and Cultures",,False,0.015996857400471895
Environment and Society,Natural Resources,True,0.5136660698955611
Environment and Society,Environmental Sciences,True,0.5136660698955611
Forestry and Natural Resources,Natural Resources,True,0.9868340047702497
Construction Management Technology,,False,0.2294028244200314
"Construction, Myers-Lawson School of",Civil Engineering,True,0.5799765629078563
"Professional Studies, Goodwin College of",,False,0.031629261250222564
Hotel and Restaurant Administration,,False,0.03844149262174215
Architecture and Design,Architecture,False,0.0006107674668117138
"Speech, Language and Hearing Sciences",Speech and Hearing Sciences,False,0.02624730023109146
Communication Sciences & Disorders,Speech and Hearing Sciences,False,0.05800398704193519
Communication Sciences & Disorders,Communication Disorders and Sciences,False,0.05800398704193519
Hearing and Speech Sciences,Speech and Hearing Sciences,False,0.021167582722936618
Hearing and Speech Sciences,Communication Disorders and Sciences,False,0.021167582722936618
Biobehavioral Sciences,Speech and Hearing Sciences,False,0.24386730367010712
Biobehavioral Sciences,"Exercise Science, Kinesiology, Rehab, Health",False,0.24386730367010712
Behavioral and Brain Sciences,Communication Disorders and Sciences,False,0.4012397269181619
Behavioral and Brain Sciences,,True,0.4012397269181619
Speech Language and Hearing,Speech and Hearing Sciences,False,0.027456882681667415
"Health and Aging, Institute for",,False,0.22321789849486234
Engineering and Public Policy,,True,0.8252360566125005
Engineering and Public Policy,Public Policy,False,0.8252360566125005
Educational Administration and Human Resource Development,Education Administration,False,0.06848646118254638
Aviation Science,,False,0.5283483342761544
"Agricultural Leadership, Education and Communication",,False,0.28265289461843657
Pharmacy Practice,Pharmacy,True,0.8977996650095648
Computational Medicine and Bioinformatics,,True,0.9972407802721893
Mathematics,,True,0.9349058116001503
Ecology,Ecology,True,0.9842804947948641
Ecology,Natural Resources,True,0.9842804947948641
Bioinformatics,,True,0.976072511704779
Environmental Science and Policy,Environmental Sciences,True,0.8115187546800499
Modern and Classical Language and Literatures,Classics and Classical Languages,False,0.004359895810976335
Africana Studies and Research Center,,False,0.006681947826484805
Creative Writing Program,,False,0.02019268667190962
Architecture and Urban Planning,Architecture,False,0.0010673431135199756
Architecture and Urban Planning,Urban and Regional Planning,False,0.0010673431135199756
Global Gender Studies,Gender Studies,False,0.000746823754934422
Religion Department,Religious Studies,False,0.0011116230546054664
Public Communication,Communication,False,0.0008633189906023665
Health Behavior and Health Education,"Exercise Science, Kinesiology, Rehab, Health",False,0.006575992253592193
Health Behavior and Health Education,"Health, Physical Education, Recreation",False,0.006575992253592193
Media and Information,Mass Communications and Media Studies,False,0.052548074750370335
Media and Information,Information Science,True,0.052548074750370335
Computer Science,Information Science,True,0.9956082079464144
Heinz College,Management Information Systems,False,0.004413053792540728
Heinz College,Public Policy,False,0.004413053792540728
Physical Medicine and Rehabilitation,"Exercise Science, Kinesiology, Rehab, Health",False,0.042330541416078275
Systems and Industrial Engineering,Industrial Engineering,True,0.9882248204879694
Systems and Industrial Engineering,Systems Engineering,True,0.9882248204879694
Institute for Medical Engineering and Science (IMES),Agricultural Engineering,True,0.9640194678147671
Engineering and Management,,True,0.8895831794244369
Engineering and Management,Management,False,0.8895831794244369
Health Promotion and Policy,Public Health,False,0.0174950210802403
Health Promotion and Policy,"Exercise Science, Kinesiology, Rehab, Health",False,0.0174950210802403
Biological Science,Biological Sciences,True,0.950380838706012
Pharmacology and Pharmaceutical Sciences,Pharmacy,True,0.9991454252046669
Pharmacology and Pharmaceutical Sciences,Pharmacology,True,0.9991454252046669
Pharmacology and Pharmaceutical Sciences,Pharmaceutical Sciences,True,0.9991454252046669
"Archaeology and the Ancient World, Artemis A.W. and Martha Sharp Joukowsky Institute for",,False,0.0820093969364426
"Teaching and Learning, Policy and Leadership",Curriculum and Instruction,False,0.00861623231242343
Educational Psychology,Education,False,0.0014669847774258485
Educational Research Methodology,,False,0.004470473236276763
Teacher Education and Learning Sciences,Educational Psychology,False,0.011821075415836246
Teacher Education and Learning Sciences,Curriculum and Instruction,False,0.011821075415836246
Teacher Education and Learning Sciences,,False,0.011821075415836246
Teacher Education and Learning Sciences,Counselor Education,False,0.011821075415836246
Teacher Education,Curriculum and Instruction,False,0.002381670470673667
Administrative and Organizational Studies,Education Administration,False,0.24126566257864174
Educational Leadership and Cultural Foundations,Education Administration,False,0.0025718954216145404
Educational Leadership and Cultural Foundations,,False,0.0025718954216145404
Teacher Education (Division/Area),,False,0.016776933844779164
"Kinesiology, Health and Sport Studies","Exercise Science, Kinesiology, Rehab, Health",False,0.015474406065743207
Behavioral and Social Sciences,Public Health,False,0.05686730216170699
Anthropology and Middle Eastern Cultures,Near and Middle Eastern Languages and Cultures,False,0.00031992631398179
Anthropology and Middle Eastern Cultures,Anthropology,False,0.00031992631398179
"Electrical, Computer and Energy Engineering",Electrical Engineering,True,0.9859145989477126
"Electrical, Computer and Energy Engineering",Computer Engineering,True,0.9859145989477126
"Health Policy and Management, Department Of",Public Policy,False,0.02394493945042147
Health Policy and Systems Management Unit,,False,0.0057922434342308525
"Health Law, Policy and Management",Public Health,False,0.002559973204750067
"Management, Information Systems and Quantitative Methods",Management,False,0.20223835721769845
"Management, Information Systems and Quantitative Methods",Management Information Systems,False,0.20223835721769845
"Clinical, Social and Administrative Sciences",Pharmacy,True,0.5035569603082788
"Environment and Sustainability, Institute of the",Environmental Sciences,True,0.969524128640377
"Leadership and Public Policy, Frank Batten School of",Education Administration,False,0.009374060374822394
"Leadership and Public Policy, Frank Batten School of",Public Policy,False,0.009374060374822394
Politics,International Affairs,False,0.005732561706756759
Atmospheric Sciences,Natural Resources,True,0.9043289943633196
Atmospheric Sciences,Geology,True,0.9043289943633196
"Atmospheric, Oceanic and Space Sciences",Atmospheric Sciences and Meteorology,True,0.9212616886194261
"Atmospheric, Oceanic and Space Sciences",Marine Sciences,True,0.9212616886194261
"Atmospheric, Oceanic and Space Sciences",,True,0.9212616886194261
Environmental and Forest Sciences,Forestry and Forest Resources,True,0.9923648892245044
Forestry and Environmental Studies,Forestry and Forest Resources,True,0.9906442960859758
Forestry and Environmental Studies,Environmental Sciences,True,0.9906442960859758
Criminology,Criminal Justice and Criminology,False,0.09170347217904455
Experimental and Clinical Pharmacology,Pharmacology,True,0.998970861585379
Biological Chemistry,Biochemistry,True,0.9938903123650966
"Civil, Environmental, and Geo- Engineering",,True,0.9732476029006719
"Civil, Environmental, and Geo- Engineering",Civil Engineering,True,0.9732476029006719
"Civil, Environmental, and Geo- Engineering",Environmental Engineering,True,0.9732476029006719
Civil and Coastal Engineering,Civil Engineering,True,0.9892949439528295
"Sustainable Infrastructure and Environment, Engineering School of",Civil Engineering,True,0.976122299492683
"Genetics, Cell Biology, and Development",Cell Biology,True,0.9871706520536117
"Genetics, Cell Biology, and Development",Genetics,True,0.9871706520536117
American Indian Studies,,False,0.0007901050923965399
Global Health and Social Medicine,Public Health,False,0.053790043642424366
Mexican American and Latina/o Studies,,False,0.0010815524594000453
"Music, Setnor School of",Music,False,0.02615190366199487
Mead Witter School of Music,Music,False,0.11918945972936253
Community-Public Health,Public Health,False,0.03968831453791084
Community-Public Health,Nursing,False,0.03968831453791084
"Business, Carey School of",Business Administration,False,0.03638301158649795
Business School - Economics,Economics,False,0.016277033020502166
Management and Human Resources,Management,False,0.00880780053736904
"Strategy, Economics, Ethics, and Public Policy",Business Administration,False,0.00444120380064285
Accounting and Management Unit,Management,False,0.0018667211020682133
Accounting and Management Unit,Accounting,False,0.0018667211020682133
"Health Promotion, Education and Behavior","Exercise Science, Kinesiology, Rehab, Health",False,0.018364952497719095
Applied Physiology and Kinesiology,"Exercise Science, Kinesiology, Rehab, Health",False,0.47962389045517106
Applied Physiology and Kinesiology,Physiology,True,0.47962389045517106
Health Systems and Outcomes,,False,0.1446460502426853
Counseling and Family Sciences,Counselor Education,False,0.0012274692559750492
Health Promotion and Disease Prevention,Public Health,False,0.17347776935275294
Earth and Planetary Sciences,Geology,True,0.9290258829518615
Earth and Planetary Sciences,Astronomy,True,0.9290260018146308
Geological Sciences,Environmental Sciences,True,0.7080849630494115
Geoscience,Atmospheric Sciences and Meteorology,True,0.8743555575572544
Kinesiology and Nutrition,"Exercise Science, Kinesiology, Rehab, Health",False,0.04909155525018478
Microbiology,Immunology,True,0.9963209722984143
Design,,False,0.0021810640973914637
Theatre and Drama,"Theatre Literature, History and Criticism",False,0.008189353477965403
Anatomy,Anatomy,True,0.9606038879230429
General Medical Sciences - Comprehensive Cancer Center,,True,0.9958507145815372
Pathology and Laboratory Medicine,Anatomy,True,0.9791213109311911
Physiology,Pharmacology,True,0.9876012242933451
Physiology,Biophysics,True,0.9876012242933451
Women and Gender Studies,Gender Studies,False,7.743808359525986e-05
Middle Eastern Studies,Near and Middle Eastern Languages and Cultures,False,0.0015743400638712046
"Environmental, Civil, Agricultural and Mechanical Engineering",Civil Engineering,True,0.9957401690739619
"Environmental, Civil, Agricultural and Mechanical Engineering",Mechanical Engineering,True,0.9957401690739619
"Environmental, Civil, Agricultural and Mechanical Engineering",Environmental Engineering,True,0.9957401690739619
"Environmental, Civil, Agricultural and Mechanical Engineering",Agricultural Engineering,True,0.9957401690739619
"Health, Human Performance and Recreation","Exercise Science, Kinesiology, Rehab, Health",False,0.018276681677892603
Immunobiology,Immunology,True,0.9965623114303996
Naval Architecture and Marine Engineering,,True,0.9150671284422381
Geological and Mining Engineering and Sciences,,True,0.9418002113158612
Ocean Engineering,Environmental Engineering,True,0.9868562477284895
Ocean Engineering,,True,0.9868562477284895
"Applied Mathematics, GIDP",,True,0.9099359428265688
Agricultural and Biosystems Engineering,Agricultural Engineering,True,0.9935610932584964
Optical Sciences,,True,0.9091405190874233
Optical Sciences,Physics,True,0.9091405190874233
"Microbiology, Immunology and Molecular Genetics",Immunology,True,0.9976356049979641
"Microbiology, Immunology and Molecular Genetics",Microbiology,True,0.9976356049979641
"Microbiology, Immunology and Molecular Genetics",,True,0.9976356049979641
Immunobiology,Microbiology,True,0.9965623114303996
Cell Biology,,True,0.998875795175304
"Molecular Biology, Cell Biology and Biochemistry",Cell Biology,True,0.9995798042293261
"Molecular Biology, Cell Biology and Biochemistry",Molecular Biology,True,0.9995798042293261
"Molecular Biology, Cell Biology and Biochemistry",Biochemistry,True,0.9995798042293261
Molecular Biology and Biophysics,,True,0.9991230219616609
Tropical Medicine,Pathology,True,0.7243990098207205
Information Systems and Operations Management,Operations Research,True,0.5644737523268348
Information Systems and Operations Management,Management Information Systems,False,0.5644737523268348
Information Systems and Technology,Information Technology,True,0.8866000354367461
Planning Degree Program,Urban and Regional Planning,False,0.04307018701776806
Landscape Architecture and Planning,,False,0.054774673250090125
Pharmacy Practice and Science,Pharmacy,True,0.9931416147691184
Pharmacotherapy,Pharmaceutical Sciences,True,0.9881614446061135
Pharmacotherapy,Pharmacy,True,0.9881614446061135
Cellular and Molecular Medicine,Molecular Biology,True,0.99979984253185
Cellular and Molecular Medicine,Cell Biology,True,0.99979984253185
Cellular and Molecular Medicine,Anatomy,True,0.99979984253185
Cellular and Molecular Medicine,,True,0.99979984253185
Mining and Geological Engineering,,True,0.9828946589326568
Plant Sciences,Plant Sciences,True,0.998859465009661
"Latin American Studies, Center for",,False,0.004350788000820999
"Soil, Water and Environmental Science",Environmental Sciences,True,0.998043991793067
"Soil, Water and Environmental Science",Soil Science,True,0.998043991793067
"Soil, Water and Environmental Science",Natural Resources,True,0.998043991793067
"Judaic Studies, Arizona Center for",,False,0.005388538736903573
Health Services Administration and Policy,,False,0.005651307662720296
Physical Activity and Sport Sciences,"Health, Physical Education, Recreation",False,0.060212292713067564
Pharmacy Practice and Administrative Sciences,Pharmacy,True,0.9304083056150276
Mexican American and Raza Studies,,False,0.002775050096378761
Health Management and Policy,,False,0.006306098269781996
Sociology and Criminology and Law,Criminal Justice and Criminology,False,0.02014868850897395
Sociology and Criminology and Law,Sociology,False,0.02014868850897395
Planetary Sciences,Astronomy,True,0.8992249104994012
Planetary Sciences,Geology,True,0.8992249104994012
Planetary Sciences,Atmospheric Sciences and Meteorology,True,0.8992249104994012
Geophysics,,True,0.8978236825741345
Applied Science,,True,0.6178909738681966
Art and Design,Art History and Criticism,False,0.0007452175022804397
American Ethnic Studies,,False,0.0008233175554106612
Middle Eastern and North African Studies,Near and Middle Eastern Languages and Cultures,False,0.002011808936251848
"Biology - Molecular, Cellular, and Developmental (MCDB)",Molecular Biology,True,0.9963684663077643
"Biology - Molecular, Cellular, and Developmental (MCDB)",Biological Sciences,True,0.9963684663077643
"Biology - Molecular, Cellular, and Developmental (MCDB)",,True,0.9963684663077643
"Biology - Molecular, Cellular, and Developmental (MCDB)",Cell Biology,True,0.9963684663077643
Natural Resources and the Environment,Natural Resources,True,0.9851982488165737
Environment and Natural Resources,Environmental Sciences,True,0.9739884827433313
Environment and Natural Resources,Natural Resources,True,0.9739884827433313
Information,Information Technology,True,0.6416486474124281
"Civil, Environmental and Geodetic Engineering",Civil Engineering,True,0.9876765311816254
"Civil, Environmental and Geodetic Engineering",Environmental Engineering,True,0.9876765311816254
Pathology and Immunology,Immunology,True,0.9982442552931072
Pathology and Immunology,Pathology,True,0.9982442552931072
Veterinary Science and Microbiology,Veterinary Medical Sciences,True,0.9972406006458219
Veterinary Science and Microbiology,Microbiology,True,0.9972406006458219
Basic Sciences,Veterinary Medical Sciences,True,0.7763762545613184
Educational Leadership and Policy,Education Administration,False,0.01355845807622307
Agricultural Education,,False,0.14770350174311958
"Counseling, Adult and Higher Education",Counselor Education,False,0.0006318320574061297
"Counseling, Adult and Higher Education",,False,0.0006318320574061297
"Asian Studies, Program in",Asian Studies,False,0.0005596145825132795
"Modern Languages, Linguistics, and Intercultural Communication",Linguistics,False,0.0007637623403489237
"Speech, Language, and Hearing Sciences",Speech and Hearing Sciences,False,0.021764338055078502
Disability and Psychoeducational Studies,Special Education,False,0.005299217692583742
Russian and Slavic Languages,Slavic Languages and Literatures,False,0.009414846565520382
Cognitive Science,,True,0.7919308493179399
Government and Public Policy,Political Science,False,0.014758716133419109
Government and Public Policy,Public Policy,False,0.014758716133419109
"Gender, Women and Sexuality Studies",Gender Studies,False,0.00014707839717164966
Urban and Regional Planning,Urban and Regional Planning,False,0.001996992827013996
"Environmental Studies, Nelson Institute for",Environmental Sciences,True,0.7718395181410115
Integrative Biology and Physiology,Biological Sciences,True,0.9751319818869849
Integrative Biology and Physiology,Physiology,True,0.9751319818869849
Physiology and Membrane Biology,Physiology,True,0.9976344460420311
"Neurobiology, Physiology and Behavior",Neuroscience,True,0.9716381211295154
"Neurobiology, Physiology and Behavior",Physiology,True,0.9716381211295154
Cell and Molecular Pharmacology and Experimental Therapeutics,Pharmacology,True,0.9995489211568327
Cell and Molecular Pharmacology and Experimental Therapeutics,,True,0.9995489211568327
"Science of Health Care Delivery, School for the",,False,0.17457165983581385
Speech-Language-Hearing Sciences,Speech and Hearing Sciences,False,0.028189070750366352
"Speech, Language, and Hearing Sciences",Communication Disorders and Sciences,False,0.021764338055078502
Family Social Science,,False,0.0039181892019071966
Textile and Apparel Management,,False,0.04210079530539148
Hospitality and Tourism,,False,0.010175537412629367
Lifespan Development and Educational Sciences,,False,0.021048823702383403
Management of Complex Systems,,True,0.8762016755478568
Human Development and Family Sciences,Human Development and Family Sciences,False,0.009061727451316726
Pharmacy: Clinical and Administrative Sciences,Pharmacy,True,0.9944236235298313
Geology,Geology,True,0.8310340276287096
Horticulture and Crop Science,Agronomy,True,0.9969301625821384
Horticulture and Crop Science,Horticulture,True,0.9969301625821384
Veterinary Medicine and Biomedical Sciences,Veterinary Medical Sciences,True,0.9814011372454624
Animal and Veterinary Sciences,Animal Sciences,True,0.9838860120958731
Animal and Veterinary Sciences,Veterinary Medical Sciences,True,0.9838860120958731
Molecular Medicine,,True,0.9995101660043423
Finance and Quantitative Methods,Finance,False,0.08963517352566966
Finance and Management Science,Operations Research,True,0.032470799940667545
Finance and Management Science,Finance,False,0.032470799940667545
Philosophy and Religion,Philosophy,False,0.004587721318835449
Philosophy and Religion,Religious Studies,False,0.004587721318835449
Computer and Information Sciences,Information Science,True,0.9893293580599274
Computer and Information Sciences,Computer Science,True,0.9893293580599274
Ecosystem Science and Management,Natural Resources,True,0.9950348853904577
"Energy, Environmental, Biological and Medical Engineering",,True,0.9940581831143147
Computer Engineering,Computer Science,True,0.9953558542769132
Computer Engineering,Computer Engineering,True,0.9953558542769132
Integrated Systems Engineering,Industrial Engineering,True,0.9672330684184199
Integrated Systems Engineering,Systems Engineering,True,0.9672330684184199
Optics,,True,0.6846671476137314
"Entrepreneurship, McGuire Center for",,False,0.11031836072489369
Management and Marketing,Marketing,False,0.004160640201781464
Management and Marketing,Management,False,0.004160640201781464
Human Communication,Communication,False,0.002169711307350378
"Communication, Edward R. Murrow College of",Communication,False,0.027509010588432452
City and Metropolitan Planning,Urban and Regional Planning,False,0.011057224092433277
Art Education and Art History,,False,0.0010443010431701622
Cell Biology and Anatomy,Cell Biology,True,0.9981130412050406
Cell Biology and Anatomy,Anatomy,True,0.9981130412050406
Molecular and Systems Biology,Biological Sciences,True,0.9997119444994166
Molecular and Systems Biology,Molecular Biology,True,0.9997119444994166
Clinical Sciences,,True,0.9045322694953952
Medicinal Chemistry and Pharmacognosy,Pharmaceutical Sciences,True,0.9995892268608854
Medicinal Chemistry and Pharmacognosy,Chemistry,True,0.9995892268608854
Counseling Psychology and Guidance Services,,False,0.00037498400338750016
Rehabilitation and Mental Health Counseling,"Exercise Science, Kinesiology, Rehab, Health",False,0.0004961742949757652
"Counseling, Leadership, Adult Education, and School Psychology",Educational Psychology,False,0.003072543000920245
"Counseling, Leadership, Adult Education, and School Psychology",Education Administration,False,0.003072543000920245
Counseling and Human Development,Counselor Education,False,0.0002586406106376766
Counseling and Human Development,Human Development and Family Sciences,False,0.0002586406106376766
Foundations of Education,,False,0.002473269274755398
Rehabilitation Psychology and Special Education,Special Education,False,0.0008502360785234235
Special Education and Rehabilitation,Special Education,False,0.000266882724639354
Special Education and Rehabilitation,Counselor Education,False,0.000266882724639354
Music Education and Music Therapy,,False,0.0008493073352908182
Immunology - Roswell Park Cancer Institute,Immunology,True,0.9518789017512178
Economics,Finance,False,0.013195623490634526
"Business, Rawls College of",Business Administration,False,0.2695591431980242
Accounting and Business Law,Accounting,False,0.002875824024481035
Earth and Environment,Environmental Sciences,True,0.9712145189379706
Earth and Environment,Geology,True,0.9712145189379706
Classical and Modern Languages and Literatures,Classics and Classical Languages,False,0.009022581492041683
Optics and Photonics,,True,0.9809264462691409
Computing,Computer Science,True,0.996488102905641
Mass Communication,Mass Communications and Media Studies,False,0.008957822152926315
Art and Architecture,Architecture,False,0.0008115686008657631
Health Services Management and Policy,,False,0.007837524314090667
Management Area,Management,False,0.03029235041711233
"Spanish, Italian and Portuguese",,False,0.004066914210064013
"English, General Literature and Rhetoric",English Language and Literature,False,0.004541335973698641
"English, General Literature and Rhetoric",,False,0.004541335973698641
Creative Writing,,False,0.002580599452505182
Art and Humanities,Art History and Criticism,False,0.0026339608563947766
Art and Humanities,English Language and Literature,False,0.0026339608563947766
Art and Humanities,History,False,0.0026339608563947766
English,"Theatre Literature, History and Criticism",False,0.0015621523615975883
English,Comparative Literature,False,0.0015621523615975883
Biostatistics,Epidemiology,True,0.9103396281207168
Biostatistics,Environmental Health Sciences,False,0.9103393394400596
Biostatistics,Public Health,False,0.9103396281207168
"Women, Children and Family Health Science",Nursing,False,0.014576347010336079
Mass Communications,Mass Communications and Media Studies,False,0.014706811584313454
Political Economy and Moral Science,Political Science,False,0.0006951757469450101
Cognitive and Information Sciences Program,Information Science,True,0.7458191845324631
Cognitive and Information Sciences Program,,True,0.7458191845324631
Civil Engineering and Mechanics,,True,0.9624911472221671
Civil Engineering and Mechanics,Civil Engineering,True,0.9624910971050268
Computer Science,,True,0.9956082079464144
Business - Organizational Behavior Area,,False,0.011363543208439743
Organization and Human Resources,Management,False,0.005947643620434895
Operations and Supply Chain Management,Management,False,0.16449997533759947
"Women, Gender and Sexuality Studies, Program in",Gender Studies,False,0.0003526237230550667
"Languages, Literatures and Cultures",,False,0.004921553663085568
Latin American and Latino Studies Institute ,,False,0.0175686359182868
Student Development,,False,0.004497564625295105
Medical Engineering,,True,0.9278356078700014
"Epidemiology, Human Genetics and Environmental Science",Environmental Sciences,True,0.9664233377163468
"Epidemiology, Human Genetics and Environmental Science",Epidemiology,True,0.9664233377163468
"Epidemiology, Human Genetics and Environmental Science",,True,0.9664233377163468
"Physical Therapy, Program in","Exercise Science, Kinesiology, Rehab, Health",False,0.005526167102921989
"Social Work, Jane Addams College of",Social Work,False,0.023685157014538168
Architecture and Urban Design,Architecture,False,0.0015445192118840186
Genetics and Genome Sciences,,True,0.965588453151577
"Biochemistry, Biophysics and Molecular Biology",Biophysics,True,0.996567603323794
"Biochemistry, Biophysics and Molecular Biology",Biochemistry,True,0.996567603323794
"Biochemistry, Biophysics and Molecular Biology",Molecular Biology,True,0.996567603323794
International Business,,False,0.0032231465162429205
Molecular Microbiology,Microbiology,True,0.9996728189168186
Microbiology and Immunobiology,,True,0.9961626691304731
Microbiology and Immunobiology,Microbiology,True,0.9961626691304731
Microbiology and Immunobiology,Immunology,True,0.9961626691304731
Organismic and Evolutionary Biology,Evolutionary Biology,True,0.9890463385657183
Anatomy and Neurobiology,Anatomy,True,0.9872601845255093
Anatomy and Neurobiology,Neuroscience,True,0.9872601845255093
Chicano-Latino Studies,,False,0.0010612146163947185
"Social Policy and Management, Heller School For",Public Policy,False,0.02447345171902377
Developmental Biology,,True,0.9100914771723622
Biochemistry and Molecular Genetics,,True,0.9980386538610398
Biochemistry and Molecular Genetics,Biochemistry,True,0.9980386538610398
Theological Studies,Theological Studies,False,0.0021138710664858366
Computer Sciences,Computer Science,True,0.995201913106445
"Neural Science, Center for",Neuroscience,True,0.9384272760496819
"Neural Science, Center for",,True,0.9384272760496819
Mechanical and Aerospace Engineering (Polytechnic Institute),Aerospace Engineering,True,0.8597906015277571
Mechanical and Aerospace Engineering (Polytechnic Institute),Mechanical Engineering,True,0.8597906015277571
Basic Science and Craniofacial Biology,,True,0.9766100750337822
Environmental Studies,Environmental Sciences,True,0.6109491802913228
Biomaterials and Biomimetics,Biomedical Engineering,True,0.9919370517094792
Applied Physics (Polytechnic Institute),,True,0.8900564198892995
Middle Eastern and Islamic Studies,Near and Middle Eastern Languages and Cultures,False,0.0008525035475670427
Humanities and Social Sciences In The Professions,Statistics,True,0.4445306861385811
"Writing, Rhetoric and American Culture",,False,1.8608813702596983e-05
Planning Policy and Design,Public Policy,False,0.0065373736452988855
Planning Policy and Design,Urban and Regional Planning,False,0.0065373736452988855
Public Administration and International Affairs,Public Administration,False,0.0029008317178106035
Education (GSE),Education,False,0.010151240060934779
"Literacy, Culture, and International Education Division",,False,0.133640322446369
"Policy, Government, and International Affairs",Public Policy,False,0.006294639708251869
"Policy, Government, and International Affairs",Public Administration,False,0.006294639708251869
"Policy, Government, and International Affairs",International Affairs,False,0.006294639708251869
"Leadership, Foundations, and Policy (Education)",Education Administration,False,0.004406063040467973
"Leadership, Foundations, and Policy (Education)",,False,0.004406063040467973
Education,"Exercise Science, Kinesiology, Rehab, Health",False,0.0010753535201967447
Educational Studies,,False,0.00397525411157099
Educational Studies,Education Administration,False,0.0039752527752428815
Educational Studies,Counselor Education,False,0.0039752527752428815
Educational Studies,Educational Psychology,False,0.0039752527752428815
"Policy, Organizational, and Leadership Studies",Educational Psychology,False,0.003119722457675315
"Lifelong Education, Administration and Policy",Education Administration,False,0.007867529379442248
"Lifelong Education, Administration and Policy",,False,0.007867529379442248
"Conflict Resolution, Human Security and Global Governance",International Affairs,False,0.03364951640850504
"Information, Operations and Management Sciences",Management Information Systems,False,0.743562866900181
"Information, Operations and Management Sciences",Information Technology,True,0.743562866900181
"Information, Operations and Management Sciences",Operations Research,True,0.743562866900181
"Information, Operations and Management Sciences",Statistics,True,0.743562866900181
Marketing and Entrepreneurship,Marketing,False,0.0042601796860552
Marketing Group (CoBA),Marketing,False,0.009656823641318712
Environmental Medicine,Environmental Health Sciences,False,0.4362523237579712
"Technology, Culture and Society (Polytechnic Institute)",Mass Communications and Media Studies,False,0.28122132076703343
Politics and International Affairs,Political Science,False,0.002392551310044696
Latina and Latino Studies,,False,0.00042533310302159393
Work and Organizations,,False,0.005915603241271482
"Operations, Information and Decisions",Management Information Systems,False,0.7707735344649984
"Operations, Information and Decisions",Management,False,0.7707735344649984
"Operations, Information and Decisions",Operations Research,True,0.7707735344649984
Hebrew and Judaic Studies,,False,0.003957269117606163
Classical and Near Eastern Studies,,False,0.0008221349486471211
Classical and Near Eastern Studies,Near and Middle Eastern Languages and Cultures,False,0.0008221349486471211
Jewish Studies,Religious Studies,False,0.000857367119763586
Biochemistry and Molecular Pharmacology,,True,0.9992289197964007
Biochemistry and Molecular Pharmacology,Biochemistry,True,0.9992289197964007
Quantitative Sciences,Biostatistics,True,0.6122336433782929
Translational Molecular Pathology,Pathology,True,0.9937798415577728
Family Medicine and Public Health,Public Health,False,0.2290259945450957
Computer Science and Engineering (Polytechnic Institute),Computer Engineering,True,0.9473887797575495
Computer Science and Engineering (Polytechnic Institute),Computer Science,True,0.9473887797575495
Geographical Sciences,Geography,False,0.03861540091748101
Molecular Biology and Genetics,,True,0.9997365652000363
"Museum Studies, Program in",Art History and Criticism,False,0.03819950483118094
Communicative Sciences and Disorders,Speech and Hearing Sciences,False,0.17961640342213808
Communicative Sciences and Disorders,Communication Disorders and Sciences,False,0.17961640342213808
Russian and Slavic Studies,Slavic Languages and Literatures,False,0.007350396016184396
Technology Management and Innovation (Polytechnic Institute),Business Administration,False,0.4279945752254363
Information Systems,Information Technology,True,0.7625497787751303
Drama,"Theatre Literature, History and Criticism",False,0.0052631821203112435
Dramatic Arts,"Theatre Literature, History and Criticism",False,0.0027627884137156875
Art and Public Policy,Public Policy,False,0.0031512605129345047
"Latin American, Caribbean and Us Latino Studies",,False,0.0007863191437168555
Theatre Arts and Performance Studies,"Theatre Literature, History and Criticism",False,0.0030629590639765095
German and Romance Languages and Literatures,French Language and Literature,False,0.00094144904867927
German and Romance Languages and Literatures,,False,0.00094144904867927
German and Romance Languages and Literatures,Germanic Languages and Literatures,False,0.00094144904867927
German and Romance Languages and Literatures,Spanish Language and Literature,False,0.00094144904867927
Italian Language and Literature,,False,0.00337902196529963
Neuroscience & Physiology,Neuroscience,True,0.8944571602257133
Neuroscience & Physiology,Physiology,True,0.8944571602257133
Biochemistry and Molecular Biology,Biological Sciences,True,0.9976248254068576
"Latin American and Caribbean Studies, Center for",,False,0.00795743619610596
Immunology,,True,0.9759891942785371
Biochemistry and Microbiology,Microbiology,True,0.9943863061123792
Biochemistry and Microbiology,Biochemistry,True,0.9943863061123792
Social Policy and Practice,Social Work,False,0.0015691936993224923
"European and Mediterranean Studies, Center for",,False,0.05240326385305766
"Hellenic Studies, Alexander S. Onassis Program in",,False,0.13105545567722504
French Studies,French Language and Literature,False,0.004663273783327803
Vision Sciences,,True,0.8749127846938836
"Journalism, Arthur L. Carter Institute of",Mass Communications and Media Studies,False,0.021649690329489088
Civil Engineering (Polytechnic Institute),Civil Engineering,True,0.9004370905770204
Physical Therapy and Rehabilitation Sciences,"Exercise Science, Kinesiology, Rehab, Health",False,0.029900856476071113
Hispanic Studies,Spanish Language and Literature,False,0.001405458595427788
Media and Cultural Studies,Mass Communications and Media Studies,False,0.0005746773635723248
Natural Resources and Environmental Management,Natural Resources,True,0.9603232059802753
Structural and Chemical Biology,,True,0.9909634070359233
Biological Sciences,,True,0.9687062976648125
Music Theory,Music,False,0.0028672946664161773
"Film, Dance and Theatre","Theatre Literature, History and Criticism",False,0.020975152984531592
Languages and Culture Studies,,False,0.0020509171930866233
Computational Biology,,True,0.9998256887034321
"Oral and Maxillofacial Pathology, Radiology and Medicine",,True,0.9831775550905281
Animal Biology,Animal Sciences,True,0.9956738596381834
Finance and Risk Engineering (Polytechnic Institute),,True,0.7285473336534904
Technology Management (Polytechnic Institute),Business Administration,False,0.4250397950045522
Art and Art Professions,Art History and Criticism,False,0.0047872216777941415
"Study of the Ancient World, Institute for the",,False,0.0563146398715841
Structural Engineering,,True,0.6599636449358142
"Earth, Planetary, and Space Sciences",Geology,True,0.9606948028411791
"Earth, Planetary, and Space Sciences",Astronomy,True,0.9606948028411791
Biomathematics,,True,0.9838570786259776
"Nursing Science, Program In",Nursing,False,0.33301935120935944
"Nursing, Betty Irene Moore School of",Nursing,False,0.011396393658851662
Biobehavioral Health Science,Nursing,False,0.12061200698363614
Asian American Studies,,False,1.2848922920556156e-05
Logic and Philosophy of Science,Philosophy,False,0.16293382622098748
Systems and Information Engineering,Systems Engineering,True,0.972166849214552
Molecular and Medical Pharmacology,Pharmacology,True,0.9998916795699762
Molecular and Medical Pharmacology,,True,0.9998916795699762
"Mechanical, Aerospace and Biomedical Engineering",Mechanical Engineering,True,0.9350857324815032
"Mechanical, Aerospace and Biomedical Engineering",Aerospace Engineering,True,0.9350857324815032
"Mechanical, Aerospace and Biomedical Engineering",Biomedical Engineering,True,0.9350857324815032
"Women's, Gender and Sexuality Studies",Gender Studies,False,9.512415109298763e-05
"African American and Diaspora Studies, Program in",,False,0.007068956149304797
History and Politics,History,False,0.001224299529297587
History and Politics,Political Science,False,0.001224299529297587
Black Studies,,False,0.003648750142919201
Theatre Arts and Dance,"Theatre Literature, History and Criticism",False,0.011175081177455073
East Asian Languages and Literatures,Asian Languages,False,0.0004578045215381678
East Asian Languages and Literatures,Asian Studies,False,0.0004578045215381678
"East Asian Languages, Literature and Cultures",Asian Languages,False,0.0002231616095491272
"East Asian Languages, Literature and Cultures",Asian Studies,False,0.0002231616095491272
Asian Languages and Civilizations,Asian Languages,False,0.000155106058974959
Asian Languages and Civilizations,Asian Studies,False,0.000155106058974959
East Asian Language and Cultural Studies,Asian Studies,False,0.00028990187440150136
East Asian Language and Cultural Studies,Asian Languages,False,0.00028990187440150136
World Languages and Literatures,,False,0.04435530604552027
Architecture and Urban Design,Urban and Regional Planning,False,0.0015445192118840186
Business - Finance Area,Finance,False,0.030714288935260257
Neuroscience,Physiology,True,0.8895264532436166
Ecosystem Science and Sustainability,Natural Resources,True,0.9968544938984317
Ecosystem Science and Sustainability,Ecology,True,0.9968544938984317
"Geography, Environment and Society",Geography,False,0.08985281096060274
Environmental Engineering,Environmental Engineering,True,0.9840035192491895
"Molecular, Cell and Developmental Biology",Cell Biology,True,0.9990944165385823
"Molecular, Cell and Developmental Biology",Molecular Biology,True,0.9990944165385823
"Molecular, Cell and Developmental Biology",,True,0.9990944165385823
Oral Biology and Medicine,,True,0.9690858714697532
Integrative Systems Biology,Biological Sciences,True,0.993672127413282
Atmospheric and Environmental Sciences,Environmental Sciences,True,0.9286734294093948
Atmospheric and Environmental Sciences,Atmospheric Sciences and Meteorology,True,0.9286734294093948
Cell Biology,Anatomy,True,0.998875795175304
Cell and Molecular Biology,Cell Biology,True,0.9995659697304717
Cell and Molecular Biology,Molecular Biology,True,0.9995659697304717
"Educational Policy, Planning & Leadership",Education,False,0.005156671977644692
"Educational Policy, Planning & Leadership",Education Administration,False,0.005156671977644692
"Child Study and Human Development, Eliot-Pearson Department of",,False,0.05210938745927316
Educational Leadership and Instructional Design,Education Administration,False,0.004780194667972118
Education and Human Development,"Exercise Science, Kinesiology, Rehab, Health",False,0.001307536057563105
Education and Human Development,Education,False,0.001307536057563105
Education and Human Development,Human Development and Family Sciences,False,0.001307536057563105
"Slavic, East European & Eurasian Languages & Cultures",Slavic Languages and Literatures,False,0.001113151957584873
African Cultural Studies,,False,0.00022087792523558993
Psychology and Neuroscience,,False,0.5690837192884163
Psychology - Behavioral Neuroscience,Neuroscience,True,0.6538584026823142
Biological and Population Health Sciences,Biological Sciences,True,0.7548941550937904
Environmental and Occupational Health Sciences,Environmental Health Sciences,False,0.04407338264438916
Animal Biology,,True,0.9956738528527602
Performing and Media Arts,"Theatre Literature, History and Criticism",False,0.0021126990133757363
Theater and Dance,"Theatre Literature, History and Criticism",False,0.01061710084235254
Celtic Languages and Literatures,,False,0.0008260389204336187
"Counseling and Counseling Psychology, Faculty of",,False,0.0021240316558761726
Clinical and Social Sciences in Psychology,,False,0.16440473120415622
Clinical and Social Sciences in Psychology,Psychology,False,0.16440473120415622
"Risk, Insurance and Healthcare Management",,False,0.01072937924174599
"Actuarial Science, Risk Management and Insurance",,False,0.06736694730129264
Tropical Medicine and Medical Microbiology,Pathology,True,0.983024585224976
"Biomedical Sciences, Institute for",,True,0.9346659310722693
Computer Information Systems,,True,0.9181588217323681
Psychological and Brain Sciences,Neuroscience,True,0.42113009761303194
Management Science and Statistics,Management Information Systems,False,0.20739119967543504
Management Science and Statistics,Operations Research,True,0.20739119967543504
Special Education and Multiple Abilities,Special Education,False,0.0033859726517519667
"Teaching, Learning and Culture",Curriculum and Instruction,False,0.0006357902963958047
Communication Sciences and Disorders Program,Communication Disorders and Sciences,False,0.143204113100536
Communication Science and Disorders,Speech and Hearing Sciences,False,0.037484740565345266
Communication Science and Disorders,Communication Disorders and Sciences,False,0.037484740565345266
Early Childhood and Elementary Education,,False,0.03414008196113201
STEM Education,,False,0.2639947403464809
World Languages and Cultures,Classics and Classical Languages,False,0.0025730668945657285
Educational Policy Studies,Education Administration,False,0.0038367829628670317
Language and Literacy Education,Curriculum and Instruction,False,0.014773022580501258
Language and Literacy Education,,False,0.014773022580501258
"Accounting, Taxation, and Business Law, Area in",Accounting,False,0.017333596111379114
Accounting Area,Accounting,False,0.005225172397773768
Finance and Insurance Group (CoBA),Finance,False,0.025800991867687577
Animal and Avian Sciences,Animal Sciences,True,0.9487911388237704
Biochemistry and Molecular Biology,Microbiology,True,0.9976248254068576
Biochemistry and Molecular Biology,Immunology,True,0.9976248254068576
Cell Biology and Molecular Medicine,Cell Biology,True,0.9996166611009072
Cell Biology & Molecular Medicine,Cell Biology,True,0.9995544460914283
Cell Biology & Molecular Medicine,Molecular Biology,True,0.9995544460914283
Cell Biology and Molecular Medicine,Molecular Biology,True,0.9996166611009072
Cellular Biology and Anatomy,Cell Biology,True,0.997135402834795
Cellular Biology and Anatomy,Anatomy,True,0.997135402834795
Early Childhood Education,,False,0.10943987438650422
Instructional Leadership and Academic Curriculum,Curriculum and Instruction,False,0.009420436281351554
Instructional Leadership and Academic Curriculum,Education Administration,False,0.009420436281351554
Childhood Education and Literacy Studies,,False,0.023323507811956683
Counseling and Psychological Services,,False,0.0012970837501008706
Counseling and Psychological Services,Counselor Education,False,0.0012970837501008706
Counseling and Human Services,Counselor Education,False,0.0001389473816740418
Special Education and Clinical Sciences,Communication Disorders and Sciences,False,0.030563762571414847
Special Education and Clinical Sciences,,False,0.030563762571414847
Special Education and Clinical Sciences,Special Education,False,0.030563762571414847
"Teachers College, Mary Lou Fulton",Education,False,0.008725052723629525
"Special Education, Rehabilitation and Counseling",Counselor Education,False,0.00024758571419157587
"Special Education, Rehabilitation and Counseling",Special Education,False,0.00024758571419157587
Counselor Education and School Psychology,Counselor Education,False,0.0005381658731394461
Counselor Education and School Psychology,,False,0.0005381658731394461
Public Management and Policy,Public Policy,False,0.0039399186972296635
Public Affairs and Administration,Public Policy,False,0.007282377272278676
Public Affairs and Administration,Public Administration,False,0.007282377272278676
Family and Consumer Studies,,False,0.002760611018537252
Health Policy and Management,Public Policy,False,0.005339305478155573
Gerontology,Human Development and Family Sciences,False,0.17633864879374508
Business School - Real Estate,,False,0.11167580272326724
Computer Information Systems,Information Technology,True,0.9181588217323681
Computer Information Systems,Computer Science,True,0.9181588217323681
Health Administration,,False,0.0140830906514186
Information Systems and Supply Chain Management,Management Information Systems,False,0.27688740902987474
Information Systems and Supply Chain Management,Operations Research,True,0.27688740902987474
"Business Analytics, Information Systems, & Supply Chain",Information Technology,True,0.34286876269127886
"Business Analytics, Information Systems, & Supply Chain",Management Information Systems,False,0.34286876269127886
Respiratory Therapy,,True,0.41360088664989014
Respiratory Therapy,,False,0.41360088664989014
Health and Sport Sciences,"Exercise Science, Kinesiology, Rehab, Health",False,0.01985826804072655
Biostatistics,Epidemiology,True,0.9103393394400596
Population Health Science,Public Health,False,0.17568396490501756
"Counseling, Developmental and Educational Psychology",Counselor Education,False,0.0007691682022650213
"Counseling, Developmental and Educational Psychology",,False,0.0007691682022650213
"Counseling, Developmental and Educational Psychology",Educational Psychology,False,0.0007691682022650213
Health Promotion and Behavior,"Exercise Science, Kinesiology, Rehab, Health",False,0.01683819344598756
Clinical and Health Psychology,,False,0.03245184064064801
Music Department,Music,False,0.0015523431081779148
Creative Media Industries Institute,Mass Communications and Media Studies,False,0.06019004689934304
Radio-Television-Film,Mass Communications and Media Studies,False,0.0030390091462500933
Media and Screen Studies Program,Communication,False,0.005873520723887679
"Media, Journalism and Film",Communication,False,0.0005853079782622513
Nutrition and Food Sciences,Food Science,True,0.4712352618325828
Nutrition and Food Sciences,Nutrition Sciences,False,0.4712352618325828
"Tourism, Recreation, and Sport Management","Health, Physical Education, Recreation",False,0.003685162509857564
Systems Biology,Microbiology,True,0.997528231715638
Systems Biology,Molecular Biology,True,0.997528231715638
Pharmaceutical and Biomedical Sciences,,True,0.991193974665751
Pharmaceutical and Biomedical Sciences,Pharmaceutical Sciences,True,0.991193974665751
Pharmaceutical and Biomedical Sciences,Pharmacy,True,0.991193974665751
Biostatistics and Medical Informatics,,True,0.9896674770991367
Biostatistics and Medical Informatics,Biostatistics,True,0.9896674479051069
Engineering,,True,0.9716423827155269
International Business,Business Administration,False,0.0032231465162429205
"Marketing, Entrepreneurship, Hospitality, and Tourism",Marketing,False,0.02127799305179042
Physical Therapy Program,"Exercise Science, Kinesiology, Rehab, Health",False,0.011969636077891713
"Women's Gender and Sexuality Studies, Institute for",Gender Studies,False,0.0006051545767092226
Applied Linguistics and English As A Second Language,Linguistics,False,0.042871091271067925
Applied Linguistics and English As A Second Language,,False,0.042871091271067925
Hospitality,,False,0.07379171698516676
Real Estate,,False,0.002821716347670116
Geological and Planetary Sciences,Atmospheric Sciences and Meteorology,True,0.9046614602030519
Geological and Planetary Sciences,Geology,True,0.9046614602030519
Biomedical Engineering and Sciences,,True,0.9113439782886392
"Business, Government, and Society",,False,0.027023139832868248
"Planning, Public Policy and Management",Public Administration,False,0.011700107030272472
"Planning, Public Policy and Management",Urban and Regional Planning,False,0.011700107030272472
"Planning, Public Policy and Management",Public Policy,False,0.011700107030272472
Landscape Architecture,Environmental Engineering,True,0.45295282321364033
Physics and Applied Physics,Physics,True,0.9715047792919845
Classical and European Studies,Classics and Classical Languages,False,0.00634021896877926
"Spanish, Portuguese, and Latin American Studies",Spanish Language and Literature,False,0.008280905679442561
Global and International Studies Program,International Affairs,False,0.03624684168409574
"Journalism, Annenberg School of",Mass Communications and Media Studies,False,0.002637461965116773
"Environment, School of the",Geology,True,0.561933205793021
"Environment, School of the",Environmental Sciences,True,0.561933205793021
Operations and Information Management,Management Information Systems,False,0.6554189968611135
Information Systems,Management Information Systems,False,0.7625502557249163
Statistics and Data Sciences,Statistics,True,0.9887929012255317
Mass Communication and Journalism,Mass Communications and Media Studies,False,0.0006491161285041373
Media and Strategic Communications,Mass Communications and Media Studies,False,0.0007724338351437291
"Journalism, Media, Integrated Marketing Communications",Mass Communications and Media Studies,False,0.006633348002318287
Pharmacotherapy and Outcomes Science,Pharmaceutical Sciences,True,0.9969330983180809
Medical Physiology,Biological Sciences,True,0.9440985553357459
Medical Physiology,Physiology,True,0.9440985553357459
Pharmaceutical Science,Pharmaceutical Sciences,True,0.9949985278132468
Pharmacy and Therapeutics,Pharmacy,True,0.9965299337935315
Geography and Environmental Systems,Environmental Engineering,True,0.23483571562220457
Geography and Environmental Systems,Environmental Sciences,True,0.23483571562220457
Geography and Environmental Systems,Geography,False,0.23483571562220457
Feminist Studies,Gender Studies,False,0.00028402301623576306
"Civil, Structural and Environmental Engineering",Environmental Engineering,True,0.9780884583127772
"Civil, Structural and Environmental Engineering",Civil Engineering,True,0.9780884583127772
Special Education and Communication Disorders,Communication Disorders and Sciences,False,0.001050140629677549
Special Education and Communication Disorders,Special Education,False,0.001050140629677549
Special Education and Disability Studies,Special Education,False,0.0015211764133852793
Teacher Education and Administration,,False,0.005129081406188806
Teacher Education and Administration,Education Administration,False,0.005129081406188806
Public Service and Administration,Public Administration,False,0.024969020070847513
Health Education and Behavior,"Health, Physical Education, Recreation",False,0.006711837769872588
Media and Communication,Mass Communications and Media Studies,False,0.0014507035844746358
"Languages, Literatures and Linguistics",Linguistics,False,0.018763317798797925
Languages and Cultures of Asia,Asian Languages,False,0.0001823783899863494
Languages and Cultures of Asia,Asian Studies,False,0.00018237849158782266
Art and Music Histories,Art History and Criticism,False,9.094868987499048e-05
Art and Art History,Art History and Criticism,False,0.0007452656722913758
Fine Arts and Art History,Art History and Criticism,False,0.0007095706089026973
"Integrative Biology, Section of",Biological Sciences,True,0.9865231296200827
Information and Library Science,Information Science,True,0.9218334510668141
Information Science,Information Science,True,0.9294339900424564
"Nursing, Christine E. Lynn College of",Nursing,False,0.05616965689247244
Nursing and Health Sciences,Nursing,False,0.06997096001006269
Global Management,,False,0.007442709359736026
Pharmacy and Pharmaceutical Sciences,Pharmaceutical Sciences,True,0.9986045307337642
Pharmacy and Pharmaceutical Sciences,Pharmacy,True,0.9986045307337642
"Education, Culture and Society",,False,0.0026553763482287654
Teacher Education and Curriculum Studies,Curriculum and Instruction,False,0.007380994533581037
Learning Teaching and Curriculum,,False,0.011078095631474372
Learning Teaching and Curriculum,Curriculum and Instruction,False,0.011078095631474372
Interdisciplinary Learning and Teaching,,False,0.013282299677428774
Interdisciplinary Learning and Teaching,Curriculum and Instruction,False,0.013282299677428774
Computer Science Department,Computer Science,True,0.9975497509777419
"Recreation, Sport and Tourism","Health, Physical Education, Recreation",False,0.004503182654072224
"Recreation, Health and Tourism","Health, Physical Education, Recreation",False,0.0012980397533886479
Sport and Entertainment Management,,False,0.03308073587479249
Psychology,Educational Psychology,False,0.12700437031632247
"Psychology, Ferkauf Graduate School of",Psychology,False,0.052558946660097215
Health Care Organization and Policy,,False,0.031084251455378485
Disability and Human Development,"Exercise Science, Kinesiology, Rehab, Health",False,0.0012507937899389147
Counseling Psychology,,False,0.0004429669558078375
Linguistics and Philosophy,Linguistics,False,0.019798909905751512
Linguistics and Philosophy,Philosophy,False,0.019798909905751512
Politics and International Relations,International Affairs,False,0.004216621206084938
Politics and International Relations,Political Science,False,0.004216621206084938
Communication Arts,Communication,False,0.0013760431901900343
Black American Studies,,False,0.0011549663918011149
Geography and the Environment,Geography,False,0.23462263598114053
Geography and the Environment,Environmental Sciences,True,0.23462263598114053
Educational Leadership and Foundations,Education Administration,False,0.0064119510072155
Educational Leadership and Foundations,,False,0.0064119510072155
"Business, Leeds School - Finance Division",Finance,False,0.04858941798319335
Applied Mathematics,Mathematics,True,0.9349162463800488
Marine Science,Marine Sciences,True,0.9911356137216474
Forest Ecosystems and Society,Forestry and Forest Resources,True,0.9760060297585724
Life Sciences,Marine Sciences,True,0.5230421114638978
Life Sciences,,True,0.5230421114638978
Physical Sciences,,True,0.8984952693235112
Psychology and Human Development,,False,0.00979563881880045
Psychology and Human Development,Psychology,False,0.00979563881880045
Psychology and Human Development,,True,0.00979563881880045
Physical Therapy and Rehabilitation Science,"Exercise Science, Kinesiology, Rehab, Health",False,0.056112669703932125
Textiles and Apparel,,False,0.012193059588807845
Fashion Design and Merchandising,,False,0.0017725611025280578
Advertising and Public Relations,Mass Communications and Media Studies,False,0.00017069640820478374
Communication,Communication,False,0.006428409487381453
"Film, Television and Theatre",Mass Communications and Media Studies,False,0.013801498859752875
Modern and Classical Languages,Classics and Classical Languages,False,0.0023699510087263117
Languages and Applied Linguistics,,False,0.01829481967600604
"Applied Mathematics and Computational Science, Graduate Group in",,True,0.9870556069663443
Spanish and Portuguese,,False,0.002037094018647925
Computational Biology,Biostatistics,True,0.9998256887034321
Advertising,Mass Communications and Media Studies,False,0.010226264507896422
"Arts, Media and Engineering",Mass Communications and Media Studies,False,0.13712874071015224
Systems Engineering,Systems Engineering,True,0.9285839603013166
Natural Resources and Environmental Sciences,Environmental Sciences,True,0.9785130844250377
Natural Resources and Environmental Sciences,Natural Resources,True,0.9785130844250377
Crop Sciences,Agronomy,True,0.9967815189207105
"Engineering of Matter, Transport and Energy, School for - Mechanical Engineering Faculty",Mechanical Engineering,True,0.9951565400531575
"Engineering of Matter, Transport and Energy, School for - Aerospace Engineering Faculty",Aerospace Engineering,True,0.9774177669180094
Civil/Environmental Engineering,Environmental Engineering,True,0.9900737527235256
Civil/Environmental Engineering,Civil Engineering,True,0.9900737527235256
Film and Media Arts,Mass Communications and Media Studies,False,0.008077050444514433
African American and African Studies,,False,0.0006641768785356461
Radio-Television,Mass Communications and Media Studies,False,0.002652026404846883
Jewish Studies,Religious Studies,False,0.0008573713573741879
Child Development,Human Development and Family Sciences,False,0.3034717852941745
"Psychological, Organizational, & Leadership Studies In Education",Educational Psychology,False,0.012268146634400673
Counseling and Human Development Services,,False,0.00014167924658501388
Counseling and Human Development Services,Counselor Education,False,0.00014167924658501388
Educational and Psychological Studies,Educational Psychology,False,0.006701053345209329
Psychology,Neuroscience,True,0.12700437031632247
"Physical Therapy, Movement and Rehabilitation Sciences","Exercise Science, Kinesiology, Rehab, Health",False,0.050245154362606306
Health Studies,Public Health,False,0.04801625724324567
Health Studies,Nutrition Sciences,False,0.04801625724324567
Health Studies,Nursing,False,0.04801625724324567
Behavioral Science and Health Education,"Health, Physical Education, Recreation",False,0.009365435830876186
Speech Pathology and Audiology,Speech and Hearing Sciences,False,0.1690645120493574
Indigenous Studies Program,,False,0.004443674414600847
Accountancy,Management Information Systems,False,0.008015664304157524
Accounting and Information Systems,Management Information Systems,False,0.09818567310631263
"Global and International Studies, Center for",,False,0.11668442375002812
African-American Studies Program,,False,0.0032211158872375474
International Business & Strategy Group (CoBA),,False,0.01566950320973312
"Art, Art History and Design",Art History and Criticism,False,0.0004870145663132916
Visual Arts,Art History and Criticism,False,0.0020749741704285778
Art and Archeology,Art History and Criticism,False,0.0023303690294532477
Art and Archeology,Anthropology,False,0.0023303690294532477
Art and Archeology,,False,0.0023303690294532477
Metallurgical and Materials Engineering,Materials Engineering,True,0.9927991533561469
Bioengineering Area,Agricultural Engineering,True,0.9868500460220782
"Molecular Engineering, Institute for",Materials Engineering,True,0.9954111181733399
"Evolution, Ecology, and Behavior",Ecology,True,0.9756089712260693
"Evolution, Ecology, and Behavior",Evolutionary Biology,True,0.9756089712260693
Library and Information Studies,Information Science,True,0.7793311502806987
"Music, Moores School of",Music,False,0.05415164796928538
"Soil, Water and Climate",Atmospheric Sciences and Meteorology,True,0.9958520786401577
"Soil, Water and Climate",Soil Science,True,0.9958520786401577
Crop and Soil Science,Soil Science,True,0.9977741692706926
Supply Chain and Operations,,False,0.242928774202335
Organizational Behavior,Business Administration,False,0.011096742338116264
Operations and Business Analytics,Operations Research,True,0.4598458925781143
Information and Decision Sciences,Management Information Systems,False,0.29075383586428855
Management & Organizational Development Group (CoBA),Management,False,0.0064151557511373265
Management and International Business,Business Administration,False,0.00556676550602595
Management and International Business,International Affairs,False,0.00556676550602595
Management and International Business,Management,False,0.00556676550602595
Information and Operations Management,Management Information Systems,False,0.3886843473890796
"Agricultural Leadership, Education, and Communications Program",,True,0.5916775398694467
Applied Social Sciences,,True,0.2729113468446659
Agricultural Education,,True,0.14770350174311958
"Agricultural, Leadership, and Community Education",Communication,False,0.14959477164129842
Comparative Biosciences,Biological Sciences,True,0.9563542164228525
Comparative Biosciences,Veterinary Medical Sciences,True,0.9563542164228525
Natural Resources and The Environment,Natural Resources,True,0.991152100324531
Pathobiology,Pathology,True,0.9932521552440401
Political Science,Economics,False,0.0013093479245971447
Political Science,Public Policy,False,0.0013093479245971447
Political Science,Sociology,False,0.0013093479245971447
Life Sciences Communication,Mass Communications and Media Studies,False,0.22980008574413074
"Hotel, Restaurant and Institutional Management",Management,False,0.05778381917496543
Chemical and Materials Engineering,Chemical Engineering,True,0.9868401237356543
Chemical and Materials Engineering,Materials Engineering,True,0.9868401237356543
"Chemical, Biochemical and Environmental Engineering",Chemical Engineering,True,0.9930317179430718
Educational Leadership and Policy Analysis,Education Administration,False,0.012380715505189875
Physical Activity and Educational Services,"Health, Physical Education, Recreation",False,0.001695925970191424
Physical Activity and Educational Services,"Exercise Science, Kinesiology, Rehab, Health",False,0.001695925970191424
Human and Organizational Learning,Human Development and Family Sciences,False,0.13534521864022137
Leadership and Counseling,Education Administration,False,0.0005145048162104669
Engineering Physics,,True,0.9831489664358404
Animal and Food Sciences,Animal Sciences,True,0.9748616389070838
Animal and Food Sciences,Food Science,True,0.9748616389070838
Biosystems and Agricultural Engineering,Agricultural Engineering,True,0.989714189465586
Paper and Bioprocess and Engineering,,True,0.9959024110371782
Agricultural Education and Communication,,False,0.267937433839852
Zoology,,True,0.7557059327919481
East Asian Languages and Literature,Asian Studies,False,0.00014452170282641742
East Asian Languages and Literature,Asian Languages,False,0.00014452170282641742
"Labor Relations, Law and History",History,False,0.0021075518900990358
International and Comparative Labor,International Affairs,False,0.031037299701108013
Finance Area,Finance,False,0.030713868730844075
Media and Public Affairs,Mass Communications and Media Studies,False,0.000564006695056484
Media and Public Affairs,Public Administration,False,0.000564006695056484
"Economic, Political and Policy Science",Political Science,False,0.050080344854945745
"Economic, Political and Policy Science",Economics,False,0.050080344854945745
"Economic, Political and Policy Science",Public Policy,False,0.050080344854945745
"Sociology, Social Work, and Anthropology",Social Work,False,0.003697205220019481
"Sociology, Social Work, and Anthropology",Sociology,False,0.003697205220019481
"Sociology, Social Work, and Anthropology",Anthropology,False,0.003697205220019481
Plant Pathology and Microbiology,Microbiology,True,0.9997998620661228
Plant Pathology and Microbiology,Plant Pathology,True,0.9997998620661228
"Entomology, Plant Pathology and Weed Science",Entomology,True,0.9996018066417489
"Entomology, Plant Pathology and Weed Science",Plant Pathology,True,0.9996018066417489
"Entomology, Plant Pathology and Weed Science",Plant Sciences,True,0.9996018066417489
Plant and Environmental Sciences,Environmental Sciences,True,0.998264573404937
Plant and Environmental Sciences,Forestry and Forest Resources,True,0.998264573404937
"Entomology, Soils and Plant Sciences",Plant Sciences,True,0.9996334965597153
"Entomology, Soils and Plant Sciences",Soil Science,True,0.9996334965597153
"Entomology, Soils and Plant Sciences",Entomology,True,0.9996334965597153
Population Health and Reproduction,Veterinary Medical Sciences,True,0.6200732740702841
Pathobiology and Population Medicine,Veterinary Medical Sciences,True,0.9874418551003448
"Microbiology, Immunology and Pathology",Immunology,True,0.9977171717662168
"Microbiology, Immunology and Pathology",Pathology,True,0.9977171717662168
"Microbiology, Immunology and Pathology",Microbiology,True,0.9977171717662168
Clinical Sciences,,False,0.9045322694953952
Veterinary Sciences,Veterinary Medical Sciences,True,0.9796761504360448
"Special Education, School Psychology, and Early Childhood Studies - Special Education",Special Education,False,0.01868247071810769
"Special Education, School Psychology, and Early Childhood Studies - Special Education",,False,0.01868247071810769
Instruction and Teacher Education,Curriculum and Instruction,False,0.001107766772404332
Evolution and Ecology,Ecology,True,0.9905244360268874
Evolution and Ecology,Evolutionary Biology,True,0.9905244360268874
Animal and Rangeland Sciences,Animal Sciences,True,0.9215592460666768
Comparative Biomedical Sciences,Veterinary Medical Sciences,True,0.9101530713825976
"Telecommunications, Interdisciplinary Program in",Information Technology,True,0.351732115717372
"Telecommunications, Interdisciplinary Program in",Mass Communications and Media Studies,False,0.3517318048806731
Integrative Physiology,Biological Sciences,True,0.9347489218461407
Integrative Physiology,Physiology,True,0.9347489218461407
Integrative Physiology,"Exercise Science, Kinesiology, Rehab, Health",False,0.9347489218461407
Chemistry and Geochemistry,Chemistry,True,0.9826464921000369
Material Sciences and Engineering,Materials Engineering,True,0.9553448559391107
Craniofacial Biology,,True,0.9922030563508717
Economics and Business,Economics,False,0.002782835795299614
Economics and Business,Business Administration,False,0.002782835795299614
"Computational Mathematics, Science and Engineering",Mathematics,True,0.9954806972862673
"Computational Mathematics, Science and Engineering",,True,0.9954806972862673
"Intermedia Art, Writing and Performance (IAWP), Unit of",Mass Communications and Media Studies,False,0.011106778336296688
"Intermedia Art, Writing and Performance (IAWP), Unit of",,False,0.011106778336296688
"Business, Leeds School - Marketing Division",Marketing,False,0.06799979571557374
Therapeutics & Pharmacology,Pharmacology,True,0.9983428667617407
Geological Sciences,,True,0.7080849630494115
"Environmental Design, Program in",Urban and Regional Planning,False,0.18576577587417753
Zoology and Physiology,,True,0.8893879625914465
Zoology and Physiology,Physiology,True,0.8893879625914465
Planning and Design,,False,0.011865252822824902
Atmospheric and Oceanic Sciences (ATOC),Marine Sciences,True,0.9391648874366295
Atmospheric and Oceanic Sciences (ATOC),,True,0.9391648874366295
Atmospheric and Oceanic Sciences (ATOC),Atmospheric Sciences and Meteorology,True,0.9391648874366295
"Fisheries, Wildlife, and Conservation Biology",,True,0.9993790432835411
"Film Studies, Program in",Mass Communications and Media Studies,False,0.046651612773437275
Critical Media Practices,Mass Communications and Media Studies,False,0.0007046957003512399
Music,,False,0.0010143941893110404
Music,"Theatre Literature, History and Criticism",False,0.0010143941893110404
"Computing, The School of",,True,0.9805429777870304
Human-Centered Computing,,True,0.9494930334704985
"Accounting, Information and Management",Management Information Systems,False,0.05475849442928986
"Accounting, Information and Management",Accounting,False,0.05475849442928986
"Accounting, Information and Management",Management,False,0.05475849442928986
Global Entrepreneurship and Innovation,,False,0.01672956729995899
Construction Management,,True,0.554261015978495
"Civil, Architectural and Environmental Engineering",Architecture,False,0.9459727568925838
"Educator Preparation, Innovation, and Research",Curriculum and Instruction,False,0.029757722913714445
"Educator Preparation, Innovation, and Research",,False,0.029757722913714445
Educational Administration and Higher Education,,False,0.0319135727709229
Educational Administration and Higher Education,Education Administration,False,0.0319135727709229
Curriculum and Instructional Leadership,Curriculum and Instruction,False,0.006062216823986908
Curriculum and Instruction,,False,0.006347249292722862
Media Study,Mass Communications and Media Studies,False,0.0008970399197938345
Stem Cell and Regenerative Biology,Cell Biology,True,0.9986235830513597
Stem Cell and Regenerative Biology,Molecular Biology,True,0.9986235830513597
Stem Cell and Regenerative Biology,,True,0.9986235830513597
Community and Behavioral Health,Public Health,False,0.019000443455060623
Astrophysical and Planetary Sciences,Astronomy,True,0.9869345250335624
Hispanic Languages and Literature,Spanish Language and Literature,False,0.00016569744040187564
"Cultures, Societies, and Global Studies",,False,0.008648736169848443
Theatre and Film Studies,"Theatre Literature, History and Criticism",False,0.011493801618598408
Health and Exercise Science,"Exercise Science, Kinesiology, Rehab, Health",False,0.015843368732817532
Population Health and Pathobiology,Veterinary Medical Sciences,True,0.9690239863255034
Atmospheric Science,Atmospheric Sciences and Meteorology,True,0.8987152904894279
Communication and Theatre Arts,Communication,False,0.0026846350325711492
"Speech, Language and Hearing Sciences",Communication Disorders and Sciences,False,0.02624730023109146
Communicative Disorders,Communication Disorders and Sciences,False,0.03519331649749567
Communicative Disorders,Speech and Hearing Sciences,False,0.03519331649749567
Chemistry and Chemical Engineering,Chemical Engineering,True,0.9931871140148607
Chemistry and Chemical Engineering,Chemistry,True,0.9931871140148607
Environmental Science and Engineering,Environmental Sciences,True,0.9664302080793149
Environmental Science and Engineering,Environmental Engineering,True,0.966430253877455
"Germanic, Slavic and Semitic Studies",Slavic Languages and Literatures,False,0.03040933398377233
"Germanic, Slavic and Semitic Studies",Near and Middle Eastern Languages and Cultures,False,0.03040933398377233
"Germanic, Slavic and Semitic Studies",Germanic Languages and Literatures,False,0.03040933398377233
History Department,History,False,0.010618267418243958
English Department,English Language and Literature,False,0.05888566419326472
Stem Cell Biology and Regenerative Medicine,Cell Biology,True,0.9988117538113996
Statistics and Statistical Laboratory,Statistics,True,0.9468615062598076
"Finance, Insurance and Real Estate",Finance,False,0.0025077338555352393
Economics and Legal Studies In Business,Economics,False,0.009553641481690474
"Agricultural, Food and Resource Economics",Agricultural Economics,False,0.1124266490596277
Resource Economics,Agricultural Economics,False,0.11481320982945138
Economics Department,Economics,False,0.05707443913351895
Aeronautics and Engineering,,True,0.9504052186287524
Aerospace Engineering,,True,0.9254546749355594
Interior Design,,False,0.02947910843862821
"Design School, The - Design Faculty",Architecture,False,0.05428588365475199
Industrial and Systems Engineering and Engineering Management,Systems Engineering,True,0.9808186059132211
Industrial and Systems Engineering and Engineering Management,Industrial Engineering,True,0.9808186059132211
Biomedical Sciences,Veterinary Medical Sciences,True,0.9228594880482802
Animal and Poultry Sciences,Animal Sciences,True,0.9936863430349092
Veterinary Diagnostic and Production Animal Medicine,Veterinary Medical Sciences,True,0.9690218518474578
Agricultural Education and Studies,,False,0.22469739258263255
Construction Science,,True,0.6552891333103675
Engineering Technology,,True,0.9594326333461802
Geological and Atmospheric Sciences,Atmospheric Sciences and Meteorology,True,0.8789146314717099
Geological and Atmospheric Sciences,Geology,True,0.8789146314717099
"Ecology, Evolution and Organismal Biology",Ecology,True,0.9952474596078892
"Ecology, Evolution and Organismal Biology",Evolutionary Biology,True,0.9952474596078892
Statistics and Applied Probability,Statistics,True,0.9889564432345642
Computing and Information Sciences,Computer Science,True,0.9929646269454182
Computing and Information Sciences,Information Science,True,0.9929646269454182
"Agricultural Communications, Education and Leadership",Human Development and Family Sciences,False,0.325770191002936
"Women, Gender, and Sexuality Studies",Gender Studies,False,9.312956852404618e-05
Leadership and Counseling,Counselor Education,False,0.0005145048162104669
Educational and Organizational Leadership Development,,False,0.008385451998369615
Educational and Organizational Leadership Development,Counselor Education,False,0.008385451998369615
Educational and Organizational Leadership Development,Education Administration,False,0.008385451998369615
Curriculum and Instruction/Literacy Studies,Curriculum and Instruction,False,0.020179695495422357
Educational Leadership and Research Methodology,Education Administration,False,0.008036047085246656
Educational Psychology and Higher Education,Education Administration,False,0.003869006909162273
Educational Psychology and Higher Education,,False,0.003869006909162273
Educational Psychology and Higher Education,Educational Psychology,False,0.003869006909162273
Veterinary Pathology,Veterinary Medical Sciences,True,0.9863924357975783
"Apparel, Events and Hospitality Management",,False,0.004521304571345689
Instruction and Learning,Curriculum and Instruction,False,0.005986528572208371
Music and Theatre,Music,False,0.002567239198093382
Educational Leadership and Innovation,Education Administration,False,0.02664121381208572
Educational Leadership and Organizational Learning,Education Administration,False,0.024374965566869668
Materials Design and Innovation,Materials Engineering,True,0.5102496486438549
Philosophy and Religious Studies,Religious Studies,False,0.0015243186124351755
Philosophy and Religious Studies,Philosophy,False,0.0015243186124351755
Management Sciences,Operations Research,True,0.05153283201334724
Management Sciences,Management Information Systems,False,0.05153283201334724
Information Operations and Technology Management,Operations Research,True,0.8106762672207276
Information Operations and Technology Management,Management Information Systems,False,0.8106762672207276
Systems and Technology,,False,0.5203711381380518
Management,Management Information Systems,False,0.0011393285683098464
Operational Sciences,Operations Research,True,0.9068640286590025
Marketing and Supply Chain Management,Management,False,0.010581886303052974
Pathology,Veterinary Medical Sciences,True,0.9930098167425099
Engineering Technology and Management,,True,0.8750534786934251
Grain Science and Industry,Agronomy,True,0.9239915043959275
Veterinary Preventive Medicine,Veterinary Medical Sciences,True,0.9321870289931965
Large Animal Clinical Sciences,Veterinary Medical Sciences,True,0.9985490384655801
Veterinary Microbiology and Preventive Medicine,Veterinary Medical Sciences,True,0.9941345998040182
Anatomy and Physiology,Anatomy,True,0.977077912466054
Anatomy and Physiology,Physiology,True,0.977077912466054
Consumer Sciences,,False,0.16645747866068583
Marketing and Supply Chain,Marketing,False,0.014699866630309677
"Marketing, Industrial Distribution and Economics",Economics,False,0.01758260677857433
"Marketing, Industrial Distribution and Economics",Marketing,False,0.01758260677857433
Pharmacology and Experimental Therapeutics,Pharmacology,True,0.9973527705647577
Pharmacology and Experimental Therapeutics,Pharmaceutical Sciences,True,0.9973527705647577
Tropical Plant and Soil Sciences,Plant Sciences,True,0.9985546356507982
Tropical Plant and Soil Sciences,Soil Science,True,0.9985546356507982
Molecular Genetics and Cell Biology,,True,0.9997924257358306
Molecular Genetics and Cell Biology,Cell Biology,True,0.9997924257358306
Plant Sciences,Plant Sciences,True,0.9988594636757565
Community and Regional Planning,Urban and Regional Planning,False,0.008570168918580524
Entomology and Nematology,Entomology,True,0.9988784830494317
Pathobiological Sciences,Veterinary Medical Sciences,True,0.9949569315587372
Natural Resource Ecology and Management,Natural Resources,True,0.9727029705523866
Entrepreneurship,,False,0.0028411803825426256
Geology and Geography,Geology,True,0.5434927812802377
Geology and Geography,Geography,False,0.5434927812802377
Human Physiology,Physiology,True,0.8251288867805414
Veterinary Medicine and Surgery,Veterinary Medical Sciences,True,0.9453431184487295
Veterinary Small Animal Clinical Sciences,Veterinary Medical Sciences,True,0.9732860467654699
Agricultural and Human Sciences,,False,0.39735708255200264
Agricultural Education and Agricultural Sciences,,True,0.6676988023569528
Agriculture,,True,0.7183824061115295
"Teaching, Learning and Leadership",,False,0.014951920261251283
"Teaching, Learning and Leadership",Education Administration,False,0.014951920261251283
"Agriculture, Agribusiness, and Environmental Science",Agronomy,True,0.9401507482020325
Fisheries and Wildlife,,True,0.9985148421087299
Immunology and Molecular Microbiology,Immunology,True,0.9974838676829932
Immunology and Molecular Microbiology,Microbiology,True,0.9974838676829932
Population Health,Veterinary Medical Sciences,True,0.05215913100984513
English and Foreign Languages,English Language and Literature,False,0.004466006137517553
Consumer and Design Sciences,,False,0.026880116196429528
"Textile, Merchandising and Interiors",,False,0.011586182703234815
Design,Architecture,False,0.0021810640973914637
Plant Pathology,,True,0.9995611774313264
Business and Public Policy,Business Administration,False,0.009179432318292241
Business and Public Policy,Public Policy,False,0.009179432318292241
Acquisition Management,,False,0.006322412459814383
Business - Strategy and Environment Area,,False,0.0946199511209784
Materials Science and Chemical Engineering,Materials Engineering,True,0.9740196015751648
Materials Science and Chemical Engineering,Chemical Engineering,True,0.9740196015751648
Maritime Systems Engineering,Systems Engineering,True,0.9422629386802376
"Biostatistics, Bioinformatics and Biomathematics",Biostatistics,True,0.9959020722034442
"Biostatistics, Bioinformatics and Biomathematics",,True,0.9959020722034442
"Marine, Earth and Atmospheric Sciences",Marine Sciences,True,0.9927895581727352
"Marine, Earth and Atmospheric Sciences",Atmospheric Sciences and Meteorology,True,0.9927895581727352
"Educational Research, Leadership and Technology - Educational Technology",,False,0.11124262864498743
"Educational Research, Leadership and Technology - Educational Technology",Education Administration,False,0.11124262864498743
Neuroscience and Experimental Therapeutics,Neuroscience,True,0.9160140085674786
Neuroscience and Experimental Therapeutics,Biological Sciences,True,0.9160140085674786
"Literatures, Cultures, and Languages",Classics and Classical Languages,False,0.004437726543856141
Chemical and Petroleum Engineering,Chemical Engineering,True,0.9971643282129247
Petroleum and Geological Engineering,,True,0.9986526810185291
Petroleum Engineering at Qatar,,True,0.98822056877822
Business - Accounting Area,Accounting,False,0.005212659472888269
Banking and Finance,Finance,False,0.026486109246617272
Ecosystem Science and Management,Ecology,True,0.9950348853904577
Wildlife and Fisheries Sciences,,True,0.9987592575699372
"Rangeland, Wildlife, and Fisheries Management",,True,0.9606739129162459
Biology and Wildlife,,True,0.9972805744508235
Biology and Wildlife,Biological Sciences,True,0.9972805744508235
Forest Resources and Conservation,Forestry and Forest Resources,True,0.9871177409690514
Forest Ecology and Biogeoscience,Forestry and Forest Resources,True,0.9992694781352427
Plant and Soil Science,Plant Sciences,True,0.9987819183824712
Plant and Soil Science,Soil Science,True,0.9987819183824712
Natural Resources Management,Natural Resources,True,0.8065412671906944
Marine Biology,Marine Sciences,True,0.9998383853097221
"Recreation, Park and Tourism Sciences","Health, Physical Education, Recreation",False,0.11469144863071738
Mechanical Engineering and Materials Science,Materials Engineering,True,0.9597034888921735
Design and Environmental Analysis,,False,0.20760851962102306
International Relations,International Affairs,False,0.0024357683832272594
Technology Leadership and Communication,Communication,False,0.17818574461318187
Technology Leadership and Communication,Management,False,0.17818574461318187
Electrical and Computer Engineering,Computer Science,True,0.9805398649062305
Educational Leadership and Counseling,Counselor Education,False,0.0027515289568972997
Educational Leadership and Counseling,Education Administration,False,0.0027515289568972997
Human Development and Organizational Studies in Education,Human Development and Family Sciences,False,0.003347119537581802
Information Technology and Decision Sciences,Information Technology,True,0.6225132212998551
Leadership and Professional Studies,Counselor Education,False,0.02981249036409489
Leadership and Professional Studies,Education Administration,False,0.02981249036409489
Leadership and Professional Studies,,False,0.02981249036409489
Molecular and Cellular Medicine,Biochemistry,True,0.9996705435195237
Molecular and Cellular Medicine,Biological Sciences,True,0.9996705438899429
Pharmacy,Pharmaceutical Sciences,True,0.9324724054355904
Landscape Architecture and Urban Planning,Urban and Regional Planning,False,0.014013233193853608
Architecture and Landscape Architecture,,False,0.0361319025712854
Design and Construction,Architecture,False,0.060788401620823496
"Planning, Design, and Construction",Urban and Regional Planning,False,0.11849965033013307
Marine Sciences,Marine Sciences,True,0.9869870077662309
Psychological Science,Neuroscience,True,0.14983821312732365
Psychological Science,Psychology,False,0.14983821312732365
Psychological Science,,False,0.14983821312732365
Psychology Department,Psychology,False,0.03169138462828861
Cognitive and Learning Sciences,,True,0.5221378413662879
Kinesiology and Integrative Physiology,"Exercise Science, Kinesiology, Rehab, Health",False,0.43739658773525514
Kinesiology and Integrative Physiology,Physiology,True,0.43739658773525514
Health Promotion and Community Health Sciences,"Exercise Science, Kinesiology, Rehab, Health",False,0.12422003014364336
Health Promotion and Behavior,Public Health,False,0.016838165618102762
Agricultural Economics and Agricultural Business,Agricultural Economics,False,0.13737535498377862
Crop and Soil Environmental Science,Plant Sciences,True,0.9991952774330759
Crop and Soil Environmental Science,Soil Science,True,0.9991952774330759
Crop and Soil Environmental Science,Environmental Sciences,True,0.9991952774330759
Crop and Soil Environmental Science,Plant Pathology,True,0.9991952774330759
Crop and Soil Environmental Science,Agronomy,True,0.9991952774330759
Crop and Soil Environmental Science,Horticulture,True,0.999195276739103
"Crop, Soil, and Environmental Sciences",Soil Science,True,0.9982615247599587
"Crop, Soil, and Environmental Sciences",Agronomy,True,0.9982615247599587
"Crop, Soil, and Environmental Sciences",Environmental Sciences,True,0.9982615247599587
Nutrition and Food Science,Food Science,True,0.4761568020725428
Nutrition and Food Science,Nutrition Sciences,False,0.4761568020725428
Decision and Technology Analytics,,False,0.5125663955655748
Decision and Information Science,Management Information Systems,False,0.23600189524299364
Kinesiology and Sport Management,"Exercise Science, Kinesiology, Rehab, Health",False,0.006263470960719303
"Kinesiology, Health Promotion and Recreation","Exercise Science, Kinesiology, Rehab, Health",False,0.003251667581730344
Sociology Program,Sociology,False,0.012670000848946816
Political Science Program,Political Science,False,0.014918920325252166
"Ocean, Earth and Atmospheric Sciences",Marine Sciences,True,0.976131835858323
"Ocean, Earth and Atmospheric Sciences",,True,0.976131835858323
"Ocean, Earth and Atmospheric Sciences",Atmospheric Sciences and Meteorology,True,0.976131835858323
Earth and Atmospheric Science,Geology,True,0.86853983111054
Earth and Atmospheric Science,Atmospheric Sciences and Meteorology,True,0.86853983111054
Geography and Earth Sciences,Geography,False,0.34250230424064004
Geography and Earth Sciences,Geology,True,0.34250230424064004
"Tourism, Conventions and Event Management",,False,0.0022999425723175234
Educational and Clinical Studies,Education Administration,False,0.06026940919552458
"Early Childhood, Multilingual, and Special Education",Special Education,False,0.0031455734013296987
"Early Childhood, Multilingual, and Special Education",,False,0.0031455734013296987
Secondary Education,,False,0.002205718875727171
Veterinary Physiology and Pharmacology,Veterinary Medical Sciences,True,0.9963591295949155
"Clinical Studies, Department of (New Bolton Center)",Veterinary Medical Sciences,True,0.7881238828008803
"Teaching, Learning and Curriculum Studies",Curriculum and Instruction,False,0.01704239118689676
"Teaching, Learning and Curriculum Studies",,False,0.01704239118689676
Biological Chemistry,,True,0.9938903123650966
"Civil, Environmental and Ocean Engineering",Civil Engineering,True,0.9879666419141715
"Civil, Environmental and Ocean Engineering",Environmental Engineering,True,0.9879666419141715
Horticultural Sciences,Horticulture,True,0.9782107709795846
Plant Biology and Pathology,,True,0.9995590799917784
Plant Biology and Pathology,Plant Pathology,True,0.9995590799917784
"Health Policy, Management and Leadership",,False,0.004124158376818733
"Management, Policy and Community Health",Public Policy,False,0.011437222224225715
"Management, Policy and Community Health",Public Health,False,0.011437222224225715
History and Philosophy,Philosophy,False,0.001547118693404429
History and Philosophy,History,False,0.001547118693404429
Environmental and Molecular Toxicology,,True,0.9959166350307159
Veterinary Integrative Biosciences,Veterinary Medical Sciences,True,0.9942668502608318
Neurology,Neuroscience,True,0.932151985816299
Population Medicine and Diagnostic Sciences,Veterinary Medical Sciences,True,0.8931160236324253
Molecular Biosciences and Bioengineering,Molecular Biology,True,0.9969206405015093
Molecular Biosciences and Bioengineering,Agricultural Engineering,True,0.9969206405015093
Epidemiology,Biostatistics,True,0.9940711939660394
"Agricultural Leadership, Education, and Communication",,False,0.279996867988232
Animal and Dairy Science,Animal Sciences,True,0.9447687922312786
Industrial Engineering and Management,Systems Engineering,True,0.9322446153891878
Industrial Engineering and Management,Industrial Engineering,True,0.9322447474141746
"Management, Drucker School of",Management,False,0.002544064479246439
"Engineering Management, Information and Systems",Operations Research,True,0.9601999765145657
"Engineering Management, Information and Systems",Systems Engineering,True,0.960200020208687
"Engineering Management, Information and Systems",Industrial Engineering,True,0.9601999765145657
NanoMedicine and Biomedical Engineering,Biomedical Engineering,True,0.9658116257265104
Biology and Microbiology,Microbiology,True,0.9934862564988475
Biology and Microbiology,Biological Sciences,True,0.9934862564988475
Veterinary Large Animal Clinical Sciences,Veterinary Medical Sciences,True,0.9931258236875058
Small Animal Medicine and Surgery,Veterinary Medical Sciences,True,0.9497269530235453
"Media and Culture, Robertson School of",Mass Communications and Media Studies,False,0.011561059172840737
"Gender, Sexuality, and Women's Studies",Gender Studies,False,0.00013790532192928685
Health Management & Informatics,,False,0.15207073638294308
Biological and Environmental Sciences,Biological Sciences,True,0.9666770177279302
Biological and Environmental Sciences,Environmental Sciences,True,0.9666769436004131
Biological and Health Sciences,Biological Sciences,True,0.7796238009129828
Biological and Health Sciences,Communication Disorders and Sciences,False,0.7796231978480372
Agricultural Education and Communication,Communication,False,0.267937433839852
Mechanical Engineering,Materials Engineering,True,0.9638234809285962
"Biomedical Engineering, Chemistry and Biological Sciences",Biomedical Engineering,True,0.9540598070553072
"Biomedical Engineering, Chemistry and Biological Sciences",Chemistry,True,0.9540598070553072
Marine Engineering Technology,Civil Engineering,True,0.9665160520051052
Maritime Administration,Business Administration,False,0.2569863512427607
Pathology and Laboratory Medicine,Biological Sciences,True,0.9791213109311911
Biomedical Engineering and Mechanics,Biomedical Engineering,True,0.9672046397224573
Specialized Education Services,,False,0.004152987162247098
"Education, Health and Behavior Studies",Education,False,0.005891994870982915
"Education, Health and Behavior Studies",Educational Psychology,False,0.005891994870982915
"Teaching, Leadership and Professional Practice",Education Administration,False,0.00836260789651792
"Teaching, Leadership and Professional Practice",Education,False,0.00836260789651792
Educational Foundation & Research,,False,0.01849793399095477
"Mathematics, Science, and Instructional Technology Education",,False,0.059290266492285505
"Literacy Studies, English Education, and History Education",,False,0.007680908430145525
Electrical and Biomedical Engineering,Electrical Engineering,True,0.9655259371682687
Electrical and Biomedical Engineering,Biomedical Engineering,True,0.9655259371682687
Aerospace and Mechanical Engineering,Mechanical Engineering,True,0.9593962858239955
Aerospace and Mechanical Engineering,Aerospace Engineering,True,0.9593962858239955
"Information Systems, Statistics and Management Science",Information Technology,True,0.7762052370874629
Biological and Health Systems Engineering,Biomedical Engineering,True,0.9376596956013031
Biological and Health Systems Engineering,Agricultural Engineering,True,0.9376596956013031
Soil and Water Systems,Agronomy,True,0.9952295003675216
Soil and Water Systems,Soil Science,True,0.9952295003675216
Journalism and Mass Communications,Mass Communications and Media Studies,False,0.0006825076295263165
Journalism and New Media,Mass Communications and Media Studies,False,0.0023009768783264785
"Business, Grossman School of",Business Administration,False,0.10567489556295895
Management and IR,Management,False,0.010559317145442055
Mechanical and Energy Engineering,Mechanical Engineering,True,0.9880469067563766
Mechanical and Aerospace Engineering,Materials Engineering,True,0.9346561486533551
Science and Technology In Society,History,False,0.24293506821671196
Food and Animal Science,Animal Sciences,True,0.9658926982972511
Food and Animal Science,Food Science,True,0.9658926982972511
Plant Pathology,Plant Sciences,True,0.9995611774313264
Plant Pathology,Entomology,True,0.9995611774313264
Theatre Arts,"Theatre Literature, History and Criticism",False,0.014074801992539954
"Theatre and Film, Johnny Carson School of",Mass Communications and Media Studies,False,0.09119333433427716
"Planning and Public Policy, Edward J. Bloustein School of",Urban and Regional Planning,False,0.007887558440033384
"Planning and Public Policy, Edward J. Bloustein School of",Public Policy,False,0.007887558440033384
"Management, Lally School of",Management,False,0.00869440418775564
Family Science,,False,0.09554018442119365
Professional Psychology,Psychology,False,0.0025220277954227494
"Art, Graphic Design and Art History",Art History and Criticism,False,0.0015274771344078847
Art,"Theatre Literature, History and Criticism",False,0.0011851302719467734
Design,Communication,False,0.0021810640973914637
Business Information Technology,Operations Research,True,0.4358961825680697
Business Information Technology,Management Information Systems,False,0.4358961825680697
"Engineering Systems and Environment,  Department of",,True,0.9859979074825812
"Apparel, Housing and Resource Management",,False,0.00037734056070799955
Integrative Biology,Evolutionary Biology,True,0.9857847692782704
Integrative Biology,Molecular Biology,True,0.9857847692782704
Integrative Biology,Genetics,True,0.9857847692782704
Integrative Biology,Cell Biology,True,0.9857847692782704
Operations Research,Operations Research,True,0.30473675889267915
"Human Nutrition, Foods and Exercise",Nutrition Sciences,False,0.04776469700495238
"Human Nutrition, Foods and Exercise",Food Science,True,0.04776469700495238
"Human Nutrition, Foods and Exercise","Exercise Science, Kinesiology, Rehab, Health",False,0.04776469700495238
"Landscape Architecture, Program In",,False,0.13462947366107583
"Global Animal Health, Paul G. Allen School for",Veterinary Medical Sciences,True,0.6864361056279261
Pharmacy and Pharmaceutical Sciences,Pharmaceutical Sciences,True,0.9986045253740116
Pharmacy and Pharmaceutical Sciences,Pharmacy,True,0.9986045253740116
Allied Health,,False,0.0460765163363641
"Health Promotion, Social and Behavioral Health","Exercise Science, Kinesiology, Rehab, Health",False,0.018752877015716846
Physiological Sciences,Veterinary Medical Sciences,True,0.970031391207919
Geology and Environmental Geosciences,Geology,True,0.9671175206403451
Geology and Environmental Geosciences,Environmental Sciences,True,0.9671175206403451
Applied Information Technology,Information Technology,True,0.7906637297740724
"Polytechnic School, The - Engineering Faculty, general",,True,0.9717596172763894
Systems Engineering,Systems Engineering,True,0.9285842357937606
Culinary Arts and Food Sciences,Food Science,True,0.7181629571051074
Biological and Environmental Engineering,Environmental Engineering,True,0.9844099977041058
Biological and Environmental Engineering,Agricultural Engineering,True,0.9844099977041058
Regenerative Medicine and Cell Biology,Cell Biology,True,0.9971337187011773
Regenerative Medicine and Cell Biology,Anatomy,True,0.9971337187011773
Regenerative Medicine and Cell Biology,,True,0.9971337187011773
Geographic and Atmospheric Sciences,Atmospheric Sciences and Meteorology,True,0.23555567008868197
Geographic and Atmospheric Sciences,Geography,False,0.23555567008868197
World Studies,,False,0.004671488791482216
Psychology - Behavioral Neurobiology,Neuroscience,True,0.6782039932254758
"Cell, Developmental, and Integrative Biology",Cell Biology,True,0.9888106032611615
"Cell, Developmental, and Integrative Biology",,True,0.9888106032611615
"Accounting, Economics and Finance",Finance,False,0.008056091750417212
"Accounting, Economics and Finance",Accounting,False,0.008056091750417212
"Accounting, Economics and Finance",Economics,False,0.008056091750417212
Foreign Languages,,False,0.0007177067763892433
Literature,Comparative Literature,False,0.007978364886789819
"Molecular Sciences, School of - Chemistry Faculty",Chemistry,True,0.98127528097961
"Molecular Sciences, School of - Chemistry Faculty",Biochemistry,True,0.98127528097961
Fisheries and Wildlife Science,,True,0.9991641945619538
"Animal, Rangeland, and Wildlife Sciences",,True,0.971204998256801
"Animal, Rangeland, and Wildlife Sciences",Animal Sciences,True,0.971204998256801
Mining and Minerals Engineering,,True,0.9800119866297352
Forest Resources and Environmental Conservation,Forestry and Forest Resources,True,0.9862480494487338
Sustainable Biomaterials,Natural Resources,True,0.9879284136325504
Sustainable Biomaterials,Forestry and Forest Resources,True,0.9879284136325504
Forestry,Forestry and Forest Resources,True,0.9960158193026676
Packaging Science,,False,0.7982888414957172
Building Construction,,False,0.3431729168567114
Film and Media Studies,Art History and Criticism,False,0.00535639695470904
Occupational and Environmental Health,"Exercise Science, Kinesiology, Rehab, Health",False,0.009626221616067611
Occupational and Environmental Health,Environmental Health Sciences,False,0.009626221616067611
Human Genetics,Genetics,True,0.913971666406962
Epidemiology and Biostatistics,Epidemiology,True,0.9940544260835582
Biostatistics and Computational Biology,,True,0.9989802744451117
Biostatistics and Computational Biology,Biostatistics,True,0.9989802744451117
Biology,Ecology,True,0.9695648925731627
Biology,Evolutionary Biology,True,0.9695648925731627
Biology,Microbiology,True,0.9695648925731627
Biology,Cell Biology,True,0.9695648925731627
Biology,Molecular Biology,True,0.9695648925731627
Global Community Health and Behavioral Sciences,Epidemiology,True,0.4646150685647618
Mental Health,Public Health,False,0.03853268496036838
"Health, Behavior and Society","Exercise Science, Kinesiology, Rehab, Health",False,0.009278164617485957
"Health, Behavior and Society",Public Health,False,0.009278164617485957
"Health Policy, Management and Behavior",Public Health,False,0.006681284640229076
Health Outcomes and Policy,,False,0.21664674556629912
Prevention and Community Health,Public Health,False,0.10504544460413337
Epidemiology of Microbial Diseases,Epidemiology,True,0.9993206655978579
Biobehavioral and Health Sciences,Public Health,False,0.16489225624044368
Environmental and Global Health,Environmental Health Sciences,False,0.14382169947391837
Environmental and Global Health,Public Health,False,0.14382169947391837
Russian and East Asian Languages and Cultures (REALC),Asian Languages,False,0.0009914871908044763
Russian and East Asian Languages and Cultures (REALC),Slavic Languages and Literatures,False,0.0009914871908044763
Theology/Religion,Theological Studies,False,0.0005204291610391191
Theology/Religion,Religious Studies,False,0.0005204291610391191
Divinity,Religious Studies,False,0.008758324072708549
Intercultural Studies,Religious Studies,False,0.0002070726167658906
Modern Languages and Literatures,Spanish Language and Literature,False,0.0033767870344626597
Modern Languages and Literatures,French Language and Literature,False,0.0033767870344626597
Dental Medicine-Oral Biology,,True,0.9763591513914257
Molecular and Cellular Oncology,,True,0.9985254067315363
Judaic Studies,,False,0.0005311477864580968
Math and Computer Sciences,Computer Science,True,0.9651632182309096
Math and Computer Sciences,Mathematics,True,0.9651632182309096
"Mathematics, Applied Mathematics and Statistics",Mathematics,True,0.9856350467092183
"Mathematics, Applied Mathematics and Statistics",Statistics,True,0.9856350467092183
Computing Security,Computer Science,True,0.7923626053670804
"Computing, Informatics and Decision Systems Engineering, School of - Software Engineering Faculty",Computer Engineering,True,0.9971041583862515
Polytechnic School,,True,0.7031108545887708
"Computing, Informatics and Decision Systems Engineering, School of - Industrial Engineering Faculty",Industrial Engineering,True,0.9988043824518099
"Health Solutions, College of - Population Health",Public Health,False,0.11517571100746611
Environmental Engineering Sciences,Environmental Engineering,True,0.9350376536879906
"Engineering of Matter, Transport and Energy, School for - Chemical Engineering Faculty",Chemical Engineering,True,0.9918409011902878
Earth and Environmental Science Department,Geology,True,0.9849209348726623
Earth and Environmental Science Department,Environmental Sciences,True,0.9849209348726623
Geography and Planning,Geography,False,0.011147772825466739
Geography and Planning,Urban and Regional Planning,False,0.011147772825466739
Education Studies,Curriculum and Instruction,False,0.0037197986669547023
Child and Family Development,,False,0.010492319499673294
American Indian Studies Program,,False,0.007349339904270618
Native American Studies,,False,0.000796269608937756
Genome Sciences,Genetics,True,0.9426972185107723
Genome Sciences,,True,0.9426972185107723
"Historical, Philosophical and Religious Studies, School of - History Faculty",History,False,0.004950700433277535
"Historical, Philosophical and Religious Studies, School of - Philosophy Faculty",Philosophy,False,0.006799697759338535
Mathematical and Natural Sciences,Mathematics,True,0.9582131787599533
Mathematical and Natural Sciences,Biological Sciences,True,0.9582131787599533
"Behavioral Health, Faculty of",,False,0.017840844807514147
Applied Sciences and Mathematics,,True,0.8639081861730329
"Integrative Sciences and Arts - Mathematics and Sciences Faculty, general",Mathematics,True,0.8429375463758515
"Organizational Leadership, Policy, and Development",Education Administration,False,0.006258713659363613
Geography,Atmospheric Sciences and Meteorology,True,0.04617387030806774
Geography,,True,0.04617387030806774
Development Sociology,Sociology,False,0.006712206423273989
"Historical, Philosophical and Religious Studies, School of - Religious Studies  Faculty",Religious Studies,False,0.0017714161382999419
Nursing and Health Innovation,Nursing,False,0.024095818906390568
Counseling and Clinical Psychology,,False,0.0013332366972780845
"Languages and Cultures, Faculty of",,False,0.06515494837815924
Integrative Sciences and Arts - Leadership and Integrative Studies Faculty,Education Administration,False,0.08418411940510204
Teacher Preparation,Curriculum and Instruction,False,0.010506244373303908
Human Development and Organizational Studies in Education - Research and Evaluation Methodology,,False,0.005610954870672804
"Individual, Family and Community Education",,False,0.0040750240505924755
Operations and Information Systems,Operations Research,True,0.9061602938337922
Operations and Information Systems,Management Information Systems,False,0.9061602938337922
Financial Management,Finance,False,0.008442668564704136
Public Affairs and Security Studies,Public Administration,False,0.006738595422464846
Public Affairs and Security Studies,Public Policy,False,0.006738595422464846
"Health,Physical Education and Recreation","Health, Physical Education, Recreation",False,0.004347531996095369
Supply Chain Management,Marketing,False,0.017717918961313472
"Justice, Law and Criminology",Criminal Justice and Criminology,False,0.03580033990908722
Culture and Communication,Communication,False,0.0002894322093217842
Criminology & Justice Studies,Criminal Justice and Criminology,False,0.08816354123168102
Technological Entrepreneurship and Innovation Management,,False,0.037882425273724804
"Agribusiness and Resource Management, Morrison School of",Business Administration,False,0.11671834600786062
"Agribusiness and Resource Management, Morrison School of",Management,False,0.11671834600786062
Real Estate and Urban Land Economics,,False,0.0024108656649841622
Legal Studies and Business Ethics,Philosophy,False,0.01217955553164288
Business,,False,0.0025240532618787887
"Language, Literacy and Intercultural Studies",Education,False,0.0024512985529268273
Health Studies,"Health, Physical Education, Recreation",False,0.04801622472375977
"Health Solutions, College of - Kinesiology, Sports and Exercise Science","Exercise Science, Kinesiology, Rehab, Health",False,0.08022443925017111
Family and Community Health Nursing,Nursing,False,0.006440660392027958
Mathematics and Applied Mathematics,,True,0.8940851474219291
Mathematics and Applied Mathematics,Mathematics,True,0.8940851474219291
Math and Statistics,Mathematics,True,0.980574413396738
Math and Statistics,Statistics,True,0.980574413396738
Infectious Diseases and Pathology,Veterinary Medical Sciences,True,0.9974567599937231
Infectious Diseases and Pathology,Pathology,True,0.9974567599937231
"Study of Biological Complexity, Center for the",,True,0.9989678895254288
Mathematics and Science Education,,False,0.1926356024709611
Biology and Ecology,Ecology,True,0.9979658234965851
Biology and Ecology,Biological Sciences,True,0.997965827880724
Modern Languages and Comparative Literature,Comparative Literature,False,0.0065778308619983085
BioHealth Informatics,Information Science,True,0.8826725973621492
BioHealth Informatics,,True,0.8826725973621492
BioHealth Informatics,Information Technology,True,0.8826725973621492
Family Medicine,Public Health,False,0.18505478139456033
Communication Studies,"Theatre Literature, History and Criticism",False,0.001670218489360174
"Race, Ethnicity, Gender and Sexuality Studies",Gender Studies,False,0.0027241519528123613
Marine and Environmental Affairs,Marine Sciences,True,0.9674526315739918
Marine and Environmental Affairs,Environmental Sciences,True,0.9674526315739918
"Science, Mathematics and Social Science, Faculty of",,False,0.3912032382208248
Philosophy Department,Philosophy,False,0.04256198956834645
Agribusiness and Applied Economics,,False,0.12851311977569974
Agribusiness and Applied Economics,Agricultural Economics,False,0.12851311977569974
"Agribusiness, Morrison School of",,False,0.18516941770234824
Accounting Group (CoBA),Accounting,False,0.016368516009452192
"Theatre, Film, and Digital Production,  Department of","Theatre Literature, History and Criticism",False,0.18574758499333804
"Marketing, Information Systems, Information Assurance and Operations Management",Management Information Systems,False,0.13945435722305657
"Marketing, Information Systems, Information Assurance and Operations Management",Marketing,False,0.13945435722305657
"Sociology, Anthropology, and Social Work",Anthropology,False,0.003279386295481646
"Sociology, Anthropology, and Social Work",Sociology,False,0.003279386295481646
"Sociology, Anthropology, and Social Work",Social Work,False,0.003279386295481646
Pharmaceutical Sciences,Pharmacology,True,0.9960840100362176
"Land, Air and Water Resources",Natural Resources,True,0.9841261582558858
"Land, Air and Water Resources",Environmental Sciences,True,0.9841261582558858
Agricultural Economics and Agribusiness,Agricultural Economics,False,0.13640299892289387
"Civil, Environmental and Infrastructure Engineering",Civil Engineering,True,0.9878705271940355
"Civil, Environmental and Infrastructure Engineering",Environmental Engineering,True,0.9878705271940355
Civil and Environmental Engineering and Engineering Mechanics,,True,0.9658524920565709
Civil and Environmental Engineering and Engineering Mechanics,Civil Engineering,True,0.9658524920565709
Civil and Environmental Engineering and Engineering Mechanics,Environmental Engineering,True,0.9658524920565709
Construction Management,Industrial Engineering,True,0.554261015978495
"Environmental, Agricultural and Occupational Health",Environmental Health Sciences,False,0.17651719031879723
Psychological and Quantitative Foundations,,False,0.04315925413701531
"Ethnic Studies, Institute for",,False,0.028560919637369758
Pharmacology and Experimental Neuroscience,Pharmaceutical Sciences,True,0.9956552371738114
Pharmacology and Experimental Neuroscience,Pharmacology,True,0.9956552371738114
Pharmacology and Experimental Neuroscience,Neuroscience,True,0.9956552371738114
Environmental Studies Program,Environmental Sciences,True,0.6554409555849448
"Ecology, Evolution and Behavior",Evolutionary Biology,True,0.9792068234352488
"Ecology, Evolution and Behavior",Ecology,True,0.9792068234352488
Nutrition and Health Sciences,Nutrition Sciences,False,0.11462438346312147
"Teaching, Learning and Teacher Education",,False,0.0038903767671483744
Anthropology,Geography,False,0.01154747460669666
Geosciences,Geography,False,0.8622700215335095
Mathematical Sciences,,False,0.9518481923651212
Mathematical Sciences,Statistics,True,0.9518481923651212
"Accountancy, Turner School of",Accounting,False,0.06237079529628544
Pathology and Microbiology,Microbiology,True,0.9993380339959197
Pathology and Microbiology,Pathology,True,0.9993380339959197
Agronomy and Plant Genetics,Plant Sciences,True,0.9981873848321721
Agronomy and Plant Genetics,Agronomy,True,0.9981873848321721
"Plants, Soils and Climate",Soil Science,True,0.9995720472538749
"Plants, Soils and Climate",Plant Sciences,True,0.9995720472538749
"Plants, Soils and Climate",Atmospheric Sciences and Meteorology,True,0.9995720472538749
Landscape Architecture Program,,False,0.38550426985706915
"Child, Youth and Family Studies",Human Development and Family Sciences,False,0.004300071433814616
Veterinary Microbiology and Pathology,Veterinary Medical Sciences,True,0.9985199250597203
Molecular Virology and Microbiology,Microbiology,True,0.9993954317023214
Agricultural and Extension Education and Evaluation,,True,0.7761009421138408
Mechanical and Aerospace Engineering,Civil Engineering,True,0.9346559101724369
Chemical Engineering,Biomedical Engineering,True,0.9844134272248501
Applied Physical Sciences,,True,0.8863683917026943
Systems Science and Industrial Engineering,Systems Engineering,True,0.9685085992413944
Systems Science and Industrial Engineering,Industrial Engineering,True,0.9685085992413944
Physics and Optical Science,Physics,True,0.9094822508273429
Physics and Optical Science,,True,0.9094822508273429
Mining and Metallurgical Engineering,,True,0.9821720330604041
"Textiles, Merchandising, and Fashion Design",,False,0.005883530917183429
Modern Languages and Literatures,,False,0.0033767870344626597
Teaching and Curriculum Leadership,Education Administration,False,0.010297603822552875
Teaching and Curriculum Leadership,Curriculum and Instruction,False,0.010297603822552875
Educational Theory and Practice,Curriculum and Instruction,False,0.0003034614502211104
Educational Theory and Practice,Education,False,0.0003034614502211104
Educational Theory and Practice,,False,0.0003034614502211104
Molecular and Structural Biochemistry,Biochemistry,True,0.9987065038791801
Classics and Religious Studies,Classics and Classical Languages,False,0.000175104597381619
Classics and Religious Studies,Religious Studies,False,0.000175104597381619
Geography SNR,Geography,False,0.013004008374585202
Applied Statistics and Operations Research,Operations Research,True,0.8923507632208514
Applied Statistics and Operations Research,Statistics,True,0.8923507632208514
Management,Marketing,False,0.0011393285683098464
Business and Information Technology,Business Administration,False,0.24908066883453278
Business and Information Technology,Management Information Systems,False,0.24908066883453278
Marketing and Management,Management,False,0.0016666202005143928
Marketing and Management,Marketing,False,0.0016666202005143928
Computer Information Systems and Quantitative Methods,Computer Science,True,0.7494857170418461
Computer Information Systems and Quantitative Methods,Information Technology,True,0.7494858983993815
"Educational Foundations, Leadership and Technology",,False,0.013491963872168677
"Educational Foundations, Leadership and Technology",Education Administration,False,0.013491963872168677
Justice Sciences,Criminal Justice and Criminology,False,0.03814616910204062
Finance,Accounting,False,0.005709567160922199
News and Editorial,Mass Communications and Media Studies,False,0.002630490614073027
Planning and Landscape Architecture,Urban and Regional Planning,False,0.051559620552785
Planning and Landscape Architecture,Public Policy,False,0.051559620552785
Planning and Landscape Architecture,Public Administration,False,0.051559620552785
Industrial and Management Systems,Systems Engineering,True,0.8125983554710647
Industrial and Management Systems,Industrial Engineering,True,0.8125983554710647
Interior Architecture and Product Design,,False,0.022734002263002172
Broadcasting,Mass Communications and Media Studies,False,0.042885272089029904
Bioengineering,,True,0.9432150617333865
Marketing and Supply Chain Management,Marketing,False,0.010581893985072555
Supply Chain and Information Management Group (CoBA),Operations Research,True,0.16556970292050202
Supply Chain and Information Management Group (CoBA),Management Information Systems,False,0.16556970292050202
Supply Chain and Information Management Group (CoBA),Management,False,0.16556970292050202
Educational Psychology and Leadership,Educational Psychology,False,0.002889413131626699
Educational Psychology and Leadership,Education Administration,False,0.002889412227029039
Educational Psychology and Leadership,Counselor Education,False,0.002889412227029039
Women's Studies and Gender Research Program,Gender Studies,False,0.007874101095778243
African-American and African Studies,,False,0.0008232687356750582
Accounting,Management Information Systems,False,0.003145972776140332
Accounting and Taxation,Accounting,False,0.08937597732092752
History and Geography,Geography,False,0.012471249601231096
History and Geography,History,False,0.012471249601231096
"Art, Architecture, and Design",Architecture,False,0.0008506984949076511
Modern Languages and Literature,,False,0.0011768651086752242
"Ecology, Evolution and Natural Resources",Ecology,True,0.9913409960517912
"Ecology, Evolution and Natural Resources",Evolutionary Biology,True,0.9913409960517912
"Ecology, Evolution and Natural Resources",Natural Resources,True,0.9913409960517912
"Plant, Soil, and Microbial Sciences",Soil Science,True,0.9996570575134222
"Plant, Soil, and Microbial Sciences",Plant Pathology,True,0.9996570575134222
"Plant, Soil, and Microbial Sciences",Agronomy,True,0.9996570575134222
Environmental and Forest Biology,Environmental Sciences,True,0.9991600476988355
Environmental and Forest Biology,Forestry and Forest Resources,True,0.9991600476988355
Pathobiology and Diagnostic Investigation,Veterinary Medical Sciences,True,0.9445018811531478
Pathobiology and Diagnostic Investigation,Pathology,True,0.9445018811531478
"Pharmacology, Toxicology and Therapeutics",Pharmacology,True,0.9996780699632929
"Pharmacology, Toxicology and Therapeutics",,True,0.9996780699632929
Physiology and Cell Biology,Cell Biology,True,0.9989572248570042
Physiology and Cell Biology,Physiology,True,0.9989572248570042
Veterinary Biosciences and Diagnostic Imaging,Veterinary Medical Sciences,True,0.9981030048626384
Veterinary Population Medicine,Veterinary Medical Sciences,True,0.812418491239816
"Educational Foundations, Organization, and Policy",Education,False,0.003285445837626451
Administrative and Policy Studies,Education Administration,False,0.12019206274628898
Integrative Biology,,True,0.9857848165222443
Management and Operations,Management,False,0.1198832535279543
Hearing and Speech,Speech and Hearing Sciences,False,0.013053433161513823
Communication Sciences and Special Education,Speech and Hearing Sciences,False,0.026014727265283845
Communication Sciences and Special Education,Communication Disorders and Sciences,False,0.026014727265283845
Communication Sciences and Special Education,Special Education,False,0.026014727265283845
Medical Microbiology and Immunology,Immunology,True,0.9983782500656636
Medical Microbiology and Immunology,Microbiology,True,0.9983782500656636
Chemical & Biological Engineering,Agricultural Engineering,True,0.9874046649432483
Chemical & Biological Engineering,Chemical Engineering,True,0.9874046649432483
Sustainable Bioproducts,Forestry and Forest Resources,True,0.9922523583478231
Languages and Linguistics,Linguistics,False,0.003960917871049078
Languages and Linguistics,Spanish Language and Literature,False,0.003960917871049078
Languages and Linguistics,French Language and Literature,False,0.003960917871049078
Languages and Linguistics,Germanic Languages and Literatures,False,0.003960917871049078
Cultural Studies,Mass Communications and Media Studies,False,0.00026898588895219236
Romance and Classical Studies,Classics and Classical Languages,False,0.0014181660931899807
Horticultural Science,Horticulture,True,0.9846944324159862
"Plant, Soil, and Environmental Sciences",Environmental Sciences,True,0.9989496923198395
"Plant, Soil, and Environmental Sciences",Plant Sciences,True,0.9989496923198395
"Plant, Soil, and Environmental Sciences",Soil Science,True,0.9989496923198395
Applied Ecology,Ecology,True,0.9796629751908256
Entertainment and Media Studies,Communication,False,0.006619759871954183
Entertainment and Media Studies,Mass Communications and Media Studies,False,0.006619759871954183
Information and Communications Systems,Management Information Systems,False,0.5588240789589091
Human Development and Quantitative Methodology,Human Development and Family Sciences,False,0.005884880004739866
"Counseling, School, and Educational Psychology",Educational Psychology,False,0.0014831741537487096
"Counseling, School, and Educational Psychology",,False,0.0014831741537487096
Applied Social Sciences,Social Work,False,0.2729113468446659
Hospitality Business,,False,0.025373615021581288
"Clinical Studies, Department of (Philadelphia)",Veterinary Medical Sciences,True,0.6151592579407745
"Clinical Sciences, Department of (School of Veterinary Medicine)",Veterinary Medical Sciences,True,0.9941949515518352
History and Art History,Art History and Criticism,False,0.001029933450661788
History and Art History,History,False,0.001029933450661788
Writing and Rhetoric,,False,0.0009652419255084267
"Art, Art History, and Design",Art History and Criticism,False,0.0006197613351851958
Translational Neuroscience,Neuroscience,True,0.8565374294270024
Molecular Pharmacology and Physiology,Pharmacology,True,0.999898409227713
Molecular Pharmacology and Physiology,Physiology,True,0.999898409227713
Veterinary and Microbiological Sciences,Veterinary Medical Sciences,True,0.9960116294936212
Nutrition,"Exercise Science, Kinesiology, Rehab, Health",False,0.05211852815547642
Family and Child Sciences,Human Development and Family Sciences,False,0.1066820161113454
Human Centered Design and Engineering,Computer Science,True,0.5669013423481813
"Languages, Philosophy and Speech Communication",Philosophy,False,0.0023608303973201754
"Languages, Philosophy and Speech Communication",Communication,False,0.0023608303973201754
Animal and Nutritional Sciences,Animal Sciences,True,0.8687019458291486
Animal and Nutritional Sciences,Nutrition Sciences,False,0.8687019458291486
Applied Economics and Statistics,,False,0.29760284052898256
Applied Economics and Statistics,Statistics,True,0.29760284052898256
Applied Economics and Statistics,Operations Research,True,0.29760284052898256
Applied Economics and Statistics,Agricultural Economics,False,0.29760284052898256
Animal Sciences and Industry,Animal Sciences,True,0.95585837546703
Sociology and Anthropology,Criminal Justice and Criminology,False,0.004918535599251156
Kinesiology and Sports Sciences,"Exercise Science, Kinesiology, Rehab, Health",False,0.08012272502798704
Modern and Classical Languages and Literatures,,False,0.005644614114010567
Systems Engineering and Operations Research,Operations Research,True,0.9635314163420455
Systems Engineering and Operations Research,Systems Engineering,True,0.9635314163420455
"Physics, Astronomy, and Computational Sciences",Astronomy,True,0.9918257647442514
"Physics, Astronomy, and Computational Sciences",Physics,True,0.9918257647442514
Computational and Data Sciences,,True,0.989235469392445
Management Science and Information Systems,Management Information Systems,False,0.21647859474195164
Decision Sciences,Operations Research,True,0.1282331515682953
Molecular Neuroscience,Neuroscience,True,0.9991280224854089
"Atmospheric, Oceanic and Earth Sciences",Atmospheric Sciences and Meteorology,True,0.9464485388321482
"Atmospheric, Oceanic and Earth Sciences",,True,0.9464485388321482
"Atmospheric, Oceanic and Earth Sciences",Geology,True,0.9464485388321482
Coastal Sciences,,True,0.7599804657820249
Coastal Sciences,Marine Sciences,True,0.7599804657820249
Education Policy Division,Education Administration,False,0.009420387094675072
Health and Human Development,,False,0.006541242327088291
Health and Human Development,"Health, Physical Education, Recreation",False,0.006541242327088291
Theory and Practice In Teacher Education,,False,0.001145378019536643
Elementary and Early Childhood Education,,False,0.02892087805408075
Reading and Elementary Education,,False,0.00841422468312022
Applied Health Sciences and Wellness,"Exercise Science, Kinesiology, Rehab, Health",False,0.07804396078984306
Applied Health Sciences and Wellness,"Health, Physical Education, Recreation",False,0.07804396078984306
Language and Literature,English Language and Literature,False,0.0012877609686147659
Language and Literature,Spanish Language and Literature,False,0.0012877609686147659
Language and Literature,French Language and Literature,False,0.0012877609686147659
Business School - Marketing,Marketing,False,0.14143740332864482
Nutrition and Food Studies,Nutrition Sciences,False,0.4038357281337171
Nutrition and Food Studies,Food Science,True,0.4038357281337171
Rehabilitation Science,"Exercise Science, Kinesiology, Rehab, Health",False,0.08636858137666685
Software and Information Systems,Information Technology,True,0.8008847111131189
Software and Information Systems,Computer Science,True,0.8008847111131189
Bioinformatics and Computational Biology,,True,0.9992510369110921
Industrial Engineering and Management Systems,Systems Engineering,True,0.9500571269167004
Industrial Engineering and Management Systems,Industrial Engineering,True,0.9500571269167004
Social and Behavioral Health,Public Health,False,0.010110195773754107
Physics and Astronomy,,True,0.9809656233140249
Population and Quantitative Health Sciences,Epidemiology,True,0.4523880796594483
Population and Quantitative Health Sciences,Public Health,False,0.4523880796594483
Population and Quantitative Health Sciences,Biostatistics,True,0.4523880796594483
Romance Languages and Literatures,French Language and Literature,False,0.0005171929542939558
Romance Languages and Literatures,Spanish Language and Literature,False,0.0005171929542939558
Bacteriology,,True,0.9933687335125458
Plant Sciences and Plant Pathology,Plant Sciences,True,0.9995154816213928
Plant Sciences and Plant Pathology,Plant Pathology,True,0.9995154816213928
Earth Sciences,Geography,False,0.9132369493221271
Animal and Range Sciences,Animal Sciences,True,0.9695804680122357
Architecture and Environmental Design,Architecture,False,0.010802691872845271
Business,Accounting,False,0.0025240532618787887
"Fish, Wildlife and Conservation Biology",,True,0.9993079396163622
Society and Conservation,Ecology,True,0.08497869599580635
Society and Conservation,Natural Resources,True,0.08497869599580635
Society and Conservation,Environmental Sciences,True,0.08497869599580635
Society and Conservation,Forestry and Forest Resources,True,0.08497869599580635
Society and Conservation,,False,0.08497869599580635
Ecosystem and Conservation Sciences,Ecology,True,0.9976152471718235
Ecosystem and Conservation Sciences,,True,0.9976152471718235
Biomedical and Pharmaceutical Sciences,,True,0.9864283576996884
Biomedical and Pharmaceutical Sciences,Pharmaceutical Sciences,True,0.9864283576996884
Biomedical and Pharmaceutical Sciences,Biochemistry,True,0.9864283576996884
Biomedical and Pharmaceutical Sciences,Environmental Health Sciences,False,0.9864283576996884
Biomedical and Pharmaceutical Sciences,Immunology,True,0.9864283576996884
Biomedical and Pharmaceutical Sciences,Neuroscience,True,0.9864283576996884
Biomedical and Pharmaceutical Sciences,Molecular Biology,True,0.9864283576996884
Environmental Studies,Political Science,False,0.6109491802913228
Environmental Studies,,False,0.6109491802913228
Economics,,False,0.013195623490634526
Public and Community Health,Public Health,False,0.050063066326683024
Physical Therapy and Rehabilitation Science,,False,0.056112669703932125
Rehabilitation and Movement Science,"Exercise Science, Kinesiology, Rehab, Health",False,0.030585361976636784
Rehabilitation and Communication Sciences,Speech and Hearing Sciences,False,0.0019683995002922625
Rehabilitation and Communication Sciences,"Exercise Science, Kinesiology, Rehab, Health",False,0.0019683995002922625
Global Humanities and Religions,Religious Studies,False,0.0015797631375407955
Modern Languages and Literatures,Comparative Literature,False,0.0033767870344626597
Health Professions and Biomedical Sciences,,False,0.535559205563963
Health Professions and Biomedical Sciences,,True,0.535559205563963
"Forest Engineering, Resources and Management",Forestry and Forest Resources,True,0.994103865376713
"Forest Engineering, Resources and Management",Natural Resources,True,0.994103865376713
Communicative Disorders and Deaf Education,Communication Disorders and Sciences,False,0.014319251610646927
Environmental Conservation,Environmental Sciences,True,0.8846621767873447
Environmental Conservation,Natural Resources,True,0.8846621767873447
Fisheries and Wildlife Sciences,,True,0.9990067162544864
Chemical and Materials Engineering,Biomedical Engineering,True,0.9868401237356543
"Counseling, Leadership, Advocacy and Design",,False,0.001331780024696285
"Counseling, Leadership, Advocacy and Design",Education Administration,False,0.001331780024696285
"Counseling, Leadership, Advocacy and Design",Special Education,False,0.001331780024696285
"Counseling, Leadership, Advocacy and Design",Counselor Education,False,0.001331780024696285
Medical Informatics and Clinical Epidemiology,Information Science,True,0.9938048004229879
Medical Informatics and Clinical Epidemiology,,True,0.9938048004229879
Medical Informatics and Clinical Epidemiology,Epidemiology,True,0.9938048004229879
Molecular and Medical Genetics,,True,0.9996281339871691
Integrative Physiology and Neuroscience,Veterinary Medical Sciences,True,0.9295207880447425
Health Studies,"Exercise Science, Kinesiology, Rehab, Health",False,0.04801625724324567
Health and Fitness,"Exercise Science, Kinesiology, Rehab, Health",False,0.004307260455313499
Family and Child Nursing,Nursing,False,0.046875838324561644
Chemical Physiology and Biochemistry,Biochemistry,True,0.9956946484970366
Chemical Physiology and Biochemistry,Molecular Biology,True,0.9956946484970366
"Cell, Developmental and Cancer Biology",Cell Biology,True,0.9988103675034601
"Cell, Developmental and Cancer Biology",,True,0.9988103675034601
Molecular and Experimental Medicine,,True,0.9979230236474278
Chemical Physiology,Physiology,True,0.9964760689704276
Chemical Physiology,,True,0.9964760689704276
Molecular Therapeutics,,True,0.99879375081972
Integrative Structural and Computational Biology,,True,0.9952740410649801
Molecular Physiology and Biological Physics,Physiology,True,0.9979955508795142
Molecular Physiology and Biological Physics,Biophysics,True,0.9979955508795142
Quantitative and Computational Biology,,True,0.9977378627621277
Quantitative and Computational Biology,Molecular Biology,True,0.9977378627621277
Immunology and Microbial Science,Microbiology,True,0.9861845155513388
Immunology and Microbial Science,Immunology,True,0.9861845155513388
Metabolism and Aging,Biochemistry,True,0.6363165572860542
"Climate, Atmospheric Science and Physical Oceanography",Atmospheric Sciences and Meteorology,True,0.8875802635741138
Immunology and Microbiology,Pathology,True,0.9937135958021865
"Global Economies and Markets, Area of",,False,0.005053542144326525
Business School - Finance,Finance,False,0.1513411224739567
Watershed Sciences,Natural Resources,True,0.9991995825434679
Microbiology & Molecular Genetics,Microbiology,True,0.998772615514828
Microbiology & Molecular Genetics,,True,0.998772615514828
Medicine - Pharmacology and Chemical Biology,Pharmacology,True,0.9994644303046432
International and Area Studies,International Affairs,False,0.011302481222564876
"Bioethics, Berman Institute of",,True,0.6651919578682775
"Law and Diplomacy, Fletcher School of",International Affairs,False,0.032102932146685074
Business School - Accounting,Accounting,False,0.08285374042437846
Business School - Information Systems,Information Technology,True,0.8325929882765472
Behavioral and Community Health,Public Health,False,0.01250025260479529
Marketing and International Business,Marketing,False,0.005622557468491662
Global Health Management and Policy,Public Health,False,0.0064838822449799355
"Health Systems, Management and Policy",,False,0.007288557134214377
Nursing- Acute/Tertiary Care,Nursing,False,0.03498592796962406
Business School - Law and Ethics,,False,0.02440835268368686
Health Services Policy and Practice,Public Health,False,0.006829078939504051
Environmental and Occupation Health,Environmental Health Sciences,False,0.012115973755285754
Educational Policy and Leadership Studies,Education Administration,False,0.001831361049580639
Health Services,Public Health,False,0.018547654662458037
General Medical Sciences - RNA Center,Biochemistry,True,0.9083240919983313
Pharmacology and Molecular Sciences,Pharmacology,True,0.9990343412444898
Business School - Business Communication,Communication,False,0.046189651392412615
Classical and Ancient Near Eastern Studies,Classics and Classical Languages,False,0.0010144017372699361
Molecular and Comparative Pathobiology,Pathology,True,0.9997140516640941
Molecular and Comparative Pathobiology,Veterinary Medical Sciences,True,0.9997140516640941
History of Medicine,History,False,0.22559398554577775
History of Science and Technology,History,False,0.05584177559340429
Biological Chemistry and Molecular Pharmacology,Biochemistry,True,0.9977131435353768
Biological Chemistry and Molecular Pharmacology,,True,0.9977131435353768
"Functional Anatomy and Evolution, Center for",Anatomy,True,0.9538602646096639
"Functional Anatomy and Evolution, Center for",Evolutionary Biology,True,0.9538602646096639
Health Sciences Informatics,,True,0.6345030048792898
History of Art and Architecture,Art History and Criticism,False,0.0002993719312512468
Art as Applied to Medicine,,False,0.07736693831169285
Writing Seminars,,False,0.008111621206228572
Literature,,False,0.007978364886789819
Polymers and High Performance Materials,Materials Engineering,True,0.9914053153408187
Information Systems and Analytics,Information Technology,True,0.8939243165196636
"Arts, Technology, and Emerging Communication",Mass Communications and Media Studies,False,0.07020715929098198
Managerial Science,Management,False,0.09827089557964144
Pharmaceutics,Pharmaceutical Sciences,True,0.998519908307844
Pharmaceutical Sciences and Experimental Therapeutics,Pharmaceutical Sciences,True,0.9964955068139275
Pharmaceutics and Pharmaceutical Chemistry,Pharmaceutical Sciences,True,0.9994424283169396
Pharmaceutics and Drug Delivery,Pharmaceutical Sciences,True,0.99773811416459
Pharmacotherapy and Translational Research,Pharmaceutical Sciences,True,0.9647753461113837
Pharmacotherapy and Translational Research,Pharmacology,True,0.9647753461113837
Health Science,,False,0.16246757190126507
Health Education and Promotion,Environmental Health Sciences,False,0.031048001076308996
Health Education and Promotion,"Exercise Science, Kinesiology, Rehab, Health",False,0.031048001076308996
Health Education and Promotion,Public Health,False,0.03104791458209257
Medicinal Chemistry and Pharmacognosy,Pharmaceutical Sciences,True,0.9995892268230092
Physiology and Functional Genomics,Physiology,True,0.9236029573555531
Physiology and Functional Genomics,Molecular Biology,True,0.9236029573555531
Computer Science,Computer Engineering,True,0.9956082079464144
Computer Science,Electrical Engineering,True,0.9956082079464144
Computer Science and Computer Engineering,Computer Science,True,0.9978602743571997
Computer Science and Computer Engineering,Computer Engineering,True,0.9978602743571997
Educational Technology,Education,False,0.15365713403909767
Education,Special Education,False,0.0010753535201967447
Teaching and Learning,Education,False,0.007018006849071714
Pharmaceutical Outcomes and Policy,Pharmaceutical Sciences,True,0.9894681962495152
Community Health and Family Medicine,Public Health,False,0.06161936876648426
Clinical Pharmacy,Pharmacy,True,0.978119582406436
Russian,Slavic Languages and Literatures,False,0.0018266382268793298
Jewish Studies Program,Near and Middle Eastern Languages and Cultures,False,0.003044810190450934
"Tourism, Events and Attractions",,False,0.015199079251079212
Tourism and Hospitality Management,"Health, Physical Education, Recreation",False,0.006357770352206621
Human Development and Organizational Studies in Education - Educational Psychology,Educational Psychology,False,0.002213433319917934
Educational Administration and Research,Education Administration,False,0.07516233834055444
Educational Administration and Research,,False,0.07516233834055444
Bioinformatics and Biostatistics,Biostatistics,True,0.9862004024586983
Bioinformatics and Biostatistics,,True,0.9862004024586983
Oncologic Sciences,,True,0.9650954270498197
Food Science and Technology,Nutrition Sciences,False,0.9094815221372834
Family Youth and Community Sciences,,False,0.02189986448982722
Human Sciences,,False,0.013623447434957494
Agricultural and Extension Education,,True,0.6170166157470072
Communications and Agricultural Education,Mass Communications and Media Studies,False,0.2859851888058296
Microbiology and Cell Science,Microbiology,True,0.9970562715518559
Microbiology and Cell Science,Cell Biology,True,0.9970562715518559
Global Biostatistics and Data Science,Biostatistics,True,0.9157453444476646
Behavioral Science and Community Health,Public Health,False,0.06345461174022964
Oral Surgery,,True,0.7371227058742025
Biological Sciences Program,Biological Sciences,True,0.9519923129983002
Orthodontics,,True,0.7755303996865625
Pharmacodynamics,Pharmaceutical Sciences,True,0.999420904270569
Pharmacodynamics,Pharmacology,True,0.999420904270569
Journalism,Communication,False,0.0001918559398178702
"Health Services Research, Management, and Policy",Public Health,False,0.12879723594174103
Soil and Water Science,Soil Science,True,0.9972380915066111
Soil and Water Science,Environmental Sciences,True,0.9972380915066111
Soil Science,Soil Science,True,0.9951226208149897
Nuclear and Radiological Engineering,,True,0.9790078469255397
Art and Design,,False,0.0007452175022804397
Behavior Analysis,,False,0.1802063385254023
Exceptional Education,Special Education,False,0.03304048936383143
Preventive Medicine and Biostatistics,,True,0.9593681760349618
Preventive Medicine and Biostatistics,Environmental Health Sciences,False,0.9593681760349618
Anatomy and Cell Biology - Dental School,Cell Biology,True,0.9003103918024328
Anatomy and Cell Biology - Dental School,Anatomy,True,0.9003103918024328
Health and Kinesiology,"Health, Physical Education, Recreation",False,0.015486473534926548
Neurology and Rehabilitation Medicine,,False,0.22202206267950225
Kinesiology and Applied Physiology,"Exercise Science, Kinesiology, Rehab, Health",False,0.3065418067044404
Kinesiology and Applied Physiology,Physiology,True,0.3065418067044404
Health Services Policy and Management,Public Health,False,0.007643576077380185
Occupational Science and Occupational Therapy,"Exercise Science, Kinesiology, Rehab, Health",False,0.02526947244794887
Occupational Therapy,,False,0.001488026684565721
Wildlife Ecology and Conservation,,True,0.9944726237067204
Wildlife Ecology and Conservation,Ecology,True,0.9944726237067204
Microbiology-Immunology,Microbiology,True,0.9939019627227195
Microbiology-Immunology,Immunology,True,0.9939019627227195
Oral Biology,,True,0.9857693396232341
Pathobiology and Veterinary Science,Veterinary Medical Sciences,True,0.9974229928251619
"Women's, Children's, and Family Nursing",Nursing,False,0.021263316711820822
Health Care Environments and Systems,Nursing,False,0.07605142330143153
Environmental Horticulture,Horticulture,True,0.9954348362250558
Communications,Communication,False,0.03106238946051191
Strategic Communication,Mass Communications and Media Studies,False,0.0008197735173592876
Medicine and Epidemiology,Veterinary Medical Sciences,True,0.9863904540112152
"Languages, Literatures, and Cultures",,False,0.0038848853660743755
German and Slavic Languages and Literature Program,Germanic Languages and Literatures,False,0.022705338576495586
Environmental and Natural Resources Economics,Agricultural Economics,False,0.3154322122118707
Environmental and Natural Resources Economics,Natural Resources,True,0.3154322122118707
Applied Economics,Agricultural Economics,False,0.05546689286063768
"Statistics, Department of (AG)",Statistics,True,0.5117909866744641
Landscape Architecture/Regional and Community Planning,Urban and Regional Planning,False,0.014842247136352715
"Wildlife, Fisheries, and Aquaculture",,True,0.9967721601272557
Periodontics,,True,0.7995368868398633
Health Psychology,,False,0.05279085563397721
Human Development and Organizational Studies in Education - Educational Leadership,Education Administration,False,0.0055438755561012226
Human Development and Organizational Studies in Education - Counselor Education,Counselor Education,False,0.0010629444223580731
Human Development and Organizational Studies in Education - Higher Education Administration,,False,0.012836413406361501
Human Services,"Exercise Science, Kinesiology, Rehab, Health",False,0.000943105141117259
Oral and Maxillofacial Diagnostic Sciences,,True,0.8684764157823779
"Finance, Insurance, and Real Estate",Finance,False,0.0025059869362065606
Finance and Business Economics Area,Finance,False,0.008139111519927942
Finance and Business Economics Area,,False,0.008139111519927942
African and Asian Languages and Literatures,,False,0.0004105480621943906
Spanish and Portuguese Studies,Spanish Language and Literature,False,0.020903041956082467
Technical Communication,Linguistics,False,0.2533047660661235
Management - Management Information Systems,Management Information Systems,False,0.08645916908625688
Management - Operations Management,Marketing,False,0.10970259270203886
Management - Operations Management,Management,False,0.10970259270203886
Pastoral Counseling,Theological Studies,False,0.0001970413594898047
"Interior Architecture, Program in",,False,0.010485802594412914
Interior Architecture,,False,0.03366309884100089
Biosystems Engineering and Soil Science,Soil Science,True,0.997898313976543
Biosystems Engineering and Soil Science,Agricultural Engineering,True,0.997898313976543
"Microbiology, Immunology and Biochemistry",Molecular Biology,True,0.9941130491382802
Biochemistry and Cellular and Molecular Biology,Molecular Biology,True,0.9991164667768793
Biochemistry and Cellular and Molecular Biology,Biochemistry,True,0.9991164667768793
Biochemistry and Cellular and Molecular Biology,Cell Biology,True,0.9991164667768793
Mechanical Engineering and Engineering Science,Mechanical Engineering,True,0.9729181436085914
Computer and Information Sciences,Information Technology,True,0.9893293580599274
"Forestry, Wildlife and Fisheries",,True,0.997638274353806
"Forestry, Wildlife and Fisheries",Forestry and Forest Resources,True,0.997638274353806
Leadership,Education Administration,False,0.0007398929166030116
Professional Studies,,False,0.04423484198116014
African American Studies Program,,False,0.0023074573190073567
History,Art History and Criticism,False,0.009328813572455245
Supply Chain Management,,False,0.017717918961313472
Supply Chain Management and Analytics,,False,0.09986077322960896
Accounting and Information Management,Management Information Systems,False,0.04837580000512292
Accounting and Information Management,Accounting,False,0.04837580000512292
Decision Sciences and Management Information Systems Department,Operations Research,True,0.6455898953938793
Journalism and Electronic Media,Mass Communications and Media Studies,False,0.0057005922750390835
Botany,,True,0.999288930907154
"Environment and Natural Resources, Rubenstein School of",,True,0.8122031798905072
"Environment and Natural Resources, Rubenstein School of",Environmental Sciences,True,0.8122031798905072
"Environment and Natural Resources, Rubenstein School of",Forestry and Forest Resources,True,0.8122031798905072
"Environment and Natural Resources, Rubenstein School of",Natural Resources,True,0.8122031798905072
Industrial and Information Engineering,Information Science,True,0.9896190645962328
Industrial and Information Engineering,Industrial Engineering,True,0.9896190645962328
"Nursing, Orvis School of",Nursing,False,0.0009099006112451771
Veterinary Science,Veterinary Medical Sciences,True,0.975362277834637
"Agricultural Leadership, Education and Communications",,True,0.4097622394974868
"Middle, Secondary and K-12 Education",,False,0.015565624911688253
"Foundations, Leadership and Administration",,False,0.01391311912482355
"Foundations, Leadership and Administration",Education Administration,False,0.01391311912482355
Hotel and Restaurant Management,Management,False,0.020886177103128487
"Kinesiology, Recreation, and Sport Studies","Exercise Science, Kinesiology, Rehab, Health",False,0.015429280644114113
Human Movement Sciences,"Exercise Science, Kinesiology, Rehab, Health",False,0.04355120124127408
"Counseling, Educational Psychology and Research",Educational Psychology,False,0.0013437349282273059
"Counseling, Educational Psychology and Research",Counselor Education,False,0.0013437349282273059
Leadership and Developmental Science,Education Administration,False,0.021534430977094104
Population Health,Public Health,False,0.05215913100984513
Information Sciences,Information Science,True,0.9590211609255537
Womack Educational Leadership,Education Administration,False,0.1235233548674215
Child and Family Studies,Human Development and Family Sciences,False,0.011365221907059516
"Molecular, Cellular and Biomedical Sciences",Cell Biology,True,0.9977385376873438
"Molecular, Cellular and Biomedical Sciences",,True,0.9977385376873438
"Molecular, Cellular and Biomedical Sciences",Molecular Biology,True,0.9977385376873438
Management and Operations Division,Management,False,0.07490989007179552
Entrepreneurship and Economic Development,,False,0.016473777966096982
"Education and Counseling Psychology, Counseling, and College Student Personnel",,False,0.0002881760209073951
"Education and Counseling Psychology, Counseling, and College Student Personnel",Educational Psychology,False,0.0002881760209073951
Counseling,Counselor Education,False,0.00010798586099669545
Counseling,Educational Psychology,False,0.00010798586099669545
Counseling,,False,0.00010798586099669545
Educational Leadership and Higher Education,Education Administration,False,0.027952057893635678
Fine Arts,Art History and Criticism,False,0.0019952957823360868
Comparative Cultural Studies,,False,0.0014397500786287316
Global Languages and Cultures,,False,0.0011554458381085153
Biobehavioral Nursing and Health Systems,Nursing,False,0.030542398820842077
"Civil Engineering, Construction Management, and Environmental Engineering",Civil Engineering,True,0.9266565381364069
"Civil Engineering, Construction Management, and Environmental Engineering",Environmental Engineering,True,0.9266565381364069
Business and Economics,Business Administration,False,0.0020392199363448446
Business and Economics,Economics,False,0.0020392199363448446
Accounting Division,Accounting,False,0.007212996055950588
Managerial Economics Division,Economics,False,0.08153533468897152
Management Information Systems Division,Management Information Systems,False,0.1907932740318639
Finance and Financial Management Services Division,Finance,False,0.1950969547333347
Marketing Division,Marketing,False,0.004081157962892873
National Security Affairs,International Affairs,False,0.0107054949134747
"Women's and Gender Studies, Program in",Gender Studies,False,0.00041677535659254887
"Science Teaching and Learning, Center for",,False,0.17854819968053834
"Geography, Planning, and Recreation",Geography,False,0.01872352860745015
Applied Indigenous Studies,,False,0.001944482269830151
Educational Specialties,,False,0.005584368647932045
Sociology and Social Work,Sociology,False,0.00143978760222043
Sociology and Social Work,Social Work,False,0.00143978760222043
Physician Assistant Studies,,True,0.1027985553690467
Environmental Science and Ecology,Environmental Sciences,True,0.9905431620198
Bilingual and Literacy Studies,,False,0.07979788493729864
Education Cultural and Linguistic Diversity,Education,False,0.000834862252669389
Dual Language and English Learner Education,,False,0.014118270976229585
Adult Education and Higher Education Leadership,,False,0.0038499830272418303
Construction,Industrial Engineering,True,0.6683066873904123
"Teaching, Learning and Educational Sciences",,False,0.010204224988258615
Demography,Public Policy,False,0.1084949245773567
Finance,Management,False,0.005709567160922199
Finance,Economics,False,0.005709567160922199
Finance and Legal Studies,Finance,False,0.0558746889734383
Communicology,Speech and Hearing Sciences,False,0.006214459886566585
Supply Chain Management and Marketing Science,Marketing,False,0.045228314049554255
Supply Chain Management and Marketing Science,Management,False,0.045228314049554255
Supply Chain Management and Marketing Science,Operations Research,True,0.045228314049554255
Chemical Engineering and Bioengineering,Agricultural Engineering,True,0.9925068974281839
Chemical Engineering and Bioengineering,Chemical Engineering,True,0.9925068974281839
"Management, Entrepreneurship and Technology",Management,False,0.018009847933178013
Microsystems Engineering,Electrical Engineering,True,0.9612334353365
Information Systems and Cyber Security,Information Technology,True,0.7843720970885337
Management Science and Systems,Management,False,0.036454864287961714
Management Science and Systems,Management Information Systems,False,0.036454864287961714
Entrepreneurship and Technology Management,,False,0.030593225312435395
"Accounting, Business Law, and Finance",Finance,False,0.010519768314462462
"Accounting, Business Law, and Finance",Accounting,False,0.010519768314462462
"Kinesiology, Health, and Nutrition","Exercise Science, Kinesiology, Rehab, Health",False,0.03483957468446716
Sports and Exercise Science,"Health, Physical Education, Recreation",False,0.05046462130923761
Sports and Exercise Science,"Exercise Science, Kinesiology, Rehab, Health",False,0.05046462130923761
Urban Studies,Urban and Regional Planning,False,0.0069016561805571195
Interdisciplinary Professions,Education,False,0.1275094300028997
Political Science and Geography,Political Science,False,0.01697114049607471
Political Science and Geography,Geography,False,0.01697114049607471
Philosophy and Classics,Philosophy,False,0.04206450015550496
Philosophy and Classics,Classics and Classical Languages,False,0.04206450015550496
Biomedical Science,,True,0.8855567143761677
Crime and Justice Studies,Criminal Justice and Criminology,False,0.1252010146174864
Family Life,Human Development and Family Sciences,False,0.0005127600581613737
Allied Health Sciences,,False,0.44895287777615484
Molecular and Biomedical Sciences,,True,0.9928805173756212
Leadership in Education,Education Administration,False,0.03451342852590739
Educational Leadership and Higher Education,,False,0.027952057893635678
Educational Leadership and Policy Studies,,False,0.004150317093823538
Human Development and Psychoeducational Studies,Human Development and Family Sciences,False,0.005973218482966772
Science Education,,False,0.03979158612765714
Psychological Sciences Program,Psychology,False,0.27322454020563525
Electrical and Microelectrical Engineering,Electrical Engineering,True,0.9769882163467297
Mechanical Engineering and Applied Mechanics,,True,0.9517279034514669
Mechanical Engineering and Applied Mechanics,Mechanical Engineering,True,0.9517279034514669
Geoscience,Environmental Sciences,True,0.8743555575572544
Pharmacy and Health Systems Sciences,Pharmacy,True,0.9776778268122964
Afro-American Studies,,False,0.0005444684553302954
Biomedical Studies,,True,0.9300006781474529
Sport Management,"Health, Physical Education, Recreation",False,0.0013461635811803723
Physiology and Neurobiology,Physiology,True,0.9802498851389927
Geology,Geography,False,0.8310340276287096
Accounting and Law,Accounting,False,0.0045833452915282746
Global Studies & Modern Languages,International Affairs,False,0.0038258121109006928
Communication,Mass Communications and Media Studies,False,0.006428409487381453
Natural Resources Science,Natural Resources,True,0.9661987373169316
Community Medicine and Health Care,Public Health,False,0.24786546381002794
Statistical Science,Statistics,True,0.9710406226339223
Biology Statistics and Computational Biology,,True,0.9995407001854921
Statistical Sciences and Operations Research,Operations Research,True,0.9739624073932692
Statistical Sciences and Operations Research,Statistics,True,0.9739624073932692
"Electrical, Computer and Biomedical Engineering",Computer Engineering,True,0.9773709009971243
"Electrical, Computer and Biomedical Engineering",Electrical Engineering,True,0.9773709009971243
"Electrical, Computer and Biomedical Engineering",Biomedical Engineering,True,0.9773709009971243
Parks Recreation and Tourism,"Health, Physical Education, Recreation",False,0.05938130622726605
Health and Exercise Studies,"Health, Physical Education, Recreation",False,0.011519490151407494
Elementary Education,,False,0.03906458784643718
"Operations, Area of",Management,False,0.3534022341445161
"Youth, Family, and Community Sciences",Human Development and Family Sciences,False,0.009079462544325427
Industrial and Graphic Design,,False,0.12263385526439949
Government,Public Administration,False,0.1339233473191724
Genetics and Biochemistry,Genetics,True,0.9837626734262136
Genetics and Biochemistry,Biochemistry,True,0.9837626734262136
Environmental and Molecular Toxicology,Environmental Sciences,True,0.9959166350307159
Mental Health Law and Policy,Public Health,False,0.0008305648885353213
Learning Sciences and Educational Research,,False,0.09513365571313824
Oceanography and Coastal Sciences,,True,0.9952304281033453
Oceanography and Coastal Sciences,Marine Sciences,True,0.9952304281033453
"Textile and Apparel, Technology and Management",,False,0.08631866210820353
Digital Media,Mass Communications and Media Studies,False,0.0656617634540223
Surgical Sciences,Veterinary Medical Sciences,True,0.9529958737947425
Veterinary Biosciences,Veterinary Medical Sciences,True,0.9969032843429713
Forest Biomaterials,Natural Resources,True,0.9983396445857075
Forest Biomaterials,Forestry and Forest Resources,True,0.9983396445857075
Agricultural Sciences and Forestry,Forestry and Forest Resources,True,0.9717979660122659
Agricultural Sciences and Forestry,Agricultural Economics,False,0.9717979660122659
Wood Science and Engineering,Forestry and Forest Resources,True,0.9749934897741823
"Textile Engineering, Chemistry and Science",Chemistry,True,0.9688606182518098
Environmental Sciences and Management,Environmental Sciences,True,0.7998311691579237
Forest and Wildlife Ecology,Forestry and Forest Resources,True,0.9982599832857776
Forest and Wildlife Ecology,,True,0.9982599832857776
"Apparel, Merchandising, Design and Textiles",,False,0.005325011161886509
"Textiles, Apparel Design and Merchandising",,False,0.011367231647790743
Human and Consumer Sciences,,False,0.01000545527879352
"Consumer, Apparel and Retail Studies",,False,0.005458725091570777
"Agricultural Education, Communications and Leadership",,False,0.20604867848684125
"Agricultural Education, Communications and Leadership",Education Administration,False,0.20604867848684125
Mechanical Engineering,Industrial Engineering,True,0.9638234809285962
Kinesiology and Physical Education,"Health, Physical Education, Recreation",False,0.01816702169849957
Kinesiology and Physical Education,"Exercise Science, Kinesiology, Rehab, Health",False,0.01816702169849957
"Educational Theory, Policy and Practice",Education Administration,False,0.0006041303234299127
Educational Foundations and Leadership,Counselor Education,False,0.005553336714314039
Educational Foundations and Leadership,Education Administration,False,0.005553336714314039
Educational Foundations and Leadership,,False,0.005553336714314039
Renewable Natural Resources,Natural Resources,True,0.9972321657653452
Experimental Statistics,Statistics,True,0.9534598674268443
"Journalism, Advertising, and Media Studies",Mass Communications and Media Studies,False,0.0006458100582698189
Media Arts,Mass Communications and Media Studies,False,0.0006696424873555125
Music Education,Music,False,0.0012081922206226038
Musical Arts,Music,False,0.0005635596615442371
Microbiology and Immunology,Veterinary Medical Sciences,True,0.9962971139149006
Environmental Toxicology,Environmental Health Sciences,False,0.9918961386678495
Environmental Toxicology,,True,0.9918961386678495
Library and Information Sciences,Information Science,True,0.8823059206017888
Library and Information Management,Information Science,True,0.6875917509055436
Pharmacology and Experimental Theraputics,Pharmacology,True,0.9972764066336183
"Cell Biology, Immunology and Microbiology",Genetics,True,0.9984997475983045
"Cell Biology, Immunology and Microbiology",Cell Biology,True,0.9984997475983045
"Pharmacology, Toxicology and Neuroscience",,True,0.9976255816499157
"Pharmacology, Toxicology and Neuroscience",Neuroscience,True,0.9976255816499157
"Pharmacology, Toxicology and Neuroscience",Pharmacology,True,0.9976255816499157
Personal Financial Planning,,False,0.00046764529383253457
Human Environmental Sciences,Human Development and Family Sciences,False,0.27551815816408726
"Evolution, Ecology and Organismal Biology",Evolutionary Biology,True,0.9955494833673886
"Evolution, Ecology and Organismal Biology",Ecology,True,0.9955494833673886
Environmental Toxicology,Environmental Sciences,True,0.9918961386678495
"Plant, Environmental and Soil Sciences",Environmental Sciences,True,0.9991458742649799
"Plant, Environmental and Soil Sciences",Soil Science,True,0.9991458742649799
"Plant, Environmental and Soil Sciences",Plant Sciences,True,0.9991458742649799
Public Administration Institute,Public Administration,False,0.03450545518667564
Marketing and Analysis,Marketing,False,0.034667535518244086
"Management, Information Systems, and Entrepreneurship",Management,False,0.06851110514680887
"Management, Information Systems, and Entrepreneurship",Management Information Systems,False,0.06851110514680887
"Animal, Dairy and Veterinary Sciences",Veterinary Medical Sciences,True,0.9591772263808093
"Animal, Dairy and Veterinary Sciences",Animal Sciences,True,0.9591772263808093
Geography and Anthropology,Geography,False,0.010514707618840428
Geography and Anthropology,Anthropology,False,0.010514707618840428
"Biodiversity, Earth and Environmental Science",Environmental Sciences,True,0.982888424824447
"Biodiversity, Earth and Environmental Science",Geology,True,0.982888424824447
Computer and Cyber Sciences,Computer Science,True,0.9876675439605436
Marine and Environmental Sciences,Evolutionary Biology,True,0.9958731567494657
Marine and Environmental Sciences,Ecology,True,0.9958731567494657
Marine and Environmental Sciences,Environmental Sciences,True,0.9958731567494657
Marine and Environmental Sciences,Geology,True,0.9958731567494657
Marine and Environmental Sciences,,True,0.9958731567494657
Marine and Environmental Sciences,Marine Sciences,True,0.9958731567494657
Systems and Engineering Management,Systems Engineering,True,0.8687479043682312
"Chemical, Biological and Materials Engineering",Agricultural Engineering,True,0.9875002120812322
"Chemical, Biological and Materials Engineering",Chemical Engineering,True,0.9875002120812322
"Chemical, Biological and Materials Engineering",Materials Engineering,True,0.9875002120812322
Architecture,Art History and Criticism,False,0.0013030301484106617
Visual Art and Arts History,Art History and Criticism,False,0.0004494032773571792
"German, Russian, and East Asian Languages",Germanic Languages and Literatures,False,0.0006980077304822007
"German, Russian, and East Asian Languages",Slavic Languages and Literatures,False,0.0006980077304822007
"German, Russian, and East Asian Languages",Asian Languages,False,0.0006980077304822007
"Bioengineering, Fischell Department of",Agricultural Engineering,True,0.9606778450913618
"Information Technology, Area of",Information Technology,True,0.9196403238718972
"Hotel, Restaurant and Tourism Management",,False,0.03317222121983456
Judaic and Near Eastern Studies,Near and Middle Eastern Languages and Cultures,False,0.0003337204854337127
Population Medicine,Public Health,False,0.43757511823768713
Communication Disorders,Communication Disorders and Sciences,False,0.002687971203073835
Clinical Pharmacy,Pharmaceutical Sciences,True,0.978119582406436
"Women, Gender, Sexuality Studies",Gender Studies,False,8.01217417808018e-05
Veterinary and Animal Sciences,Veterinary Medical Sciences,True,0.9798882412221979
Veterinary and Animal Sciences,Animal Sciences,True,0.9798882412221979
"Biomedical Sciences, Department of (School of Veterinary Medicine)",Veterinary Medical Sciences,True,0.9950644630048078
Cell and Molecular Biology of Reproduction,Cell Biology,True,0.995531685389853
Cell and Molecular Biology of Reproduction,Molecular Biology,True,0.995531685389853
Landscape Architecture and Regional Planning,Urban and Regional Planning,False,0.0072102668080513965
"Education Policy, Research and Administration",Education Administration,False,0.019991196177357458
"Education Policy, Research and Administration",,False,0.019991196177357416
"Speech, Language and Hearing Sciences",Speech and Hearing Sciences,False,0.02624730023109149
Recreation and Leisure Studies,"Health, Physical Education, Recreation",False,0.004233445952945372
Recreation and Leisure Studies,"Exercise Science, Kinesiology, Rehab, Health",False,0.0042334459529453725
Music and Dance,Music,False,0.005101509572268503
Mining and Nuclear Engineering,,True,0.9911835546145223
Rehabilitation Counseling,"Exercise Science, Kinesiology, Rehab, Health",False,0.00012699300140512073
"Environmental Studies, Center for",Environmental Sciences,True,0.7464755150004055
Public Health and Community Medicine,Public Health,False,0.12172245824794818
Theater Arts,"Theatre Literature, History and Criticism",False,0.012141564861154586
Biokinesiology and Physical Therapy,"Exercise Science, Kinesiology, Rehab, Health",False,0.16006179954063912
Urban and Public Affairs,Public Policy,False,0.005839170342123926
Urban and Public Affairs,Urban and Regional Planning,False,0.005839170342123926
Urban and Public Affairs,Public Administration,False,0.005839170342123926
Political Science and Public Administration,Public Administration,False,0.0038993379478981585
Anatomical Science and Neurobiology,Anatomy,True,0.9732012116714384
Anatomical Science and Neurobiology,Neuroscience,True,0.9732012116714384
Computer Engineering and Computer Science,Computer Engineering,True,0.9978239497848757
Computer Engineering and Computer Science,Computer Science,True,0.9978239497848757
Health Management and Informatics,,False,0.14924117136522227
Human and Molecular Genetics,,True,0.9956530013230548
"Cell Biology, Microbiology and Molecular Biology",Microbiology,True,0.9990767717953922
"Cell Biology, Microbiology and Molecular Biology",Cell Biology,True,0.9990767717953922
"Cell Biology, Microbiology and Molecular Biology",Molecular Biology,True,0.9990767717953922
"Oral Health Research, Philips Institute for",,True,0.6037875291441935
Chemical and Life Science Engineering,Chemical Engineering,True,0.9446864450642825
Chemical and Life Science Engineering,Agricultural Engineering,True,0.9446864450642825
Chemical and Biochemical Engineering,Agricultural Engineering,True,0.9924674984684503
Supply Chain and Analytics,,False,0.14827437934477833
"Biological Complexity, Center for the Study of",,True,0.9985276997761732
"Music, Theatre and Dance","Theatre Literature, History and Criticism",False,0.00865962790118866
Art Education,,False,0.000849614437737453
Kinesiology and Health Sciences,"Exercise Science, Kinesiology, Rehab, Health",False,0.1526880866037416
History,Asian Studies,False,0.009328813572455245
History,,False,0.009328813572455245
"Hotel Administration, William F. Harrah College of",Business Administration,False,0.18495760800305996
"Counselor Education, School Psychology, and Human Services",,False,0.000606981202234076
"Counselor Education, School Psychology, and Human Services",Counselor Education,False,0.000606981202234076
Teaching and Learning,"Health, Physical Education, Recreation",False,0.007018006849071714
Teaching and Learning,Special Education,False,0.007018006849071714
"Leadership, Policy and Development",Education Administration,False,0.0067304236439057075
Sports Education and Leadership,"Health, Physical Education, Recreation",False,0.005856190730914803
Environmental and Public Affairs,Environmental Sciences,True,0.3771204478133202
Environmental and Public Affairs,Public Administration,False,0.3771204478133202
"Education, Morgridge College of",Education,False,0.3011409091630918
"Rehabilitation, Human Resources and Communication Disorders",Communication Disorders and Sciences,False,0.00029091180323271583
"Rehabilitation, Human Resources and Communication Disorders","Exercise Science, Kinesiology, Rehab, Health",False,0.00029091180323271583
"Rehabilitation, Human Resources and Communication Disorders",,False,0.00029091180323271583
"Rehabilitation, Human Resources and Communication Disorders",Counselor Education,False,0.00029091180323271583
Nursing Science,Nursing,False,0.2679247492941418
"Counseling, Quantitative Methods, and Special Education",Counselor Education,False,0.0014180694235530027
Operations Management and Strategy,Management,False,0.11117927390372762
Operations Management and Strategy,Operations Research,True,0.11117927390372762
Strategy,,False,0.002576564489208823
"Interdisciplinary, Gender, and Ethnic Studies Program",,False,0.008337627870444248
Public Policy and Leadership,Public Policy,False,0.002349171277692895
Politics and Policy,Political Science,False,0.00393113942207538
Journalism and Media Studies,Mass Communications and Media Studies,False,0.0005919516834680493
"Strategy, Entrepreneurship and Venture Innovation",,False,0.008929230465355795
Kinesiology and Nutrition Sciences,"Exercise Science, Kinesiology, Rehab, Health",False,0.24672683513473145
Kinesiology and Nutrition Sciences,Nutrition Sciences,False,0.24672683513473145
Brain Health,Neuroscience,True,0.7184071130383936
Health Physics and Diagnostic Sciences,,True,0.7156379570516049
Entertainment Engineering and Design Program,,True,0.562485627306631
Health Care Administration and Policy,Public Health,False,0.015819923139268572
"Finance, Insurance, Real Estate and Law",Finance,False,0.005648596720188891
Biochemistry and Molecular Medicine,Biochemistry,True,0.998053217983226
Cell Biology and Human Anatomy,Cell Biology,True,0.9853405230349882
Cell Biology and Human Anatomy,Anatomy,True,0.9853405230349882
Art History and Classical Archaeology,,False,0.0028579660515568573
Art History and Classical Archaeology,Art History and Criticism,False,0.0028579660515568573
"Anatomy, Physiology and Cell Biology",Cell Biology,True,0.9953191630833329
"Anatomy, Physiology and Cell Biology",Veterinary Medical Sciences,True,0.9953191630833329
"Anatomy, Physiology and Cell Biology",Physiology,True,0.9953191630833329
"Anatomy, Physiology and Cell Biology",Anatomy,True,0.9953191727805617
Textiles and Clothing,,False,0.018432861985210446
Viticulture and Enology,,True,0.9567746391652298
Pharmacology and Nutritional Sciences,Pharmacology,True,0.9453318923122357
Ecological and Evolutionary Biology,Ecology,True,0.9957770082012309
Ecological and Evolutionary Biology,Evolutionary Biology,True,0.9957770082012309
Plant Biology,Plant Sciences,True,0.9996549784681216
African American and African Studies Department,,False,0.008247490591804756
Pharmacology & Physiology,Pharmacology,True,0.9981573559253327
Pharmacology & Physiology,Physiology,True,0.9981573559253327
"Entomology, Plant Pathology and Nematology",Entomology,True,0.9991675863612913
"Entomology, Plant Pathology and Nematology",Plant Pathology,True,0.9991675863612913
Biological and Ecological Engineering,Agricultural Engineering,True,0.9948211405876911
Environmental Design,,False,0.16761348425046232
Chicana/O Studies,,False,0.0004123993442336451
Cancer and Cell Biology,Cell Biology,True,0.9997077087146241
Cancer and Cell Biology,,True,0.9997077087146241
BioSciences,Biological Sciences,True,0.9164327937215118
BioSciences,Biochemistry,True,0.9164327937215118
BioSciences,Cell Biology,True,0.9164327937215118
BioSciences,Ecology,True,0.9164327937215118
BioSciences,Evolutionary Biology,True,0.9164327937215118
Business - Entrepreneurship and Information Technology Area,,False,0.0497496445876124
Transnational Asian Studies,Asian Studies,False,0.0004916333453970202
Visual and Dramatic Arts,"Theatre Literature, History and Criticism",False,0.0029647159318881193
Sport Management,,False,0.0013461635811803723
"Civil Engineering, Program in",Civil Engineering,True,0.9225422085401153
Civil and Architectural Engineering,Architecture,False,0.8739421477449276
Civil and Architectural Engineering,Civil Engineering,True,0.8739421477449276
"Systems Engineering, Program in",Systems Engineering,True,0.893683543218881
Forest Resources and Environmental Science,Environmental Sciences,True,0.9955387698215045
Forest Resources and Environmental Science,Forestry and Forest Resources,True,0.9955387698215045
"Forest, Rangeland and Watershed Stewardship",Forestry and Forest Resources,True,0.9951299236720501
"Forest, Rangeland and Watershed Stewardship",Natural Resources,True,0.9951299236720501
Design and Merchandising,,False,0.003872046711686168
Communication and Journalism,Communication,False,0.0008041923838100508
Communication and Journalism,Mass Communications and Media Studies,False,0.0008041923838100508
Economic Sciences,Economics,False,0.1093260051158375
Bioagricultural Sciences and Pest Management,Entomology,True,0.9941800689540707
Bioagricultural Sciences and Pest Management,Plant Sciences,True,0.9941800689540707
Bioagricultural Sciences and Pest Management,Plant Pathology,True,0.9941800689540707
"Educational Leadership, Research and Technology",,False,0.22631183361293417
"Educational Leadership, Research and Technology",Education Administration,False,0.22631183361293417
Plant and Wildlife Science,Plant Sciences,True,0.9986803657106957
Plant and Wildlife Science,,True,0.9986803657106957
"Crop, Soil and Environmental Sciences",Agronomy,True,0.9985761095629455
"Crop, Soil and Environmental Sciences",Soil Science,True,0.9985761007410032
"Crop, Soil and Environmental Sciences",Environmental Sciences,True,0.9985761007410032
Health and Human Physiology,"Exercise Science, Kinesiology, Rehab, Health",False,0.24902648271433633
Health and Rehabilitation Sciences,,False,0.04013694838172517
Educational and Counseling Psychology,Educational Psychology,False,0.0007890796818799895
Educational and Counseling Psychology,,False,0.0007890796818799895
Plant and Environmental Sciences,Plant Sciences,True,0.998264573404937
Foreign Languages and Cultures,,False,0.0006426482365573038
Wildland Resources,,True,0.978781139934801
Forestry and Environmental Conservation,Natural Resources,True,0.9926181117701705
Forestry and Environmental Conservation,Forestry and Forest Resources,True,0.9926181117701705
"Fish, Wildlife and Conservation Ecology",,True,0.9990066366604987
"Fish, Wildlife and Conservation Ecology",Ecology,True,0.9990066366604987
Molecular Biophysics and Biochemistry,Biochemistry,True,0.9983631746371039
Molecular Biophysics and Biochemistry,Biophysics,True,0.9983631746371039
"History of Art and Architecture, Department of The",Architecture,False,0.007287768390395776
"History of Art and Architecture, Department of The",Art History and Criticism,False,0.007287768390395776
"Science, Technology and Society (Engineering School)",,True,0.8342565864836733
Modern Languages and Cultures,,False,0.00021562015104240067
Irish Language and Literature,,False,7.667935380077328e-05
Medical Ethics and Health Policy,Philosophy,False,0.17945511012369278
Chronic Disease Epidemiology,Epidemiology,True,0.9968979481637484
Maharishi Vedic Science,Theological Studies,False,0.22699802714841116
Theology and Ministry,Theological Studies,False,0.0003764394581586817
Genetics and Complex Diseases,,True,0.9901766163208565
Genetics and Complex Diseases,Genetics,True,0.9901766163208565
"Developmental Biology, School of Dental Medicine",,True,0.8603405817396663
"Germanic, Russian and Eastern European Languages and Literatures",Slavic Languages and Literatures,False,0.0027244388606361856
"Germanic, Russian and Eastern European Languages and Literatures",Germanic Languages and Literatures,False,0.0027244388606361856
Immunology and Microbial Disease,Immunology,True,0.9977971024864901
Biology,Neuroscience,True,0.9695648925731627
Biology,Environmental Sciences,True,0.9695648925731627
Biology,Genetics,True,0.9695648925731627
Biology,,True,0.9695648925731627
Architecture and Interior Design,Architecture,False,0.0021139970678374356
"Construction, Engineering and Project Management and Systems Engineering",,True,0.9369299278809062
"Management, Area in",Management,False,0.02232857229312129
"Entrepreneurship, Charles D. Close School of",,False,0.05636722290554286
Fashion Design,,False,0.0008954594524103703
Portuguese and Brazilian Studies,,False,0.0877855514972308
Community Health and Prevention,Public Health,False,0.0457694197837135
"Nursing, Division of (Graduate)",Nursing,False,0.0343019324532793
"Nursing, Division of (Undergraduate)",Nursing,False,0.004875875469907283
English and Philosophy,Philosophy,False,0.00500957867625163
English and Philosophy,English Language and Literature,False,0.00500957867625163
Computing Science,Computer Science,True,0.9953845121011108
Computing Science,,True,0.9953845121011108
Health Sciences and Health Administration,,False,0.04411260977617314
Bioscience and Biotechnology,,True,0.9532100448139778
"Pathology, Anatomy and Cell Biology",Pathology,True,0.9993457978652194
"Pathology, Anatomy and Cell Biology",Anatomy,True,0.9993457978652194
"Pathology, Anatomy and Cell Biology",Cell Biology,True,0.9993457978652194
"Bioengineering, Dept of",Agricultural Engineering,True,0.9333440422099983
Insurance and Risk Management,,False,0.0011773954489369205
Media Studies and Production,Mass Communications and Media Studies,False,0.004404219040305806
Couple and Family Therapy,,False,0.0018205019925956688
Behavioral Health Counseling,,False,0.0019521516167276363
Legal Studies,Criminal Justice and Criminology,False,0.0036136054606068406
Creative Arts Therapies,"Exercise Science, Kinesiology, Rehab, Health",False,0.008132794704539835
Pharmacological Sciences,Pharmacology,True,0.9981432608161326
Pharmacological Sciences,Pharmaceutical Sciences,True,0.9981432608161326
Public Affairs,Urban and Regional Planning,False,0.0007907314745206915
Energy Resources Engineering,,True,0.9967228084136448
Marine Science and Policy,Marine Sciences,True,0.9865370364300838
Marine Science and Policy,,True,0.9865370364300838
"Teaching, Learning, and Leading",Education Administration,False,0.027998175778890334
"Youth, Family and Community Studies",Human Development and Family Sciences,False,0.0012370999766445575
Social and Public Health,Public Health,False,0.02394249338113428
Management - Strategy,Management,False,0.005928979201285838
"Management, Marketing & Information Systems",Management,False,0.13135512611948325
"Management Information Systems, Operations Management and Decision Sciences",Management Information Systems,False,0.22117598076312764
Information Systems and Business Analytics,Information Technology,True,0.6520071208565753
Decision Sciences and Information Systems,Management Information Systems,False,0.5353124187769949
Decision Sciences and Information Systems,Management,False,0.5353124187769949
Design and Innovation,Business Administration,False,0.009671562609468309
Design and Innovation,Management Information Systems,False,0.009671562609468309
Design and Innovation,Information Technology,True,0.009671562609468309
Design and Innovation,Marketing,False,0.009671562609468309
Design and Innovation,Management,False,0.009671562609468309
Recreation Management and Policy,"Health, Physical Education, Recreation",False,0.00420945529210417
"Health, Exercise Science, and Recreation Management","Health, Physical Education, Recreation",False,0.00329693344464438
"Health, Exercise Science, and Recreation Management","Exercise Science, Kinesiology, Rehab, Health",False,0.00329693344464438
Biomedical and Chemical Engineering,Chemical Engineering,True,0.9841838037317354
Biomedical and Chemical Engineering,Biomedical Engineering,True,0.9841838037317354
Food Systems,Food Science,True,0.8187963605452824
Biosystems Engineering,Agricultural Engineering,True,0.9846823060020726
Agricultural Systems Management,Agricultural Economics,False,0.30148269438602576
Construction Science and Management,,True,0.7460792383244754
Engineering and Science Education,,False,0.4036368734787074
Civil and Materials Engineering,Civil Engineering,True,0.9774290002213604
Civil and Materials Engineering,Materials Engineering,True,0.9774290002213604
Architecture and Planning,Urban and Regional Planning,False,0.000761760563840436
Architecture and Planning,Architecture,False,0.000761760563840436
"Physics, Applied Physics, and Astronomy",Astronomy,True,0.9624307886578777
"Physics, Applied Physics, and Astronomy",Physics,True,0.9624307886578777
"Electrical, Computer, and Systems Engineering",Systems Engineering,True,0.9788538321630581
"Electrical, Computer, and Systems Engineering",Computer Engineering,True,0.9788538321630581
"Electrical, Computer, and Systems Engineering",Electrical Engineering,True,0.9788538321630581
"Business, Maine School of",Business Administration,False,0.023427996882359154
"Biomedical Engineering, Program in",Biomedical Engineering,True,0.9357518115374935
Gerontology,,False,0.17633852902874256
"Finance, Investments and Banking",Finance,False,0.02608325715693215
Historic Preservation,,False,0.0022109482485324814
History and Sociology of Science,History,False,0.07118406621145738
Social and Behavioral Sciences,Nursing,False,0.14100687146995497
Social and Behavioral Sciences,Sociology,False,0.14100687146995497
"Biomedical Sciences, Department of (PennVet)",,True,0.9093007613560576
"Biomedical Sciences, Department of (PennVet)",Veterinary Medical Sciences,True,0.9093007613560576
Higher Education Division,,False,0.02605840884643733
"Women's, Gender, and Sexuality Studies, Program In",Gender Studies,False,0.0002010912995986819
African and Afro-American Studies,,False,0.0004929344130540146
Sociology and Gerontology,Sociology,False,0.02974183241291588
Childhood Studies,,False,0.025804552435538843
"Environmental Health, Department of - Public Health Division",Public Health,False,0.36656985399031095
"Environmental Health, Department of - Epidemiology and Biostatistics Division",Biostatistics,True,0.9826740771827049
"Environmental Health, Department of - Epidemiology and Biostatistics Division",Epidemiology,True,0.9826740771827049
"Environmental Health, Department of - Epidemiology and Biostatistics Division",Environmental Health Sciences,False,0.9826740771827049
South Asia Studies,Asian Studies,False,0.0004644565136576277
General Management Unit,Management,False,0.04074536408236085
"Teaching, Learning, and Leadership Division",,False,0.022317156195941736
"Teaching, Learning, and Leadership Division",Education Administration,False,0.022317156195941736
Quantitative Methods Division,,False,0.3029620789475368
Teaching and Curriculum,Curriculum and Instruction,False,0.0045451277020768024
Educational Linguistics Division,,False,0.03921030415741451
Human Development and Quantitative Methods Division,Human Development and Family Sciences,False,0.03295495260611385
Human Development and Quantitative Methods Division,,False,0.03295495260611385
Human Development and Quantitative Methods Division,Counselor Education,False,0.03295495260611385
Linguistics and Cognitive Science,,True,0.2755980973013034
Linguistics and Cognitive Science,Linguistics,False,0.2755980973013034
Cellular Biology,Cell Biology,True,0.9990675793372098
Strategy,Management,False,0.002576564489208823
Oral and Maxillofacial Surgery/Pharmacology - Dental School,,True,0.7932351316318871
Biochemistry - Dental School,Biochemistry,True,0.9461657807740664
Educational Psychology and Special Services,Educational Psychology,False,0.004887353200728388
Geography and Environmental Sustainability,Geography,False,0.15231654612558512
"Music, Theatre, and Dance",Music,False,0.008049357071258345
"Global, International and Area Studies",International Affairs,False,0.051610152378754146
"Earth, Ocean and Atmospheric Science",Marine Sciences,True,0.9545620299170094
"Earth, Ocean and Atmospheric Science",Geology,True,0.9545620299170094
"Earth, Ocean and Atmospheric Science",Atmospheric Sciences and Meteorology,True,0.9545620299170094
"Earth, Ocean and Atmospheric Science",,True,0.9545620299170094
Ocean Sciences,Marine Sciences,True,0.9966468173612022
Ocean Sciences,,True,0.9966468302640177
Ocean Sciences,Atmospheric Sciences and Meteorology,True,0.9966468302640177
Physical and Environmental Sciences,Environmental Sciences,True,0.7980788513644006
Biological Sciences,Molecular Biology,True,0.9687062976648125
Modern Languages and Linguistics,Asian Languages,False,0.0014793174913134669
Modern Languages and Linguistics,,False,0.0014793174913134651
Modern Languages and Linguistics,Linguistics,False,0.0014793174913134651
Modern Languages and Linguistics,Spanish Language and Literature,False,0.0014793174913134686
Modern Languages and Linguistics,Slavic Languages and Literatures,False,0.0014793174913134669
Modern Languages and Linguistics,Germanic Languages and Literatures,False,0.0014793174913134669
Educational Psychology and Learning Systems,Counselor Education,False,0.000954285279174546
Educational Psychology and Learning Systems,Educational Psychology,False,0.000954285279174546
Educational Psychology and Learning Systems,,False,0.000954285279174546
Business and Industry,Business Administration,False,0.012770160666668213
Educational and Human Sciences,Education,False,0.005002021764942836
Developmental and Regenerative Biology,,True,0.9825394339437938
History,Philosophy,False,0.009328813572455245
History,Religious Studies,False,0.009328813572455245
"Risk Management/Insurance, Real Estate & Legal Studies",,False,0.015524886961593931
Retail Entrepreneurship,,False,0.012804881230359952
Hospitality Administration,Management,False,0.04475291269352315
"Clothing, Textiles, and Interior Design",,False,0.001140142990605626
Computer Science and Software Engineering,Computer Engineering,True,0.9944774110475725
Computer Science and Software Engineering,Computer Science,True,0.9944774110475725
"Urban Studies, Program in",Urban and Regional Planning,False,0.012281735647044831
"Judaic Studies, Program in",Near and Middle Eastern Languages and Cultures,False,0.0016789877600050574
"Public Policy, Taubman Center for",Public Policy,False,0.0028392972640755416
Modern Culture and Media,Mass Communications and Media Studies,False,0.00035132903827191303
"Literary Arts, Program in",,False,0.009414619740126726
Cultural Studies and Comparative Literature,Comparative Literature,False,0.003527683175864062
Molecular Cell Biology Program,Cell Biology,True,0.9981900280343314
Molecular Cell Biology Program,Molecular Biology,True,0.9981900280343314
Engineering Science and Applied Mathematics,,True,0.9721182156023925
Egyptology and Assyriology,,False,0.21463831223452035
Egyptology and Assyriology,Near and Middle Eastern Languages and Cultures,False,0.21463831223452035
Psychological & Brain Sciences,Psychology,False,0.3831204096950864
"Writing, Literature, and Film",Mass Communications and Media Studies,False,0.0004884804285168896
"Writing, Literature, and Film",,False,0.0004884804285168896
"Writing, Literature, and Film","Theatre Literature, History and Criticism",False,0.0004884804285168896
Slavic Studies,Slavic Languages and Literatures,False,0.1537366122726183
"Child, Family, and Community Sciences",,False,0.06794686919150532
Educational Administration and Foundations,,False,0.012057906176547931
Educational Administration and Foundations,Education Administration,False,0.012057906176547931
Molecular Medicine,Immunology,True,0.9995101660043423
Molecular Medicine,Molecular Biology,True,0.9995101660043423
Molecular Medicine,Microbiology,True,0.9995101660043423
Molecular Medicine,Biochemistry,True,0.9995101660043423
Biochemistry and Molecular Medicine,Molecular Biology,True,0.998053217983226
Molecular Biology and Immunology,Immunology,True,0.9993510983285703
Molecular Biology and Immunology,Molecular Biology,True,0.9993510983285703
Medical Pharmacology/Physiology,Pharmacology,True,0.9986200526957202
Medical Pharmacology/Physiology,Physiology,True,0.9986200526957202
"Decision, Operations and Information Technology",Operations Research,True,0.785906831100965
"Decision, Operations and Information Technology",Information Technology,True,0.785906831100965
"Information Technology Management, Area in",Information Technology,True,0.7310666116913018
Government and International Affairs,Political Science,False,0.012273838548688337
Government and International Affairs,International Affairs,False,0.012273838548688337
World Languages,,False,0.0073040680237582796
Humanities,,False,0.0011504558748800906
Educational Measures and Research,,False,0.05301730182918214
"Geography, Environment and Planning",Urban and Regional Planning,False,0.09341690776422204
"Geography, Environment and Planning",Environmental Sciences,True,0.09341690776422204
"Geography, Environment and Planning",Geography,False,0.09341690776422204
Chemistry and Materials Science,Materials Engineering,True,0.9675024434693759
Chemistry and Materials Science,Chemistry,True,0.9675024434693759
"Language, Literacy, Exceptional Education, and Physical Education",Curriculum and Instruction,False,0.0048829493816097925
"Language, Literacy, Exceptional Education, and Physical Education",Education,False,0.0048829493816097925
"Language, Literacy, Exceptional Education, and Physical Education",Special Education,False,0.0048829493816097925
"Language, Literacy, Exceptional Education, and Physical Education","Health, Physical Education, Recreation",False,0.0048829493816097925
Communication and Rhetorical Studies,,False,0.0009175319198996307
"History, African American Studies and Africana Women's Studies",History,False,0.00027990698708811135
Journalism and Public Relations,Mass Communications and Media Studies,False,0.00030758864008607054
Communication Studies,Mass Communications and Media Studies,False,0.001670218489360174
"Risk Management, Insurance and Security",,False,0.01897279210626133
Economics and Finance,Accounting,False,0.0031609617571357928
Human Development and School Services,,False,0.01228535527584434
"World Languages, Literatures, & Linguistics",Linguistics,False,0.03471988875136073
Computer Science and Information Systems,Computer Science,True,0.9778270184867468
Computer Science and Information Systems,Information Technology,True,0.9778270184867468
"Global Sustainability, Patel College of",Environmental Sciences,True,0.8168059169194866
"Global Sustainability, Patel College of",Natural Resources,True,0.8168059169194866
"Wildlife, Fisheries, and Conservation Biology",,True,0.9988178542333696
Technology,Information Technology,True,0.6598745753806581
Materials and Metallurgical Engineering,Materials Engineering,True,0.9924532471606758
Mechanical and Chemical Engineering,Chemical Engineering,True,0.9835424370027026
Mechanical and Chemical Engineering,Mechanical Engineering,True,0.9835423954161445
"Engineering Design, Manufacturing and Management Systems",Industrial Engineering,True,0.9367183191594799
Pharmacotherapy,Pharmacology,True,0.9881614446061135
Accounting and Information Systems,Information Technology,True,0.09818567310631263
"Chemical, Biological and Pharmaceutical Engineering",Pharmaceutical Sciences,True,0.9922438267602226
"Chemical, Biological and Pharmaceutical Engineering",Agricultural Engineering,True,0.9922438267602226
"Chemical, Biological and Pharmaceutical Engineering",Chemical Engineering,True,0.9922438267602226
Writing Studies,,False,0.008193570000879022
Chemistry and Environmental Science,Chemistry,True,0.9750983145163404
Chemistry and Environmental Science,Environmental Sciences,True,0.9750983145163404
Management Science and Information Systems,Management,False,0.21647859474195164
Global Affairs,International Affairs,False,0.003257094402036969
"Television, Radio, and Film Program",Mass Communications and Media Studies,False,0.024499236072577903
"Integrated Information Technology, Program in",Information Technology,True,0.7796624281276197
Astronautical Engineering,Aerospace Engineering,True,0.9546381870553932
Cell and Neurobiology,Cell Biology,True,0.9990214534503549
Cell and Neurobiology,Neuroscience,True,0.9990214534503549
Regulatory and Quality Sciences,Pharmaceutical Sciences,True,0.560387650363241
"Pharmacy Systems, Outcomes and Policy",Pharmacy,True,0.9321910105023183
Middle East Studies,Near and Middle Eastern Languages and Cultures,False,0.006002594341065685
History,Geography,False,0.009328813572455245
Data Sciences and Operations,Operations Research,True,0.9154208122845858
Data Sciences and Operations,Management Information Systems,False,0.9154208122845858
Business Communication,Communication,False,0.007152174194827844
Molecular Pharmacology and Therapeutics,Pharmacology,True,0.9999064645183952
Molecular Pharmacology and Therapeutics,Pharmaceutical Sciences,True,0.9999064645183952
"Earth, Ocean, and Environment",Marine Sciences,True,0.9789821229856053
"Earth, Ocean, and Environment",Geology,True,0.9789821229856053
Cell Biology and Neuroscience,Molecular Biology,True,0.9977480654254197
Medicine - Microbiology and Molecular Genetics,,True,0.9992920354045504
Medicine - Microbiology and Molecular Genetics,Microbiology,True,0.9992920354045504
Slavic and Baltic Languages and Literatures,Slavic Languages and Literatures,False,0.01537593586387551
Occupational Science and Occupational Therapy,,False,0.02526947244794887
Clinical Research and Leadership,,False,0.16739718147280516
Urban Design and Planning,Urban and Regional Planning,False,0.001289970847576707
"Health, Human Function, and Rehabilitation Sciences","Exercise Science, Kinesiology, Rehab, Health",False,0.1191825392933652
Astrophysical Sciences and Technology,Astronomy,True,0.9838552556585884
Finance and Accounting,Finance,False,0.012353132585242928
Finance and Accounting,Accounting,False,0.012353132585242928
"Electrical, Computer and Telecommunications Engineering Technology",Computer Engineering,True,0.9233589676086085
"Electrical, Computer and Telecommunications Engineering Technology",Electrical Engineering,True,0.9233589676086085
Sports Medicine and Nutrition,"Exercise Science, Kinesiology, Rehab, Health",False,0.06590619981486576
Medical Illustration Program,,False,0.3523511196518993
Diagnostic Medical Sonography Program,,False,0.32884518327955137
Physician Assistant Program,,False,0.028267543886193257
Sustainability Program,,True,0.7526516286216578
Interactive Games and Media,Computer Science,True,0.5513334485516388
Information Sciences and Technologies,Information Science,True,0.9519904124984363
Software Engineering,Computer Science,True,0.9862891934716668
Architecture Program,Architecture,False,0.010384528562252682
American Sign Language and Interpreting Education,,False,0.0007091292214996788
Interpretation and Translation,,False,0.00017895548984832503
Service Systems,,False,0.30867861694283
"MIS, Marketing, and Digital Business",Management Information Systems,False,0.08405099793251855
"MIS, Marketing, and Digital Business",Marketing,False,0.08405099793251855
Clinical Psychology,,False,0.03077115849799688
"Marketing, Quantitative Analysis and Business Law",Marketing,False,0.006815977514047123
Science and Mathematics,Mathematics,True,0.8452399620137705
Science and Mathematics,Physics,True,0.8452399620137705
Science and Mathematics,,False,0.8452399620137705
"Imaging Science, Center for",,True,0.9734254421800339
"Imaging Science, Center for",Information Science,True,0.9734254421800339
Manufacturing and Mechanical Engineering Technology,Mechanical Engineering,True,0.9427942166859242
"Science, Technology, and Society",Public Policy,False,0.10529531893581312
"Science, Technology, and Society",Environmental Sciences,True,0.10529531893581312
"Life Sciences, Thomas H. Gosnell School of",Biological Sciences,True,0.8630042139401961
Media Sciences,Communication,False,0.008951371571631783
"Color Science, Program of",,True,0.6968411828447965
"Civil Engineering Technology, Environmental Management and Safety",Environmental Engineering,True,0.9609207339443472
"Civil Engineering Technology, Environmental Management and Safety",Civil Engineering,True,0.9609207339443472
"Secondary Education, Program in",,False,0.00464240969261299
Packaging Science,,True,0.7982888414957172
Business Studies,Business Administration,False,0.00872560631609455
Cultural and Creative Studies,,False,0.00152222342540956
Engineering Studies Program,,True,0.9712105244841975
Visual Communication Studies,Communication,False,0.05200203362500562
Information and Computing Studies,Information Science,True,0.9868696045014425
Communication Studies and Services,Communication,False,0.03514722605687049
Computer and Information Science,,True,0.9914249661323042
Earth Sciences,Environmental Sciences,True,0.9132369493221271
Geography and Atmospheric Science,Geography,False,0.317759736482484
"Arts Administration, Education and Policy",,False,0.007101400943396112
Health Behavior and Health Promotion,"Exercise Science, Kinesiology, Rehab, Health",False,0.011211864421182965
Management,,False,0.0011393285683098464
Organizational Behavior and Human Resources Management,,False,0.0023064169017898892
Outcomes and Translational Sciences,Pharmacy,True,0.9364027495044553
Slavic and East European Languages and Cultures,Slavic Languages and Literatures,False,0.0019132956000443152
Theatre and Film,"Theatre Literature, History and Criticism",False,0.01616396054759887
Learning and Teaching,,False,0.02251382425713825
Instructional Systems and Workforce Development,,False,0.010762071663915282
Educational Foundations and Leadership,Education,False,0.005553336714314039
Molecular Pharmacology and Cancer Therapeutics - Roswell Park Cancer Institute,,True,0.9966799841104862
"Physical Education, Sport and Exercise Science","Exercise Science, Kinesiology, Rehab, Health",False,0.009309101365989461
"Physical Education, Sport and Exercise Science","Health, Physical Education, Recreation",False,0.009309101365989461
Hospitality Business Management,,False,0.014271365553983733
"Food, Agricultural and Biological Engineering",Agricultural Engineering,True,0.9846372737768213
Earth Sciences,Atmospheric Sciences and Meteorology,True,0.9132369493221271
Aviation,Aerospace Engineering,True,0.6221792922671202
"Agricultural, Environmental and Development Economics",Agricultural Economics,False,0.24484928537916564
Public Health,Environmental Health Sciences,False,0.020386606361277867
Dietetics and Human Nutrition,Nutrition Sciences,False,0.16506628818543306
Dietetics and Human Nutrition,Food Science,True,0.16506628818543306
Medical Laboratory Sciences,,True,0.8960037599792166
Neuroscience and Physiology,Neuroscience,True,0.9010816853014424
Neuroscience and Physiology,Physiology,True,0.9010816853014424
Strategic Communications,Communication,False,0.0014611857410070038
Community Development and Applied Economics,,False,0.017808363619994366
Community Development and Applied Economics,Human Development and Family Sciences,False,0.017808363619994366
Sociology and Rural Studies,Sociology,False,0.007322775298009819
Spanish,Spanish Language and Literature,False,0.0005649301791521659
Pharmacological and Pharmaceutical Sciences,Pharmacology,True,0.9987810387678581
Pharmacological and Pharmaceutical Sciences,Pharmaceutical Sciences,True,0.9987810387678581
Clinical Sciences & Administration,Pharmacy,True,0.7386778222672045
Human Development and Family Sciences,"Exercise Science, Kinesiology, Rehab, Health",False,0.009061715048422223
Justice and Community Studies,Criminal Justice and Criminology,False,0.011608264767578638
Family Studies and Social Work,Social Work,False,0.0008038199310671648
Writing and Rhetoric Studies,,False,0.0015848619883631586
"Accountancy, Charles W. Lamden School of",Accounting,False,0.08528683112542418
"Financial Planning, Housing, and Consumer Economics",,False,0.00026830436266915374
Mechanical and Manufacturing Engineering,Mechanical Engineering,True,0.963385338640478
Decision Sciences and Management Information Systems,Management Information Systems,False,0.3395268843394953
"Operations, Business Analytics and Information Systems",Information Technology,True,0.7215186306562597
Geology and Environmental Earth Science,Geology,True,0.9261478056523792
Geology and Environmental Earth Science,Environmental Sciences,True,0.9261478056523792
Chemical and Paper Engineering,Chemical Engineering,True,0.9916661336664653
"Psychology, Counseling and Special Education",Counselor Education,False,0.0031415659899026336
"Psychology, Counseling and Special Education",Psychology,False,0.0031415659899026336
"Psychology, Counseling and Special Education",Special Education,False,0.0031415659899026336
Business Technology,,False,0.12089644402230057
Medical History and Bioethics,,True,0.5082510046125519
Statistics,Biostatistics,True,0.9742654755236227
Teacher Education and Higher Education,Curriculum and Instruction,False,0.005203349965587243
"German, Nordic, and Slavic",Germanic Languages and Literatures,False,0.0007256793985976486
Slavic Languages and Literature,Slavic Languages and Literatures,False,0.011884911074528982
Educational Policy Studies,,False,0.0038367829628670317
Jewish Studies,Near and Middle Eastern Languages and Cultures,False,0.000857367119763586
Biomolecular Chemistry,Biochemistry,True,0.9972041860852974
Engineering Professional Development,,True,0.7575262433264438
Comparative Literature and Folklore Studies,Comparative Literature,False,0.023384293528174765
"Cell Biology, Neurobiology and Anatomy",Anatomy,True,0.9976772666596462
"Cell Biology, Neurobiology and Anatomy",Cell Biology,True,0.9976772666596462
"Cell Biology, Neurobiology and Anatomy",Neuroscience,True,0.9976772666596462
Cell and Regenerative Biology,Cell Biology,True,0.9977819138220834
Medical Physics,Physics,True,0.987418424562011
Greek and Latin,Classics and Classical Languages,False,0.002997565655476652
Community and Environmental Sociology,Sociology,False,0.04473780166849202
Environmental Science and Engineering Area,Environmental Engineering,True,0.966481178081955
Environmental Science and Engineering Area,Environmental Sciences,True,0.966481178081955
Global and International Studies,International Affairs,False,0.004433142211578857
"Biological Sciences - Cell and Developmental Biology, Section of",Cell Biology,True,0.9769019967440264
"Biological Sciences - Cell and Developmental Biology, Section of",,True,0.9769019967440264
Oncology,,True,0.9559140088893635
"Educational Leadership, Policy, and Foundations",Education Administration,False,0.011775746224378356
Marine and Coastal Sciences,Marine Sciences,True,0.9956260202259127
"Agriculture, Food, and Environment",Food Science,True,0.8374490298031597
Human and Organizational Development,Social Work,False,0.012912240383676532
Scandinavian Studies,,False,0.08104870183167641
Comparative Arts and Letters,Comparative Literature,False,0.004324626173614
Comparative Arts and Letters,Classics and Classical Languages,False,0.004324626173614
Earth and Environmental Sciences,Ecology,True,0.9542534701895523
Clinical and Administrative Pharmacy,Pharmacy,True,0.9880073267973108
"Plant, Soil and Entomological Sciences",Plant Sciences,True,0.9993123973121755
"Plant, Soil and Entomological Sciences",Soil Science,True,0.9993123973121755
"Plant, Soil and Entomological Sciences",Entomology,True,0.9993123973121755
Human Oncology,,True,0.9135263032618626
"Genetics, Cell Biology and Anatomy",Cell Biology,True,0.997234223264374
"Genetics, Cell Biology and Anatomy",Anatomy,True,0.997234223264374
"Genetics, Cell Biology and Anatomy",Genetics,True,0.997234223264374
Medical Sciences,Veterinary Medical Sciences,True,0.8823397439652256
Engineering Technology,,False,0.9594326333461802
Bio-Engineering,Agricultural Engineering,True,0.9656480179887714
"School Psychology, Higher Education and Counselor Education",Speech and Hearing Sciences,False,0.0014962572212748073
"School Psychology, Higher Education and Counselor Education",Counselor Education,False,0.0014962572212748073
"School Psychology, Higher Education and Counselor Education",,False,0.0014962572212748073
"Criminal Justice, Social Work and Legal Specialties",Criminal Justice and Criminology,False,0.007543299891451282
"Criminal Justice, Social Work and Legal Specialties",Social Work,False,0.007543299891451282
Educational Studies,Curriculum and Instruction,False,0.0039752527752428815
Early Childhood Physical and Special Education,Special Education,False,0.01128595051996202
Early Childhood Physical and Special Education,,False,0.01128595051996202
Counseling and Psychology In Education,Counselor Education,False,0.0021388669297982736
Counseling and Psychology In Education,,False,0.0021388669297982736
Graduate School of Education - Division of Psychological and Educational Services,Educational Psychology,False,0.03223403490226105
School Psychology Program,,False,0.022086835642263037
Health Professions,,False,0.032422904254493755
Biochemistry and Cancer Biology,,True,0.9991910256284052
Biochemistry and Cancer Biology,Biochemistry,True,0.9991910256284052
"Educational, School, and Counseling Psychology",,False,0.0033191154988779182
"Educational, School, and Counseling Psychology",Educational Psychology,False,0.003319115498877931
"Rehabilitation, Social Work and Addictions",Social Work,False,0.013142730943244427
Administration of Justice,Criminal Justice and Criminology,False,0.0021293648472353504
Psychology,Anthropology,False,0.12700437031632247
Medicinal and Biological Chemistry,Pharmaceutical Sciences,True,0.9959521759314031
Geography  and Planning,Urban and Regional Planning,False,0.007119228778843671
Geography  and Planning,Geography,False,0.007119228778843671
Applied Organizational Technology,,False,0.12615803152631572
Chemistry Department,Chemistry,True,0.9742132028413323
Journalism and Graphic Communication,Mass Communications and Media Studies,False,0.004794347001432429
Molecular Biology and Microbiology,Microbiology,True,0.9994076337501385
Molecular Biology and Microbiology,Molecular Biology,True,0.9994076337501385
Operations,Operations Research,True,0.6657827146573023
Human Resource Studies,Management,False,0.0072186075875127235
Health Informatics and Information Management,,False,0.2671099400688018
Retailing,,False,0.005145897263571699
Epidemiology and Prevention,Epidemiology,True,0.9780628501909693
Epidemiology and Prevention,Public Health,False,0.9780628501909693
Estuarine and Ocean Sciences,,True,0.9963602938848656
Exercise and Sport Science,"Exercise Science, Kinesiology, Rehab, Health",False,0.10325546053520877
"Microbiology, Immunology and Cell Biology",Microbiology,True,0.9974115499641609
"Microbiology, Immunology and Cell Biology",Cell Biology,True,0.9974115499641609
"Microbiology, Immunology and Cell Biology",Immunology,True,0.9974115499641609
"Pharmacology, Physiology and Neuroscience",Neuroscience,True,0.9962820003895565
"Pharmacology, Physiology and Neuroscience",Physiology,True,0.9962820003895565
"Pharmacology, Physiology and Neuroscience",Pharmacology,True,0.9962820003895565
Clinical Pharmacy and Outcomes Sciences (CPOS),Pharmacy,True,0.965188091758899
Drug Discovery and Biomedical Sciences (DDBS),Pharmaceutical Sciences,True,0.9759396522915095
Chemical Engineering,Materials Engineering,True,0.9844134272248501
Chemical Engineering,Environmental Engineering,True,0.9844134272248501
Russian Literature,Slavic Languages and Literatures,False,0.003425798235334611
Radio/Television/Film,Mass Communications and Media Studies,False,0.006550118361656676
Cultural Foundations of Education,,False,0.00010027783846238154
History of Art and Visual Studies,Art History and Criticism,False,0.0005546986959214852
Labor Studies and Employment Relations,,False,0.009380197172807855
Latin American and Latino Studies,,False,0.0006693633815670489
Genetic Medicine,Genetics,True,0.9806361722128949
Genetic Medicine,,True,0.9806361722128949
Neurobiology and Behavior,,True,0.9793279109618929
Architectural Studies,Architecture,False,0.002933440342842148
Molecular Medicine,Veterinary Medical Sciences,True,0.9995101660043423
Molecular Medicine,Pharmacology,True,0.9995101660043423
Polymer and Fiber Engineering,Materials Engineering,True,0.9853446936516781
Public and Nonprofit Administration,Public Administration,False,0.0958796977319856
"Marketing, Area in",Marketing,False,0.0019709152273160663
"Supply Chain, Operations Management, and Business Statistics, Area in",,False,0.1923842325637039
"Information Technology, Analytics, and Operations",Information Technology,True,0.9575390939398511
"Writing Studies, Rhetoric and Composition",,False,0.0023236594345105144
Occupational Science & Technology,"Exercise Science, Kinesiology, Rehab, Health",False,0.39372204027931684
Freshwater Sciences,Natural Resources,True,0.9967838492001764
Freshwater Sciences,Environmental Sciences,True,0.9967838492001764
Freshwater Sciences,,True,0.9967838492001764
Environmental Sustainability,Environmental Sciences,True,0.9412242445807484
Environmental Sustainability,Natural Resources,True,0.9412242445807484
Political Science and International Relations,International Affairs,False,0.004995934850401019
Political Science and International Relations,Political Science,False,0.004995934850401019
Health Informatics & Administration,,False,0.318300464945375
"Educational Policy and Community Studies,  Department of",Education Administration,False,0.013523208213862626
Engineering and Technology,,True,0.9691294019160969
"French, Italian, and Comparative Literature",Comparative Literature,False,0.0011847174351042576
"French, Italian, and Comparative Literature",French Language and Literature,False,0.0011847174351042576
"French, Italian, and Comparative Literature",,False,0.0011847174351042576
Africology,,False,0.0006328093954877279
Film,Mass Communications and Media Studies,False,0.01778806235676893
Real Estate Program,,False,0.012996349448263
Real Estate,,False,0.0028217144182478707
Integrated Business Program,,False,0.3348756925736227
Public Affairs,Public Policy,False,0.0007907314745206915
English and Language Arts,English Language and Literature,False,0.006327097708996553
Computing and Informatics,Computer Science,True,0.9966794418148763
Computing and Informatics,Information Science,True,0.9966794418148763
Computing and Informatics,,True,0.9966794418148763
Computing and Informatics,Computer Engineering,True,0.9966794418148763
Computing and Informatics,Information Technology,True,0.9966794418148763
"Teaching, Learning, and Leadership",Curriculum and Instruction,False,0.014525560757983853
"Teaching, Learning, and Leadership",Education Administration,False,0.014525560757983853
Kinesiology and Physical Therapy,"Exercise Science, Kinesiology, Rehab, Health",False,0.013493676538999511
Management Department,Management,False,0.0047513938405616615
Emergency Management,Public Health,False,0.08378904125349035
Clinical Health Sciences,Communication Disorders and Sciences,False,0.5015450568272827
Clinical Health Sciences,Social Work,False,0.5015450568272827
Industrial and Management Systems Engineering,Systems Engineering,True,0.9531963198669068
Industrial and Management Systems Engineering,Industrial Engineering,True,0.9531963198669068
Human Nutrition and Hospitality Management,Nutrition Sciences,False,0.02020842317134578
"Teaching, Learning and Innovation",Curriculum and Instruction,False,0.02831778257296535
"Chemical, Materials and Biomedical Engineering",Chemical Engineering,True,0.9833091449432996
"Chemical, Materials and Biomedical Engineering",Biomedical Engineering,True,0.9833091449432996
"Chemical, Materials and Biomedical Engineering",Materials Engineering,True,0.9833091449432996
Sport Business Management,,False,0.0055563490736558726
"Accounting, Joseph I. Lubin School of",Accounting,False,0.01289072467725176
Information and Logistics Technology,Information Technology,True,0.6873616471014214
"Biochemistry & Molecular Biology, Department of (New Jersey Medical School)",Biochemistry,True,0.996963495007922
"Biochemistry & Molecular Biology, Department of (New Jersey Medical School)",Molecular Biology,True,0.996963495007922
Neuroscience and Cell Biology,Neuroscience,True,0.9909713100736246
Neuroscience and Cell Biology,Cell Biology,True,0.9909713100736246
"African, Middle Eastern and South Asian Languages and Literatures",,False,0.00040365077269606574
Preventive Medicine and Community Health,"Exercise Science, Kinesiology, Rehab, Health",False,0.22529131424846738
Preventive Medicine and Community Health,Public Health,False,0.22529131424846738
Quantitative Methods: Epidemiology and Biostatistics,Biostatistics,True,0.9612336365255649
Quantitative Methods: Epidemiology and Biostatistics,Epidemiology,True,0.9612336365255649
Pharmacy Practice and Administration,Pharmacy,True,0.8782124469621797
Neurology and Neurosciences,Neuroscience,True,0.8829206380935112
Hispanic and Italian Studies,Spanish Language and Literature,False,0.0010602086103723286
Hispanic and Italian Studies,,False,0.0010602086103723286
"Biochemistry and Molecular Biology, Department of (Robert Wood Johnson Medical School)",Molecular Biology,True,0.9954945246982321
"Biochemistry and Molecular Biology, Department of (Robert Wood Johnson Medical School)",Biochemistry,True,0.9954945246982321
"Biochemistry & Molecular Biology, Department of (Robert Wood Johnson Medical School)",Molecular Biology,True,0.9956371034704905
"Biochemistry & Molecular Biology, Department of (Robert Wood Johnson Medical School)",Biochemistry,True,0.9956371034704905
Chemical Biology,,True,0.9956651824696785
"Chemical Biology, Deptartment of",Biochemistry,True,0.983655172113572
Molecular Genetics and Microbiology,Immunology,True,0.9997295519935289
"Educational Theory, Policy and Administration",Education Administration,False,0.001479578951976809
Health Education and Behavioral Science,"Exercise Science, Kinesiology, Rehab, Health",False,0.012718008340800122
Health Education and Behavioral Science,"Health, Physical Education, Recreation",False,0.012718008340800122
"Pathology and Laboratory Medicine, Department of (Robert Wood Johnson Medical School)",Pathology,True,0.9861355078607381
"Pathology and Laboratory medicine, Department of (Robert Wood Johnson Medical School)",Pathology,True,0.9840973509474853
"Criminal Justice, Program in",Criminal Justice and Criminology,False,0.013932319546172228
"Business, School of (Syms)",Business Administration,False,0.09350636076582908
"Business, School of (Syms)",Management,False,0.09350636076582908
Cellular and Structural Biology,Cell Biology,True,0.9958491750606692
Cellular and Structural Biology,,True,0.9958491750606692
Urban Health Administration,Public Health,False,0.008110614965455886
"Arts, Culture and Media",Art History and Criticism,False,0.003202485902248093
Strategic Management,Business Administration,False,0.004509620775394542
Strategic Management,Management,False,0.004509620775394542
Health Informatics,,False,0.2563533384170559
Urban Education,Education Administration,False,0.0017667302912753792
Urban Education,Public Policy,False,0.0017667302912753792
Management Science Area,Management,False,0.14813323586654153
Mathematics and Statistical Sciences,Statistics,True,0.9799176031763022
Mathematics and Statistical Sciences,Mathematics,True,0.9799176031763022
Science/Mathematics Education,,False,0.20725832840906996
Hispanic Languages and Literatures,Spanish Language and Literature,False,0.0007723247876261256
Economics (Scw),Economics,False,0.030776440274397566
Philosophy (Scw),Philosophy,False,0.04479305089777162
Computer Applications,Computer Science,True,0.9926957202530801
Theology and Religious Studies,Religious Studies,False,0.0002396004764823943
Theology and Religious Studies,Theological Studies,False,0.00023960064531639418
Immunology and Infectious Diseases,Immunology,True,0.9922685828574851
Physical Medicine and Rehabilitation ,"Exercise Science, Kinesiology, Rehab, Health",False,0.04705296093578647
Biomedical Informatics,Biostatistics,True,0.9710352033691187
Spanish and Portuguese Languages and Cultures,Spanish Language and Literature,False,0.0013630486596036603
"Inner Asian and Altaic Studies, Committee on",,False,0.052114138755813874
Public Policy and Public Affairs,Public Policy,False,0.002776530190742054
"Biological Sciences - Molecular Biology, Section of",Molecular Biology,True,0.9957081736745916
Community Health,Public Health,False,0.015200605622832852
Health Research and Policy,Biostatistics,True,0.17877836938972252
Health Research and Policy,Epidemiology,True,0.17877836938972252
Health Research and Policy,Public Health,False,0.17877836938972252
"Marketing, Area of",Marketing,False,0.0019803055687917575
Systems Biology,Biological Sciences,True,0.997528231715638
Divinity - Religions in America,Theological Studies,False,0.0001306378639538231
Divinity - Theology,Theological Studies,False,0.006066690317299696
Divinity - Theology,Religious Studies,False,0.006066690317299696
Preventive Medicine,Public Health,False,0.8709530678760695
Preventive Medicine,Epidemiology,True,0.8709530678760695
Biology,Physiology,True,0.9695648925731627
Biology,Immunology,True,0.9695648925731627
Biology,Biochemistry,True,0.9695648925731627
Health Behavior and Health Education,Public Health,False,0.006575992253592193
"Media Arts and Sciences, Program in",Mass Communications and Media Studies,False,0.012399332792612638
"Oral Health Policy and Epidemiology, School of Dental Medicine",Public Health,False,0.38549833511837395
Oral Health Sciences,,True,0.7776877440400561
Cognitive and Neural Systems,,True,0.9546410308731449
Cognitive and Neural Systems,Neuroscience,True,0.9546410308731449
History ,History,False,0.005789272007612365
"Mechanical Engineering, Program in",Mechanical Engineering,True,0.974763459851623
Electrical and Biomedical Engineering,Computer Engineering,True,0.9655259371682687
Communication Sciences and Disorders,Speech and Hearing Sciences,False,0.07237524647325783
Geography and Environment,Geography,False,0.27544621022959176
"Environmental, Earth and Ocean Sciences",Environmental Sciences,True,0.9876656418390819
"Environmental, Earth and Ocean Sciences",Geology,True,0.9876656418390819
"Environmental, Earth and Ocean Sciences",,True,0.9876656418390819
Physiology and Developmental Biology,,True,0.9375920924300463
Physiology and Developmental Biology,Physiology,True,0.9375920924300463
Integrative Physiology and Pathobiology,Physiology,True,0.9928806726939865
Integrative Physiology and Pathobiology,Pathology,True,0.9928806726939865
Architectural History,,False,0.0011589208060972605
Archaeology,Anthropology,False,0.01574396593446295
Archaeology,,False,0.01574396593446295
Bioethics and Humanities,Philosophy,False,0.08592201500915218
"Health Law, Bioethics and Human Rights",Philosophy,False,0.0034260887780278035
Statistics and Actuarial Science,Statistics,True,0.8692328004926111
Religion and Classics,Religious Studies,False,0.0006027709812142848
Religion and Classics,Classics and Classical Languages,False,0.0006027709812142833
Film and Television,Mass Communications and Media Studies,False,0.004662145467760672
Middle Eastern and South Asian Languages and Cultures,Near and Middle Eastern Languages and Cultures,False,4.564194632239949e-05
Classical and Near Eastern Languages and Civilizations,Near and Middle Eastern Languages and Cultures,False,0.0005534071860866616
Classical and Near Eastern Languages and Civilizations,Classics and Classical Languages,False,0.0005534071860866616
"Languages, Literature and Culture",,False,0.0019033162926096164
Manpower and Economics,Economics,False,0.03468273642583444
"Management, Area of",Management,False,0.03521771611197274
"Finance, Area of",Finance,False,0.042134790640805414
Science and Mathematics Education,,False,0.13337524534474574
Stem Education and Professional Studies,,False,0.09063270898152084
Art History and Criticism,Art History and Criticism,False,0.00041976181594360955
French Language and Literature,French Language and Literature,False,0.0008471156039786204
Modern Languages,Spanish Language and Literature,False,0.002073420221743952
"Quantitative Analysis, Area of",,False,0.1295263783332316
"Strategy, Ethics, and Entrepreneurship, Area of",,False,0.007502375695393827
Marketing and Business Law,Marketing,False,0.000641464602086204
"Civil, Construction, and Environmental Engineering",Civil Engineering,True,0.9685146765017751
"Civil, Construction, and Environmental Engineering",Environmental Engineering,True,0.9685146765017751
Hospitality & Tourism Management,,False,0.016778532668987545
Anthropology and Archeology,Anthropology,False,0.01637212256850687
Anthropology and Archeology,Sociology,False,0.01637212256850687
Teacher Education,Education,False,0.002381670470673667
Journalism & Media Studies,Mass Communications and Media Studies,False,0.0005249621032444951
Classics and Humanities,Classics and Classical Languages,False,0.004236613132565762
Exercise and Nutritional Sciences,Nutrition Sciences,False,0.0379711477375556
European Studies,,False,0.010531322409046964
Education Sciences and Professional Programs,Education Administration,False,0.042339684401098455
Counseling and Family Therapy,Counselor Education,False,0.0004319789659401504
Linguistics and Asian/Middle Eastern Languages,Asian Languages,False,0.0004994010498732823
Linguistics and Asian/Middle Eastern Languages,Near and Middle Eastern Languages and Cultures,False,0.0004994010498732823
Rhetoric and Writing Studies,English Language and Literature,False,0.001106790450183369
Educational Research and Administration,Education Administration,False,0.06874667430040929
Educational Research and Administration,,False,0.06874667430040929
"Educational Studies In Psychology, Research Methodology and Counseling",,False,0.008908991059189053
"Educational Studies In Psychology, Research Methodology and Counseling",Educational Psychology,False,0.008908991059189053
Leadership and Foundations,Education Administration,False,0.0012009308998463517
Leadership and Foundations,,False,0.0012009308998463517
"Fisheries, Aquaculture, and Aquatic Science",,True,0.9976018056626714
Family Sciences,Human Development and Family Sciences,False,0.07249719657630677
"Environmental and Population Health, Department of (School of Veterinary Medicine)",Veterinary Medical Sciences,True,0.9824848290727595
"Anatomy, Physiology and Pharmacology",Veterinary Medical Sciences,True,0.9907356396397364
Design & Merchandising,,False,0.004513908058277357
Rural Sociology,Sociology,False,0.04939077876411904
Psychology - Clinical,,False,0.17797974303427305
"Communication, Culture, and Technology, Program in",Communication,False,0.09869766212692263
Computational Engineering,,True,0.9980169201162246
Computational Engineering,Computer Engineering,True,0.9980169201162246
Architecture and Design,Urban and Regional Planning,False,0.0006107674668117138
Drug Discovery and Development,Pharmaceutical Sciences,True,0.986455036790949
Basic Pharmaceutical Sciences,Pharmaceutical Sciences,True,0.9957198795879167
Public Service,Urban and Regional Planning,False,0.008178570624923899
"Nutrition, Dietetics, and Hospitality Management",Nutrition Sciences,False,0.04973359061296652
Health Outcomes Research and Policy,Pharmacy,True,0.513703574554975
Building Science,Architecture,False,0.339103641599133
Special Education and Literacy Studies,Special Education,False,0.008438082207553283
Medical Education,,True,0.2230718542043922
Integrative Biology and Pharmacology,Pharmacology,True,0.9900223067337782
Integrative Biology and Pharmacology,Biological Sciences,True,0.9900223067337782
Musicology,Music,False,0.000794762427274907
Human Performance and Health Education,"Health, Physical Education, Recreation",False,0.012491875798444083
Manufacturing Engineering,,True,0.8724136119126138
"Nanoscience and Nanoengineering, Joint School of",,True,0.9807501748268059
"Nanoengineering and Nanoscience, Joint School of",,True,0.9639833518297122
"Teaching, Learning and Educational Studies",Curriculum and Instruction,False,0.005410517255493021
"Teaching, Learning and Educational Studies",,False,0.005410517255493021
Finance and Commercial Law,Finance,False,0.003228599761530946
Business Information Systems,Management Information Systems,False,0.24461971971618152
Journalism ,Mass Communications and Media Studies,False,0.00025771368063331513
"Mechanical, Industrial, and Systems Engineering",Industrial Engineering,True,0.981955284582544
"Mechanical, Industrial, and Systems Engineering",Systems Engineering,True,0.9819553217588981
"Mechanical, Industrial, and Systems Engineering",Mechanical Engineering,True,0.9819553217588981
Education ,Education,False,0.0015725145811849475
"Languages, Literatures and Culture",,False,0.0037529281574678664
Music & Entertainment Industry Studies,,False,0.008492547314324205
Marine Programs,Marine Sciences,True,0.7957069518201185
Earth and Environmental Sciences ,Geology,True,0.9200238583660703
Earth and Environmental Sciences ,Environmental Sciences,True,0.9200238583660703
"Education, Program In",Education,False,0.003944211329956204
Learning Sciences and Policy,,False,0.05313428514371149
Chemical and Systems Biology,Molecular Biology,True,0.9970578567536817
Chemical and Systems Biology,,True,0.9970578567536817
Structural Biology,,True,0.9326438799036889
"Biological Sciences - Neurobiology, Section of",Neuroscience,True,0.988129069305425
Ocean and Resources Engineering,,True,0.9969705685926892
Ocean and Resources Engineering,Marine Sciences,True,0.9969705685926892
Ocean and Resources Engineering,Environmental Engineering,True,0.9969705685926892
"Biological Sciences - Ecology, Behavior & Evolution, Section of",Ecology,True,0.9903833346631874
"Biological Sciences - Ecology, Behavior & Evolution, Section of",Evolutionary Biology,True,0.9903833346631874
Macromolecular Science and Engineering,Materials Engineering,True,0.9975380487214099
Macromolecular Science and Engineering,Chemical Engineering,True,0.9975380487214099
Biological Structure,,True,0.9647288839933174
Medical Genetics,Genetics,True,0.998079830694067
"Law, Societies & Justice",Criminal Justice and Criminology,False,0.006538757391254138
Psychosocial and Community Health,Public Health,False,0.032325248225075265
Curriculum and Instruction (Division/Area),Curriculum and Instruction,False,0.03331307090698605
"Special Education, Area of",Special Education,False,0.0036917352760823864
Health Management and Systems Sciences,,False,0.05136539143265212
Kinesiology & Health Sciences,"Exercise Science, Kinesiology, Rehab, Health",False,0.1783436063146046
Information and Computer Sciences,Information Science,True,0.9833963627247577
Information and Computer Sciences,Computer Science,True,0.9833963627247577
"Chemical, Biological, and Environmental Engineering",Agricultural Engineering,True,0.9875351538261231
"Chemical, Biological, and Environmental Engineering",Chemical Engineering,True,0.9875351538261231
"Chemical, Biological, and Environmental Engineering",Environmental Engineering,True,0.9875351538261231
Aquatic and Fishery Sciences,,True,0.9982874771797668
"Chemical Engineering, The Jasper Department of",Chemical Engineering,True,0.956555024249208
French and Italian Studies,,False,0.0054097668284054925
French and Italian Studies,French Language and Literature,False,0.0054097668284054925
Near Eastern Languages and Civilization,Near and Middle Eastern Languages and Cultures,False,0.0011680413221626879
Germanics,Germanic Languages and Literatures,False,0.0009157840639302343
Construction Management Department,,True,0.5222573663659336
Asian Language and Literatures,Asian Studies,False,8.023819554752914e-05
Asian Language and Literatures,Asian Languages,False,8.023819554752914e-05
Nuclear Science and Engineering,,True,0.9693481070612926
Comparative Media Studies/Writing Section,,False,0.001194304623174559
Anthropology Program,Anthropology,False,0.020152489504417496
Aerospace Engineering and Mechanics,Aerospace Engineering,True,0.9341943195739699
Aerospace Engineering and Mechanics,,True,0.9341943195739699
Global Studies and Languages Section,,False,0.020445472150716133
Radiation and Cellular Oncology,,True,0.9971189174333441
Psychological Sciences,Communication Disorders and Sciences,False,0.2914631892769388
Health Care Sciences,,False,0.33920235998927795
Occupational Therapy Program,"Exercise Science, Kinesiology, Rehab, Health",False,0.0019475564642971066
Maternal and Child Health,Public Health,False,0.08187239502415498
Pharmaceutical Care and Health Systems,Pharmaceutical Sciences,True,0.8913522857985795
Infectious Diseases and Microbiology,Microbiology,True,0.9960488183228836
Infectious Diseases and Microbiology,Pathology,True,0.9960488183228836
Community Health and Health Behavior,Public Health,False,0.011176391971368669
Community Health and Health Behavior,"Health, Physical Education, Recreation",False,0.011176426092276592
Law,Criminal Justice and Criminology,False,0.0002155719788339206
Visual Communication,Communication,False,0.14238109357531134
Communication and Media Studies,Mass Communications and Media Studies,False,0.001490183091892331
"Anatomy, Physiology and Genetics",Physiology,True,0.9945308289523789
"Anatomy, Physiology and Genetics",Anatomy,True,0.9945308289523789
"Anatomy, Physiology and Genetics",Genetics,True,0.9945308289523789
Nuclear Science and Engineering,,True,0.9693480694403519
Health Services Research and Administration,,False,0.07236033390875188
Urban Planning,Architecture,False,0.0028250565049858377
Pharmacy Practice and Pharmaceutical Sciences,Pharmacy,True,0.9978009200557457
Pharmacy Practice and Pharmaceutical Sciences,Pharmaceutical Sciences,True,0.9978009200557457
Applied Mathematics Program,Mathematics,True,0.9371232002128
Teaching and Leadership,,False,0.0028688044330822714
Nutrition and Integrative Physiology,Nutrition Sciences,False,0.1830022136999662
"Health, Nutrition, and Exercise Sciences",Nutrition Sciences,False,0.029594217321990086
"Health, Nutrition, and Exercise Sciences","Exercise Science, Kinesiology, Rehab, Health",False,0.029594217321990086
Communication,Speech and Hearing Sciences,False,0.006428385785975486
Speech Communication,Communication,False,0.004307567382778374
"Counseling, Rehabilitation Counseling and Counseling Psychology",,False,0.00017255287934056014
Linguistics,,False,0.0024922208512809137
Metallurgical Engineering,Materials Engineering,True,0.9924090095699276
Management and Industry Relations,Management,False,0.057146463995773875
Occupational and Recreational Therapies,"Exercise Science, Kinesiology, Rehab, Health",False,0.048804570829465155
"Microbiology, Immunology and Tropical Medicine",Immunology,True,0.97064077224128
"Microbiology, Immunology and Tropical Medicine",Microbiology,True,0.97064077224128
"Biochemistry, Molecular Biology, Entomology and Plant Pathology",Biochemistry,True,0.9982452312896246
"Biochemistry, Molecular Biology, Entomology and Plant Pathology",Entomology,True,0.9982452312896246
"Biochemistry, Molecular Biology, Entomology and Plant Pathology",Molecular Biology,True,0.9982452312896246
"Biochemistry, Molecular Biology, Entomology and Plant Pathology",Plant Pathology,True,0.9982452312896246
"Food Science, Nutrition and Health Promotion",Food Science,True,0.35801993509137137
"Food Science, Nutrition and Health Promotion",Nutrition Sciences,False,0.35801993509137137
Exercise Science and Health Promotion,"Exercise Science, Kinesiology, Rehab, Health",False,0.021536282818866694
"Finance, Real Estate and Business Law",Finance,False,0.0027122476915272735
Large Animal Medicine,Veterinary Medical Sciences,True,0.9499010353403404
Communications and Multimedia Studies,Mass Communications and Media Studies,False,0.0861278417926607
Communications and Multimedia Studies,Communication,False,0.0861278417926607
Criminology & Criminal Justice,Criminal Justice and Criminology,False,0.10972117977867261
Philosophy and Humanities,Philosophy,False,0.01458366280160166
Engineering Management and Systems Engineering,Systems Engineering,True,0.8963375578511984
Political Science,International Affairs,False,0.0013093479245971447
Political Science,Public Administration,False,0.0013093479245971447
Classical and Modern Language and Literature,,False,0.0034200168829507786
Physics and Materials Science,Physics,True,0.9690618602719543
Physical Therapy and Human Movement Sciences,"Exercise Science, Kinesiology, Rehab, Health",False,0.03184016316333803
Occupational Therapy Education,"Exercise Science, Kinesiology, Rehab, Health",False,0.0015656866468329485
Civil Engineering and Environmental Science,Civil Engineering,True,0.9455616875503366
Civil Engineering and Environmental Science,Environmental Sciences,True,0.9455616875503366
"Language, Linguistics, and Comparative Literature",Comparative Literature,False,0.009099176397496597
"Language, Linguistics, and Comparative Literature",Linguistics,False,0.009099176397496574
"History of Science, Department of The",History,False,0.13495629766377806
Human Relations,Human Development and Family Sciences,False,0.008219236355473352
"Curriculum, Instruction and Leadership",Curriculum and Instruction,False,0.007892373833996345
GeoSciences and Geological and Petroleum Engineering,,True,0.9944510985856452
GeoSciences and Geological and Petroleum Engineering,Geology,True,0.9944510985856452
Classics and Letters,Classics and Classical Languages,False,0.002016152478468313
"Writing, Rhetoric and Digital Studies",,False,0.0048514914840297714
"Health, Exercise and Sport Sciences","Exercise Science, Kinesiology, Rehab, Health",False,0.0182128246333203
"Health, Exercise and Sport Sciences","Health, Physical Education, Recreation",False,0.0182128246333203
Health Promotion Sciences,"Exercise Science, Kinesiology, Rehab, Health",False,0.07552772463045264
"Environmental Health, Department of - Environmental and Occupational Hygiene Division",Environmental Health Sciences,False,0.30797116258511664
Nutrition and Dietetics,Nutrition Sciences,False,0.0759430534387073
Regional and City Planning,Urban and Regional Planning,False,0.0037686723127866644
Marketing,Management,False,0.0007759897576342855
"Entrepreneurship, Dingman Center for",,False,0.03244872462603813
Health Sector and Management Policy,Public Health,False,0.005028616519292812
Health Sector and Management Policy,Management,False,0.005028616519292812
Cell Biology and Molecular Genetics,Cell Biology,True,0.9994144112452503
Cell Biology and Molecular Genetics,,True,0.9994144112452503
"Journalism, Philip Merrill College of",,False,0.10463406961938589
"Education Leadership, Higher Education and International Education",Education Administration,False,0.014062042380450729
"Education Leadership, Higher Education and International Education",,False,0.014062042380450729
"Jewish Studies, Center for (Meyerhoff Program)",Religious Studies,False,0.0031853543393224127
Community and Leadership Development,Human Development and Family Sciences,False,0.057005142650581944
Information Systems and Quantitative Analysis,Information Technology,True,0.7219890973860709
"Urban Studies and Planning, Program in",Urban and Regional Planning,False,0.00356103795944102
"Architecture, Program in",Architecture,False,0.003251615703866019
Geographical and Sustainability Sciences,Geography,False,0.19727041060629752
"Measurement, Statistics and Evaluation",,False,0.3676596234762851
Accounting and Information Assurance,Accounting,False,0.011481474207645528
Public Health Program,Public Health,False,0.06226913362633035
Physics (Yc),Physics,True,0.7952708416656739
"European Languages, Literatures and Cultures",,False,0.007388413239559387
Asian and Asian American Studies,Asian Studies,False,6.682332318566353e-05
Classical Languages and Civilization,Classics and Classical Languages,False,0.003241862297359707
Cultural Studies And Comparative Literature,Comparative Literature,False,0.003230545601199056
Biochemistry and Cell Biology,Biochemistry,True,0.9987195070760748
Biochemistry and Cell Biology,Cell Biology,True,0.9987195070760748
Anatomical Sciences,Anatomy,True,0.968623800963609
Health Technology and Management,,False,0.050389253885528396
Health Care Policy and Management,,False,0.00962148438706334
Science Teaching,,False,0.008859302919616978
Newspaper and Online Journalism Program,Mass Communications and Media Studies,False,0.019054551089661344
Public Relations Program,Mass Communications and Media Studies,False,0.0013581523116473885
Advertising Program,Mass Communications and Media Studies,False,0.001695800061066819
Broadcast and Digital Journalism Program,Mass Communications and Media Studies,False,0.02595912673592062
"Instructional Design, Development and Evaluation",Curriculum and Instruction,False,0.018266454794471143
"Instructional Design, Development and Evaluation",,False,0.018266454794471143
"Politics, Philosophy, and Public Affairs",Criminal Justice and Criminology,False,0.002112022443340927
"Politics, Philosophy, and Public Affairs",Political Science,False,0.002112022443340927
Writing and Language Studies,,False,0.011798183250705576
Reading and Language Arts,,False,0.017221960647771633
Theology and Religious Studies,Theological Studies,False,0.0002396004764823943
Food Studies,Food Science,True,0.5698697585992654
Marriage and Family Therapy,,False,0.0005042444429084227
Mathematical and Computer Science,Computer Science,True,0.9903048413679173
Mathematical and Computer Science,Mathematics,True,0.9903048413679173
Behavioral Health and Nutrition,"Health, Physical Education, Recreation",False,0.047693330232777595
Behavioral Health and Nutrition,Nutrition Sciences,False,0.047693330232777595
Bioresources Engineering,Agricultural Engineering,True,0.9843379240050923
Entomology and Wildlife Ecology,Entomology,True,0.9994476429016196
Entomology and Wildlife Ecology,,True,0.9994476429016196
Entomology and Wildlife Ecology,Ecology,True,0.9994476429016196
"Textiles, Fashion Merchandising and Design",,False,0.009496480706446453
Physics and Space Sciences,Physics,True,0.9412555483360592
Physics and Space Sciences,Astronomy,True,0.9412555483360592
Management Systems,Management,False,0.014115265706509682
Art Conservation,Art History and Criticism,False,0.0036266920360952673
Computer Information and Graphics Technology,Information Technology,True,0.9974781917311448
Music and Arts Technology,Music,False,0.007813121426442717
Biomedical and Health Information Sciences,,True,0.8477571762112259
Family and Consumer Science,,False,0.06997278076434635
Oral and Craniofacial Sciences,,True,0.7502296488679125
Integrative Physiology and Anatomy,Physiology,True,0.9083930762418498
Biostatistical Sciences,Public Health,False,0.9331504172459038
Biostatistical Sciences,Biostatistics,True,0.9331504172459038
"Microbiology, Molecular Biology and Biochemistry",Molecular Biology,True,0.9966478100264862
"Microbiology, Molecular Biology and Biochemistry",Biochemistry,True,0.9966478100264862
"Microbiology, Molecular Biology and Biochemistry",Microbiology,True,0.9966478100264862
Medical Education Program,,False,0.18964300674172208
Chemistry and Applied Biological Sciences,Biological Sciences,True,0.9726612386352433
Chemistry and Applied Biological Sciences,Chemistry,True,0.9726612386352433
Social and Behavioral Sciences,Public Health,False,0.1410070297050094
Disability and Addiction Rehabilitation,"Exercise Science, Kinesiology, Rehab, Health",False,0.02127206254733125
Health Care Ethics,,False,0.06344758478335843
"Russian and East European Studies, Center of",Slavic Languages and Literatures,False,0.08508136940520801
"Journalism, Reynolds School of",Mass Communications and Media Studies,False,0.0007617761688089783
History of Art and Visual Culture,Art History and Criticism,False,0.00022003505232099215
German and Scandinavian,Germanic Languages and Literatures,False,0.0006510889207179737
Second Language Studies,,False,0.024523271207611573
Romance Languages,French Language and Literature,False,0.0001118583388416939
Romance Languages,Spanish Language and Literature,False,0.0001118583388416939
"Modern Languages, Literatures, and Cultures",,False,0.0011365603336070198
"Historic Preservation, Program in",,False,0.005351901024029876
"Communication Disorders and Counseling, School and Educational Psychology",Communication Disorders and Sciences,False,0.0069843041802712235
"Communication Disorders and Counseling, School and Educational Psychology",,False,0.0069843041802712235
"Communication Disorders and Counseling, School and Educational Psychology",Educational Psychology,False,0.0069843041802712235
"Sports Administration, Center of","Health, Physical Education, Recreation",False,0.11268187935401497
Kinesiology and Health Promotion,"Exercise Science, Kinesiology, Rehab, Health",False,0.005410937852547487
"Early Childhood,Youth, and Family Studies",Education Administration,False,0.0021613035116274867
"Early Childhood,Youth, and Family Studies",Special Education,False,0.0021613035116274867
Modern Languagues and Classics,Classics and Classical Languages,False,0.005638370624101324
Construction Management and Interior Design,,False,0.1348312228049319
Art History and Art,Art History and Criticism,False,0.0008540718744252281
Finance and Insurance,Finance,False,0.0020921027410283587
Educational Leadership and Human Services,Education Administration,False,0.019843527244281338
English and Modern Languages,English Language and Literature,False,0.0016586040700149272
Architecture and Engineering Technology,Architecture,False,0.376298583390425
Information Systems and Analysis,Information Technology,True,0.7753987362217896
"History, Political Science, Geography, and African-American Studies",Political Science,False,0.002042033400752221
"History, Political Science, Geography, and African-American Studies",Geography,False,0.002042033400752221
"History, Political Science, Geography, and African-American Studies",History,False,0.002042033400752221
Technology Management,Business Administration,False,0.39900898478154145
Construction Management,,False,0.554261015978495
African Studies,,False,0.0009741493304712573
History and Ecumenics,History,False,0.00068075479840358
History and Ecumenics,Theological Studies,False,0.00068075479840358
Business and Management,Business Administration,False,0.0020569578783163553
Business and Management,Management,False,0.0020569578783163553
"Communication, Culture and Media Studies",Communication,False,0.0018063930552718727
"Strategic, Legal and Management Communication",Communication,False,0.002311726813821848
"Strategic, Legal and Management Communication",Management,False,0.002311726813821848
"Media, Journalism and Film",Mass Communications and Media Studies,False,0.0005853079782622513
"Radio, Television, and Film",Mass Communications and Media Studies,False,0.0019389502752004792
"Finance, International Business and Insurance",Finance,False,0.008970118723481382
Systems and Computer Science,Computer Science,True,0.948567691335181
Systems and Computer Science,Systems Engineering,True,0.948567691335181
Social Work and Social Research,Social Work,False,0.0068193851295321375
"Health, Human Performance and Leisure  Studies","Health, Physical Education, Recreation",False,0.010339466281611667
Psychology - Cognitive,,True,0.6461959636669269
Asian and Asian-American Studies,Asian Studies,False,6.204849310468612e-05
"Physics, Applied Physics and Astronomy",,True,0.9667768851324668
"Physics, Applied Physics and Astronomy",Astronomy,True,0.9667768851324668
"Physics, Applied Physics and Astronomy",Physics,True,0.9667768851324668
Geological Sciences and Environmental Studies,Geology,True,0.9151891499123522
Geological Sciences and Environmental Studies,Environmental Sciences,True,0.9151891499123522
Management - Marketing,Marketing,False,0.004613478716696476
Management - Finance,Finance,False,0.010276418786409603
"Criminology, Law and Justice",Criminal Justice and Criminology,False,0.053974674404254144
Reading,,False,0.06330945115516781
Management - Accounting,Accounting,False,0.0025117875923112167
Pharmacy Practice,Pharmaceutical Sciences,True,0.8977996650095648
Classical and Near Eastern Studies,Classics and Classical Languages,False,0.0008221349486471211
Academic Studies - School of Music,Music,False,0.036123914468104604
Student Affairs Adminstration Program,,False,0.0064155257821674385
Chemistry & Physics,Chemistry,True,0.9659450782409562
Chemistry & Physics,Physics,True,0.9659450782409562
Health Outcomes and Administrative Sciences,Pharmacy,True,0.5307232270173148
Applied Technology,Information Technology,True,0.6123376489679533
Operations Department,,False,0.49922685217831064
Microbial Pathogens and Immunity,Microbiology,True,0.9967799237808066
Microbial Pathogens and Immunity,Immunology,True,0.9967799237808066
Cell and Molecular Physiology,Physiology,True,0.9997362611455145
Allied Health and Communicative Disorders,Speech and Hearing Sciences,False,0.0042573157821353715
Divinity - Philosophy of Religions,Theological Studies,False,0.004023979119970868
Slavic Language and Literatures,Slavic Languages and Literatures,False,0.020367567349520214
Gender and Sexuality Studies,Gender Studies,False,0.00017935697937376916
"African American Studies, Program in",,False,0.0020139047401367873
European Languages and Studies,,False,0.035618255198459306
Cellular and Molecular Biology - Roswell Park Cancer Institute,Molecular Biology,True,0.9892502944041992
Cellular and Molecular Biology - Roswell Park Cancer Institute,Cell Biology,True,0.9892502944041992
"Molecular Genetics, Biochemistry and Microbiology",Microbiology,True,0.9994418169962417
"Molecular Genetics, Biochemistry and Microbiology",,True,0.9994418169962417
"Molecular Genetics, Biochemistry and Microbiology",Biochemistry,True,0.9994418169962417
Health and Human Performance,"Health, Physical Education, Recreation",False,0.044876068813350566
"Environmental, Earth and Atmospheric Sciences",Atmospheric Sciences and Meteorology,True,0.9576327374788022
"Environmental, Earth and Atmospheric Sciences",Geology,True,0.9576327374788022
"Environmental, Earth and Atmospheric Sciences",Environmental Sciences,True,0.9576327374788022
Plastics Engineering,Materials Engineering,True,0.8970355743344219
Portuguese,,False,0.034434734657392975
Operations and Information Systems Department,Management Information Systems,False,0.8516186103845003
Operations and Information Systems Department,Operations Research,True,0.8516186103845003
Accounting Department,Accounting,False,0.00912085872156599
Manufacturing and Industrial Engineering,Industrial Engineering,True,0.8890411661717227
Literatures and Cultural Studies,English Language and Literature,False,0.008555808756560293
"Creative Writing, Program of",,False,0.0038946230905745048
Interdisciplinary Programs and Community Engagement,Education,False,0.1314004505791692
Health and Biomedical Sciences,,True,0.6661874662602909
Rehabilitation,"Exercise Science, Kinesiology, Rehab, Health",False,0.0013406442855005342
Criminal Justice,Sociology,False,0.017684223163445378
Physics and Geology,Geology,True,0.9608785940294711
Physics and Geology,Physics,True,0.9608785940294711
International Business and Entrepreneurship,,False,0.0023811269122762475
"Management, Marketing, and International Business",Management,False,0.009637772639747754
"Management, Marketing, and International Business",Marketing,False,0.009637772639747754
Rehabilitation Services and Counseling,"Exercise Science, Kinesiology, Rehab, Health",False,0.00020940932132643524
Applied Business Technology,,False,0.10667557835521642
Organization and School Leadership,Education Administration,False,0.026175776161100856
"Educational Leadership, Curriculum and Instruction",Curriculum and Instruction,False,0.014286507945219218
"Educational Leadership, Curriculum and Instruction",Education Administration,False,0.014286507945219218
Biomedicine,,True,0.9807978734360343
Behavioral Sciences,,False,0.12473882180774123
"Pharmacy, Program in",Pharmacy,True,0.9864756948165647
Physician Assistant,,False,0.06623914101358612
Education Policy and Leadership,Education Administration,False,0.010936525492715829
"Curriculum, Culture, and Educational Inquiry",Curriculum and Instruction,False,0.0023123075903450593
Health Services Management,,False,0.003113709301042277
Public Affairs,Public Administration,False,0.0007907314745206915
Modern Languages and Classics,Classics and Classical Languages,False,0.010416466156385232
Geography and Environmental Resources,Geography,False,0.42933447183635687
Construction Engineering and Engineering Technology,,True,0.8866046271725576
"Culture, Gender and Social Justice",Gender Studies,False,0.00014004219081727764
"Engineering, Computer Science and Mathematics",Mathematics,True,0.989188340395685
"Engineering, Computer Science and Mathematics",Computer Science,True,0.989188340395685
Molecular and Cellular Biophysics and Biochemistry - Roswell Park Cancer Institute,Biophysics,True,0.9925354909365975
Molecular and Cellular Biophysics and Biochemistry - Roswell Park Cancer Institute,Biochemistry,True,0.9925354909365975
Social Science and Health Policy,Public Health,False,0.022034077337853723
Spanish and Italian,Spanish Language and Literature,False,0.0007051607955156205
Middle East and South Asia Studies Program,Asian Studies,False,0.012111192783520547
Pharmacology and Toxicology Department,,True,0.9978114046371431
Pharmacology and Toxicology Department,Pharmacology,True,0.9978114046371431
East Asian Language and Cultures,Asian Languages,False,5.151364888494015e-05
East Asian Language and Cultures,Asian Studies,False,5.151364888494015e-05
"Higher, Adult, and Counselor Education",,False,0.00035953787139771836
German and Russian,Slavic Languages and Literatures,False,0.0003010535607290904
German and Russian,Germanic Languages and Literatures,False,0.0003010535607290904
Classical Languages,Classics and Classical Languages,False,0.00565840260116376
Analytical and Diagnostic Sciences,,True,0.9100511998232061
Experimental Therapeutics,,True,0.9252552898990256
Health and Sport Science,"Health, Physical Education, Recreation",False,0.027572448497602896
Health and Sport Science,Nutrition Sciences,False,0.027572448497602896
Health and Sport Science,"Exercise Science, Kinesiology, Rehab, Health",False,0.027572448497602896
Pharmaceutical Sciences,Pharmacy,True,0.9960840100362176
Computing Sciences and Informatics,Information Technology,True,0.9977548157744651
Computing Sciences and Informatics,Computer Science,True,0.9977548157744651
"Environmental Health, Department of - Environmental Genetics and Molecular Toxicology Division",,True,0.9910198147046817
"Environmental Health, Department of - Environmental Genetics and Molecular Toxicology Division",Environmental Health Sciences,False,0.9910198147046817
"Biomedical, Industrial, and Human Factors Engineering",Biomedical Engineering,True,0.9595912216883253
"Environmental Health, Department of - Occupational and Environmental Medicine Division",Environmental Health Sciences,False,0.28204326159234977
Interiors: Planning/Strategy/Design,,False,0.027159738791074518
Pharmacological and Physiology Science,Pharmacology,True,0.9928525087927816
Pharmacological and Physiology Science,Physiology,True,0.9928525087927816
Cancer Biology and Pharmacology,Pharmacology,True,0.9998133880590444
Cancer Biology and Pharmacology,,True,0.9998133880590444
Technology Systems,Information Technology,True,0.6644815237556527
Information Systems and Technology Management,Information Technology,True,0.7203040602680627
Electronic Media,Mass Communications and Media Studies,False,0.10750154427019742
Rehabilitation Science and Technology,"Exercise Science, Kinesiology, Rehab, Health",False,0.13209360342828955
Health Information Management,,False,0.02646874302050467
Health and Physical Activity,"Health, Physical Education, Recreation",False,0.022458749279736425
Medicine - Developmental Biology,,True,0.97882782665051
"Civil, Environmental and Geomatics Engineering",Environmental Engineering,True,0.9794145386805921
"Civil, Environmental and Geomatics Engineering",Civil Engineering,True,0.9794145386805921
"Ecology, Evolution and Marine Biology",Ecology,True,0.9985672749690894
"Ecology, Evolution and Marine Biology",Evolutionary Biology,True,0.9985672749690894
"Ecology, Evolution and Marine Biology",Marine Sciences,True,0.9985672749690894
Business Analytics and Operations,Management Information Systems,False,0.3241224799652823
"Decision, Operations, and Information Technology",Information Technology,True,0.7907791726141492
Information Culture and Data Stewardship,Information Technology,True,0.7612263983163882
Informatics and Networked Systems,Information Technology,True,0.9422568984280684
Geology and Planetary Science,Atmospheric Sciences and Meteorology,True,0.8457147286134008
Geology and Planetary Science,Geology,True,0.8457147286134008
Nursing - Nurse Anesthesia,Nursing,False,0.0425301729888443
"Language, Literacy and Sociocultural Studies",,False,0.0028905182887820546
Environmental Health Science,Environmental Health Sciences,False,0.06471039186846321
Biochemistry and Molecular and Cellular Biology,Molecular Biology,True,0.999190329142208
Biochemistry and Molecular and Cellular Biology,Biochemistry,True,0.999190329142208
Biochemistry and Molecular and Cellular Biology,Cell Biology,True,0.999190329142208
Global Energy Management,,False,0.3731678412505644
"Finance, International, Technology and Entrepreneurship",Finance,False,0.022971669307969865
"Finance, International, Technology and Entrepreneurship",Management Information Systems,False,0.022971669307969865
"Finance, International, Technology and Entrepreneurship",International Affairs,False,0.022971669307969865
"Community, Family, and Addiction Services",,False,0.06752558086333088
"Health, Sport and Exercise Sciences","Exercise Science, Kinesiology, Rehab, Health",False,0.020741837517782673
"Health, Sport and Exercise Sciences","Health, Physical Education, Recreation",False,0.020741837517782673
Ocean and Mechanical Engineering,Mechanical Engineering,True,0.9936958672128189
Ocean and Mechanical Engineering,,True,0.9936958672128189
Hospitality Leadership,,False,0.04129006992057506
"English, Department",English Language and Literature,False,0.013616727458477113
"Nutrition, Dietetics and Food Sciences",Food Science,True,0.35243688944600154
"Nutrition, Dietetics and Food Sciences",Nutrition Sciences,False,0.3524368894460014
"Psychology, Family and Community",Psychology,False,0.03904297962246232
Occupational and Environmental Health Sciences,Environmental Health Sciences,False,0.023424992696243978
Mathematics and Computer Science,Computer Engineering,True,0.9887143476729114
Resource Management,Natural Resources,True,0.8946254271947003
Systems Engineering and Engineering Management,Systems Engineering,True,0.9518001416338169
Cinema and Interactive Media,Mass Communications and Media Studies,False,0.1697142031103689
Marketing and Business Analytics,Management Information Systems,False,0.035574122548847065
Marketing and Business Analytics,Business Administration,False,0.035574122548847065
Advanced Studies and Innovation,,False,0.16635231791598507
Kinesiology and Rehabilitation Science,"Exercise Science, Kinesiology, Rehab, Health",False,0.04942957689143099
"Classical and Modern Languages, Literatures, and Cultures",Classics and Classical Languages,False,0.0033566856651503227
Fundamental and Applied Sciences,,False,0.41792430696964267
Neuroscience,Anatomy,True,0.8895264532436166
"Women, Gender and Sexuality Studies",Gender Studies,False,7.97480592427367e-05
Dance,"Theatre Literature, History and Criticism",False,0.06754927583038153
Multicultural Women's and Gender Studies,Gender Studies,False,9.27178535411553e-05
Germanic Languages and Literature,Germanic Languages and Literatures,False,0.0011105714388552554
"Microbiology, Molecular Genetics and Immunology",Immunology,True,0.9978891088106454
"Microbiology, Molecular Genetics and Immunology",,True,0.9978891088106454
"Microbiology, Molecular Genetics and Immunology",Microbiology,True,0.9978891088106454
Professional Psychology and Family Therapy,Psychology,False,0.0013375386287617327
Dietetics and Nutrition,Nutrition Sciences,False,0.11961193611818961
Linguistics and TESOL,Linguistics,False,0.18097109931684302
Construction Management and Engineering,,True,0.8639702087804683
Human Nutrition,Nutrition Sciences,False,0.0825785151720235
Nursing Research,Nursing,False,0.03461479549634483
Pan-African Studies,,False,0.00042589502610907825
"Entrepreneurship, Center for",,False,0.06396506553227904
Special Education and Child Development,Special Education,False,0.0036930669156927582
Geography and Geosciences,Geology,True,0.16614807899688971
Geography and Geosciences,Geography,False,0.16614807899688971
Interdisciplinary Research Program,Education,False,0.2784719835543532
Educational Leadership Program,Education Administration,False,0.03804575744859521
Classical and Modern Languages,Classics and Classical Languages,False,0.0035698056260838043
Equine Business,,False,0.1061684846002899
Human Studies,Human Development and Family Sciences,False,0.0008313258949847394
Educational Leadership and School Counseling,Education Administration,False,0.00917370725119739
Educational Leadership and School Counseling,Counselor Education,False,0.00917370725119739
"Leadership, Special Education, Foundations and Technology",,False,0.00716482064714957
"Leadership, Special Education, Foundations and Technology",Education Administration,False,0.00716482064714957
"Leadership, Special Education, Foundations and Technology",Special Education,False,0.00716482064714957
Human Development and Services,Human Development and Family Sciences,False,0.0036897799938243768
Global Environmental Health Sciences,Environmental Health Sciences,False,0.2142929870876718
Psychology and Counseling,Psychology,False,0.0026163393332456625
Psychology and Counseling,,False,0.0026163393332456625
Psychology - Child and Adolescent,,False,0.07563215823307466
Psychology - Public Sector,,False,0.027417493943411614
Vision Sciences,Neuroscience,True,0.8749127846938836
Psychology - Geriatric,,False,0.26462994870728035
Rehabilitation and Counselor Education,"Exercise Science, Kinesiology, Rehab, Health",False,0.00025533169677451924
Rehabilitation and Counselor Education,Counselor Education,False,0.00025533169677451924
Radiation Oncology,,True,0.9384532113561838
Curriculum and Pedagogy,Curriculum and Instruction,False,0.0019845209416636854
Agribusiness Economics,Agricultural Economics,False,0.07676116148607888
"Biostatistics, Environmental Health Sciences and Epidemiology",Environmental Health Sciences,False,0.9219176807164876
"Biostatistics, Environmental Health Sciences and Epidemiology",Biostatistics,True,0.9219176807164876
"Biostatistics, Environmental Health Sciences and Epidemiology",Epidemiology,True,0.9219176807164876
Asian and Slavic Languages and Literatures,Asian Languages,False,0.0017746727677548705
Asian and Slavic Languages and Literatures,Slavic Languages and Literatures,False,0.0017746727677548705
Romance Languages and Literature,Spanish Language and Literature,False,0.00022342454326237823
Romance Languages and Literature,French Language and Literature,False,0.00022342454326237823
"World Languages, Literatures and Cultures",,False,0.019539559945141734
Writers' Workshop,,False,0.005843359979734953
"Theatre, Dance and Media Studies",Mass Communications and Media Studies,False,0.005608002264145423
"Theatre, Dance and Media Studies","Theatre Literature, History and Criticism",False,0.005608002264145423
Exercise Physiology,Physiology,True,0.5281270567057273
Coaching Teaching Studies,,False,0.004129277111777901
Recreation and Sport Pedagogy,"Health, Physical Education, Recreation",False,0.0017783024717354487
Industrial Management and Technology,Industrial Engineering,True,0.6096375363535629
Microbiology and Molecular Biology,Molecular Biology,True,0.9983959635994903
Microbiology and Molecular Biology,Microbiology,True,0.9983959635994903
Pharmaceutical Systems and Policy,Pharmaceutical Sciences,True,0.9543271577952647
Physiology and Pharmacology,Veterinary Medical Sciences,True,0.9989636845091159
Nursing and Public Health,Public Health,False,0.0121294712490606
Nursing and Public Health,Nursing,False,0.0121294712490606
Classical and Mediterranean Studies,Classics and Classical Languages,False,0.003380544211741856
"Plant Biology, Ecology, and Evolution",,True,0.9993605624529247
"Plant Biology, Ecology, and Evolution",Ecology,True,0.9993605624529247
Agricultural Sciences,,True,0.8813521135138693
Curriculum and Foundations,,False,0.008556061793408124
Curriculum and Foundations,Curriculum and Instruction,False,0.008556061793408124
Petroleum and Natural Gas Engineering,,True,0.9910991929789091
Energy Resources,Natural Resources,True,0.990550593438446
"Agriculture, Food and Resource Sciences",Agronomy,True,0.8634120717389207
"Agriculture, Food and Resource Sciences",Food Science,True,0.8634120717389207
Communication Disorders,Speech and Hearing Sciences,False,0.002687971203073835
Philosophy,Religious Studies,False,0.01487665176790949
Pharmceutical Sciences,Pharmaceutical Sciences,True,0.9956501055255
Clinical & Digital Health Sciences,,False,0.4244748492991427
Cell Biology and Biochemistry,Biochemistry,True,0.9990235116368632
Cell Biology and Biochemistry,Cell Biology,True,0.9990235116368632
Pharmacology & Toxicology,Pharmacology,True,0.9996328514603015
"History, Anthropology, & Philosophy",Anthropology,False,0.004733207998990424
"History, Anthropology, & Philosophy",Philosophy,False,0.004733207998990423
"History, Anthropology, & Philosophy",History,False,0.004733207998990431
Teaching and Leading,Education Administration,False,0.004067941034690105
Neurology and Neuroscience,Neuroscience,True,0.9001075030478315
"Medical Laboratory, Imaging & Radiologic Sciences",,True,0.9724201763606451
Chemistry and Biochemistry ,Chemistry,True,0.9927048896603946
Chemistry and Biochemistry ,Biochemistry,True,0.9927048896603946
Mathematics and Computer Science,,True,0.9887143476729114
"Educational Psychology, Research and Evaluation",,False,0.006373194536862629
"Educational Psychology, Research and Evaluation",Educational Psychology,False,0.006373194536862629
Media Studies,Communication,False,0.0003678409716549631
Global Leadership and Management,Management,False,0.003137696753119871
"Public Policy Administration, Program in",Public Policy,False,0.0027335493571664995
"Sociology, Gerontology, and Gender Studies",Sociology,False,0.004138924565398813
"Sociology, Gerontology, and Gender Studies",Gender Studies,False,0.004138924565398813
"Counseling, Administration, Supervision, and Adult Learning",Counselor Education,False,0.0116115393095042
"Counseling, Administration, Supervision, and Adult Learning",Education Administration,False,0.0116115393095042
Earth System Science and Policy,Environmental Sciences,True,0.7176470335817587
Marine Science,Marine Sciences,True,0.9911355479125461
Kinesiology And Public Health Education,"Exercise Science, Kinesiology, Rehab, Health",False,0.004115902563536166
Counseling Psychology and Community Services,Counselor Education,False,0.0012294047504575862
Counseling Psychology and Community Services,,False,0.0012294047504575862
Anthropology and Classical Studies,Classics and Classical Languages,False,0.005985905982106995
Anthropology and Classical Studies,Anthropology,False,0.005985905982106995
Entrepreneurship and Management,,False,0.0028913360638693772
Marketing and Hospitality,Marketing,False,0.02149639891071662
"Pharmacology, Physiology and Therapeutics",Pharmaceutical Sciences,True,0.9987426438911745
"Pharmacology, Physiology and Therapeutics",Pharmacology,True,0.9987426438911745
"Pharmacology, Physiology and Therapeutics",Physiology,True,0.9987426438911745
Information Systems and Business Communication,Information Science,True,0.5047880404977321
Space Studies,Aerospace Engineering,True,0.7833780639718362
Aviation,,False,0.6221792922671202
Psychiatry and Behavioral Science,Neuroscience,True,0.47947735921453577
Physics and Astrophysics,Physics,True,0.9887902800288805
Physics and Astrophysics,Astronomy,True,0.9887902800288805
Classics and World Religions,Religious Studies,False,0.000141096727156943
Retailing and Tourism Management,,False,0.015466688904218836
Nutrition and Hospitality Management,Nutrition Sciences,False,0.02997141618278078
Film,Art History and Criticism,False,0.01778806235676893
Dance,Art History and Criticism,False,0.06754927583038153
Environmental and Plant Biology,Environmental Sciences,True,0.9995630104614721
Environmental and Plant Biology,,True,0.9995630104614721
Leadership and Public Affairs,Public Policy,False,0.0017800665541923325
Information and Telecommunication Systems,Information Technology,True,0.5795648551654722
J. Warren McClure School of Emerging Communication Technologies,Information Technology,True,0.6297173420855164
Cellular and Molecular Biology,Molecular Biology,True,0.9994693287345718
Cellular and Molecular Biology,Cell Biology,True,0.9994693287345718
Human Development and Consumer Science,Human Development and Family Sciences,False,0.00712113726652195
Hotel and Restaurant Management,,False,0.02088613207750227
Psychology and Philosophy,Psychology,False,0.05295992204307718
Psychology and Philosophy,Philosophy,False,0.05295992204307718
Pharmaceutical Health Outcomes and Policy,Pharmaceutical Sciences,True,0.9711201634070233
Pharmacy Practice and Translation Research,Pharmaceutical Sciences,True,0.5955652119819187
Pharmacy Practice and Translation Research,Pharmacy,True,0.5955652119819187
Organizational Learning and Performance,,False,0.143304191720802
Technology Management,Information Science,True,0.39900898478154145
Technology Management,Management Information Systems,False,0.39900898478154145
Technology Management,Information Technology,True,0.39900898478154145
Life and Environmental Sciences Program,Environmental Sciences,True,0.8816451296553313
Life and Environmental Sciences Program,Evolutionary Biology,True,0.8816451296553313
Life and Environmental Sciences Program,,True,0.8816451296553313
Life and Environmental Sciences Program,Ecology,True,0.8816451296553313
Physics Program,Physics,True,0.8265706266331113
Computer Science and Engineering,Electrical Engineering,True,0.9943237632687225
BioEngineering,Agricultural Engineering,True,0.9473422394072857
Chemistry and Chemical Biology Program,Chemistry,True,0.9713234538724205
Forest and Natural Resources Management,Forestry and Forest Resources,True,0.9565485513689383
Forest and Natural Resources Management,Natural Resources,True,0.9565485513689383
Natural Sciences,Biological Sciences,True,0.8577828151798185
Music Composition,Music,False,0.0009600344083803712
Health Sciences,Public Health,False,0.1651851096504982
Speech Communication,Speech and Hearing Sciences,False,0.004307567382778374
Public and Nonprofit Administration,Public Administration,False,0.09587954929555922
"Soil, Environmental and Atmospheric Sciences",Soil Science,True,0.9964539352160899
"Soil, Environmental and Atmospheric Sciences",Environmental Sciences,True,0.9964539352160899
"Soil, Environmental and Atmospheric Sciences",Atmospheric Sciences and Meteorology,True,0.9964539352160899
English (Yc),English Language and Literature,False,0.0013339093514561594
Civil and Mechanical Engineering,Mechanical Engineering,True,0.9875080852269402
Civil and Mechanical Engineering,Civil Engineering,True,0.9875080852269402
"Entrepreneurship, Program in",,False,0.021176799743761715
Child Health,,True,0.524592215853381
Bioproducts and Biosystems Engineering,Agricultural Engineering,True,0.9949923302993786
Geography and Environmental Sciences,Environmental Sciences,True,0.3872916329683958
Geography and Environmental Sciences,Geography,False,0.3872916329683958
Nursing & Health Sciences,Nursing,False,0.0714974898511899
Health Administration,,False,0.014083090651418615
Neurobiology and Developmental Sciences,Neuroscience,True,0.6565786394659809
Human Rehabilitative Services,"Exercise Science, Kinesiology, Rehab, Health",False,5.467773983432944e-05
Health and Behavioral Sciences,"Health, Physical Education, Recreation",False,0.0885339912941014
Business Analytics,,False,0.12372098717345756
"Microbiology, Immunology and Parasitology",Microbiology,True,0.9978838850559131
"Microbiology, Immunology and Parasitology",Immunology,True,0.9978838850559131
Hayward Genetics Center,Genetics,True,0.9724573463106573
Biostatistics Unit,Biostatistics,True,0.7807094635296818
Environmental and Occupational Health Sciences Unit,Environmental Health Sciences,False,0.03803681745545771
Nursing Anesthesiology,Nursing,False,0.3185594257001319
Marine Biology and Ecology,Marine Sciences,True,0.9999001480312799
Marine Biology and Ecology,,True,0.9999001480312799
Geography,Urban and Regional Planning,False,0.04617387030806774
Marine Ecosystems and Society,Marine Sciences,True,0.9924654974457777
Marine Geosciences,Geology,True,0.9932940655584964
Marine Geosciences,,True,0.9932940655584964
Marine Geosciences,Marine Sciences,True,0.9932940655584964
Business Law,,False,0.000503952270294215
Geosciences,Environmental Sciences,True,0.86227001045436
Geosciences,,True,0.8622700215335095
"Accounting, Finance and Information Systems",Finance,False,0.09640642432461313
"Accounting, Finance and Information Systems",Information Technology,True,0.09640642432461313
"Accounting, Finance and Information Systems",Accounting,False,0.09640642432461313
Engineering Education and Leadership,,True,0.641307188862256
Anatomy and Regenerative Biology,Anatomy,True,0.9825164208337259
Educational Foundations,Education,False,0.0012942911482523856
"Industrial, Manufacturing, and Systems Engineering",Systems Engineering,True,0.9837457243828478
"Industrial, Manufacturing, and Systems Engineering",Industrial Engineering,True,0.9837457243828478
"Public Administration, Program in",Public Administration,False,0.005146447638136839
Educational Curriculum and Instruction,,False,0.0025753432993846567
Educational Curriculum and Instruction,Education,False,0.0025753432993846567
Educational Curriculum and Instruction,Special Education,False,0.0025753432993846567
Educational Curriculum and Instruction,Curriculum and Instruction,False,0.0025753432993846567
Music Studies,Music,False,0.0030251204925346603
Nutritional Sciences,,True,0.2985636109151056
Sociobehavioral and Administrative Pharmacy,Pharmacy,True,0.8845813634755715
Human Communication Studies,Communication,False,0.0004888345661192593
Financial Economics and Institutions,,False,0.007060502129870384
Bioinformatics and Genomics,,True,0.9759892500893296
Landscape Architecture and Horticulture,Horticulture,True,0.6909891212192976
Fibers,,False,0.3909233849896107
Asian & Middle Eastern Languages & Studies,,False,0.0006326870361384417
"French, German, Italian and Slavic Languages, Dept of",Slavic Languages and Literatures,False,0.014397235761841598
"French, German, Italian and Slavic Languages, Dept of",French Language and Literature,False,0.014397198999054084
"French, German, Italian and Slavic Languages, Dept of",,False,0.014397198999054084
Art & Art History,Art History and Criticism,False,0.0006329401990631154
Legal Studies in Business,Criminal Justice and Criminology,False,0.023130097279238603
Dental Public Health Sciences,Public Health,False,0.22318057692216894
Greek and Roman Classics,Classics and Classical Languages,False,0.005148641065131891
Pharmaceutics and Medicinal Chemistry,Pharmaceutical Sciences,True,0.999401176943338
"Critical Culture, Gender, and Race Studies",Gender Studies,False,0.00011099249826820078
Jewish Thought,Religious Studies,False,0.0007859502888371516
Psychology and Sociology,Sociology,False,0.021127201105977444
Psychology and Sociology,Psychology,False,0.021127201105977444
Microbiology - Roswell Park Cancer Institute,Microbiology,True,0.9898274327907141
Biotechnical and Clinical Laboratory Sciences,,True,0.9585770879955815
Natural Sciences - Roswell Park Cancer Institute,,True,0.9161998365567683
Biostatistics and Bioinformatics - Roswell Park Cancer Institute,,True,0.9639660251124909
Biostatistics and Bioinformatics - Roswell Park Cancer Institute,Biostatistics,True,0.9639660251124909
Communicative Disorders and Sciences,Communication Disorders and Sciences,False,0.24413398001649736
Communicative Disorders and Sciences,Speech and Hearing Sciences,False,0.24413398001649736
Linguistics and English Language,English Language and Literature,False,0.01563068658368945
Linguistics and English Language,Linguistics,False,0.01563068658368945
"Arts, Sciences and Business",,False,0.056869893112969735
Cell Biology and Biophysics,Cell Biology,True,0.9986796537673743
Cell Biology and Biophysics,Biophysics,True,0.9986796537673743
Architectural Engineering and Construction Science,Architecture,False,0.4163374074281669
"Horticulture, Forestry and Recreation Resources",Horticulture,True,0.9853864216362066
"Horticulture, Forestry and Recreation Resources",Forestry and Forest Resources,True,0.9853864216362066
Leading People and Organizations Area,,False,0.012990409174862314
"Special Education, Counseling and Student Affairs",Special Education,False,0.0006876130491704424
"Special Education, Counseling and Student Affairs",Counselor Education,False,0.0006876130491704424
"Gender, Women, and Sexuality Studies Department",Gender Studies,False,0.0008287433633790257
General Medical Sciences - Proteomics and Bioinformatics,,True,0.9967833802199249
Genetics and Genome Sciences,Genetics,True,0.965588453151577
General Medical Sciences - Clinical Investigation,,True,0.853099448474258
General Medical Sciences - Global Health and Disease,,True,0.6830238292023129
"General Medical Sciences - Medical Education, Center for",,True,0.8638088097890433
"Earth, Environmental and Planetary Sciences",Geology,True,0.971494326019901
Public Policy Leadership,Public Policy,False,0.0022714102478527515
"Hearing, Speech and Language Sciences",Speech and Hearing Sciences,False,0.014934413262363864
Pharmacy Administration,Pharmacy,True,0.8679645154867298
Counselor Education,,False,0.0003284332373431246
Accounting,Finance,False,0.003145972776140332
Environmental Resources and Forest Engineering,Natural Resources,True,0.9970159384078565
Environmental Resources and Forest Engineering,Forestry and Forest Resources,True,0.9970159384078565
Hospitality & Resort Management,,False,0.014586752754361424
Clinical and Administrative Sciences,Pharmacy,True,0.6679334893997207
Defense Analysis,International Affairs,False,0.08511808726471706
Semitic and Egyptian Languages and Literatures,Near and Middle Eastern Languages and Cultures,False,0.010144427417314188
Media and Communication Studies,Communication,False,0.001750899745685753
Architecture and Planning,,False,0.000761760563840436
Germanic and Slavic Studies,Germanic Languages and Literatures,False,0.009798391251153995
Germanic and Slavic Studies,Slavic Languages and Literatures,False,0.009798391251153995
Clinical Laboratory Sciences,,True,0.8562037726640124
Women's and Gender Studies Program,Gender Studies,False,0.0005995983021411409
Teacher Education and Curriculum Studies,,False,0.007380994533581037
Biomedical and Health Informatics,,True,0.9063076241094035
Cell and Molecular Biology and Biochemistry,Molecular Biology,True,0.9991808153298034
Cell and Molecular Biology and Biochemistry,Biochemistry,True,0.9991808153298034
"Genetics, Developmental and Evolutionary Biology",Biophysics,True,0.94656661719143
"Genetics, Developmental and Evolutionary Biology",Cell Biology,True,0.94656661719143
Finance,Management Information Systems,False,0.005709567160922199
Urban Planning and Environmental Policy,Urban and Regional Planning,False,0.01082914717614813
"English, Speech and Foreign Languages",English Language and Literature,False,0.011817212303928789
"English, Speech and Foreign Languages",,False,0.011817212303928789
Chemistry and Biomolecular Science,Biochemistry,True,0.9953805900721877
Chemistry and Biomolecular Science,Chemistry,True,0.9953805900721877
Curricular and Instructional Studies,Curriculum and Instruction,False,0.009385088122248083
Literacy Studies,,False,0.14994116026305265
"Nursing, Mennonite College of",Nursing,False,0.07558472752826953
Mathematical and Computer Sciences,Computer Science,True,0.9846388081032874
Mathematical and Computer Sciences,Mathematics,True,0.9846388081032874
Nematology,Entomology,True,0.991543114637768
School Psychology and Counselor Education,Counselor Education,False,0.0011777615758877752
School Psychology and Counselor Education,,False,0.0011777615758877752
"Agricultural Education, Communications and Technology",,True,0.47427837888389196
Education Leadership Management and Policy,Education Administration,False,0.01306678571568927
"Engineering Management, Program in",,True,0.8706780553653249
"Sociology, Anthropology and Criminal Justice",Sociology,False,0.020697644766991277
"Sociology, Anthropology and Criminal Justice",Criminal Justice and Criminology,False,0.020697644766991277
"Sociology, Anthropology and Criminal Justice",Anthropology,False,0.020697644766991277
Athletic Training,"Exercise Science, Kinesiology, Rehab, Health",False,0.021992113949604576
"Interprofessional Health Sciences and Health Administration ,Department of",,False,0.18588332407775093
Criminology and Justice Studies,Criminal Justice and Criminology,False,0.10214320065118447
Public Administration and Urban Studies,Urban and Regional Planning,False,0.001933860129263654
Public Administration and Urban Studies,Public Administration,False,0.001933860129263654
Speech-Language Pathology and Audiology,Speech and Hearing Sciences,False,0.1675833573865752
Modern and Classical Language Studies,Classics and Classical Languages,False,0.006666085933697175
Teacher and Bilingual Education,,False,0.026256372342602224
"Design, Housing and Merchandising",,False,0.0014396210947227204
General Engineering,,True,0.9523355679011696
"Hotel, Restaurant, and Tourism Administration, Lester E. Kabacoff School of",,False,0.05234630998302543
Oral Medicine and Diagnostic Sciences,,True,0.924528174686866
Latin American and Latino Studies Program,Spanish Language and Literature,False,0.0030877896717470864
"Cancer Research, Ben May Department for",,True,0.8796733636681354
Transportation Studies Program,Public Policy,False,0.08838899714850568
Clinical Health Sciences,,False,0.5015450568272827
Classics and Mediterranean Studies,Classics and Classical Languages,False,0.0015697607294256125
Asian and African Languages,Asian Languages,False,9.797343659665348e-05
Gerontology,,False,0.17633864879374508
George W. Truett Seminary,Theological Studies,False,0.05246126221769924
"Journalism, Public Relations, and New Media",Mass Communications and Media Studies,False,0.0009962699372096494
Biomolecular Engineering,,True,0.997089600337068
Biomolecular Engineering,Biomedical Engineering,True,0.997089600337068
Microbiology and Environmental Toxicology,,True,0.9929574439957388
Microbiology and Environmental Toxicology,Microbiology,True,0.9929574439957388
Cell Biology and Genetics,Cell Biology,True,0.998731222121114
Cell Biology and Genetics,Genetics,True,0.998731222121114
"Microbiology,Immunology and Genetics",Microbiology,True,0.9924587239453316
Forensic Science,Criminal Justice and Criminology,False,0.2524624994891953
Physician Assistant Studies,,False,0.1027985553690467
"Business, Foisie School of",Business Administration,False,0.03491771873907753
Applied Science,Materials Engineering,True,0.6178909738681966
Applied Science,Neuroscience,True,0.6178909738681966
Biology and Marine Biology,Biological Sciences,True,0.9982285905480257
Biology and Marine Biology,Marine Sciences,True,0.9982285905480257
Anthropology Department,Anthropology,False,0.05600382121281389
Aquatic Health Sciences,Environmental Sciences,True,0.6132669239488223
Aquatic Health Sciences,Animal Sciences,True,0.6132669239488223
Fisheries Science,,True,0.9971691693483932
"History, Philosophy and Religious Studies",History,False,0.00037820361237846133
"History, Philosophy and Religious Studies",Religious Studies,False,0.00037820361237846133
"History, Philosophy and Religious Studies",Philosophy,False,0.00037820361237846133
"Transportation, Logistics and Finance",Finance,False,0.11933505017999804
Public Health,"Exercise Science, Kinesiology, Rehab, Health",False,0.020386606361277853
"Apparel, Design, and Hospitality Management",,False,0.005658914945067679
"Economic Development, Tourism and Sport Management",,False,0.02631786185458653
"Management, Marketing and Information Systems",Management,False,0.13633742570179003
"Management, Marketing and Information Systems",Information Technology,True,0.13633742570179003
"Management, Marketing and Information Systems",Marketing,False,0.13633742570179003
Natural Resource Sciences,Natural Resources,True,0.9799245131613251
Rangeland Ecology and Management,Environmental Sciences,True,0.6938616815696195
Rangeland Ecology and Management,Natural Resources,True,0.6938616815696195
Rangeland Ecology and Management,Ecology,True,0.6938616815696195
Coatings and Polymeric Materials,Materials Engineering,True,0.9772726470706298
River-Coastal Science and Engineering,,True,0.9825136883924905
Economics and Decision Sciences,Management Information Systems,False,0.02931536687421199
Economics and Decision Sciences,Finance,False,0.02931536687421199
Economics and Decision Sciences,Economics,False,0.02931536687421199
"Sociology, Anthropology, and Child and Family Studies",Sociology,False,0.0033914947845361406
"Sociology, Anthropology, and Child and Family Studies",Anthropology,False,0.0033914947845361406
Corporate Communication and Public Affairs,Public Administration,False,0.01752058850864536
Allied Health,Nutrition Sciences,False,0.0460765163363641
Health Science,Public Health,False,0.16246757190126507
Health Science,Epidemiology,True,0.16246757190126507
Operations and Logistics,Operations Research,True,0.8554575605254072
"Educational Technology, Research and Assessment",,False,0.1360606917214206
"Educational Technology, Research and Assessment",Curriculum and Instruction,False,0.1360606917214206
Biology and Biotechnology,Biological Sciences,True,0.970943792651522
Literature and Languages,English Language and Literature,False,0.014420547419071972
Art and Design-Interior Design,,False,0.004511549854230222
"Electrical and Computer Engineering,  Department of",Computer Engineering,True,0.9912727105182935
"Electrical and Computer Engineering,  Department of",Electrical Engineering,True,0.9912727105182935
"Political Science, International Development and International Affairs",International Affairs,False,0.005625302488743866
"Political Science, International Development and International Affairs",Political Science,False,0.005625302488743866
"Political Science, International Development and International Affairs",Economics,False,0.005625302488743866
Public Policy Studies,Public Policy,False,0.003648020527364553
Molecular Microbiology and Immunology,Molecular Biology,True,0.9994285149772795
Operations and Information Technology Management,Information Technology,True,0.7779779218709143
Public Health and Recreation Professions,Public Health,False,0.0031589576555547103
Education Reform,,False,0.0011453798482091832
Counselor Education and Human Services,Human Development and Family Sciences,False,0.00019124316049216216
Counselor Education and Human Services,Counselor Education,False,0.00019124316049216216
Health Informatics and Information Management,Information Science,True,0.2671099400688018
"Languages, Literatures and Cultures",Classics and Classical Languages,False,0.004921553663085568
Decision Sciences and Information Technology Management,Information Technology,True,0.5179148484379373
Educational Leadership Studies,Education Administration,False,0.00728986603432992
Educational Leadership,,False,0.015569534534298397
Human Performance and Leisure Sciences,"Health, Physical Education, Recreation",False,0.04156839212303905
"Earth, Environment, and Society",Environmental Sciences,True,0.7081839909775864
"Earth, Environment, and Society",Geology,True,0.7081839909775864
"Earth, Environment, and Society",Geography,False,0.7081839909775864
Philosophy and Religion Studies,Religious Studies,False,0.0020032481494697907
Philosophy and Religion Studies,Philosophy,False,0.0020032481494697907
Composition Studies,Music,False,0.019861027002303907
Teacher and Counselor Education,Counselor Education,False,0.0005510655783663308
Business Information Systems and Operations Management,Management Information Systems,False,0.16144732429939027
Operations and Supply Chain Management,,False,0.16449997533759947
Engineering and Science Technology,,True,0.9211744503667324
Educational Foundation and Leadership,,False,0.006259213994625498
Educational Foundation and Leadership,Education Administration,False,0.006259213994625498
Theoretical and Applied Mathematics,,True,0.9475192418673531
Associate Studies,,False,0.030808851821600185
Public Service Technology,Public Policy,False,0.08364087080554958
Public Service Technology,Public Administration,False,0.08364087080554958
Sport Science and Wellness Education,"Health, Physical Education, Recreation",False,0.009726636622163344
Sport Science and Wellness Education,"Exercise Science, Kinesiology, Rehab, Health",False,0.009726636622163344
Marketing and Fashion Merchandising,Marketing,False,0.001019978680375495
Human Services,Criminal Justice and Criminology,False,0.0009431096318198208
Human Services,Social Work,False,0.0009431096318198208
"Special Education and Communication Disorders, Department of  ",Special Education,False,0.004951006760736255
"Special Education and Communication Disorders, Department of  ",Communication Disorders and Sciences,False,0.004951006760736255
Geography and Geology,Geology,True,0.4609597896401848
Geography and Geology,Geography,False,0.4609597896401848
"Finance, Banking and Real Estate",Finance,False,0.013479738430500371
"Foreign Languages and Literature, Department of  ",,False,0.24309121846202575
"Global Studies, Institute for",International Affairs,False,0.18122261089363603
Chicano and Latino Studies,,False,0.0003925467099455449
Biology Teaching and Learning,,True,0.7076413003804756
Postsecondary Learning and Teaching,,False,0.003256936153791573
"Agricultural Education, Communication and Marketing Division",,True,0.56293829235218
Astrophysics,Astronomy,True,0.962336324232459
"Design, Housing and Apparel",,False,0.00018509735649527742
Asian Language and Literature,Asian Studies,False,2.5081299646593866e-05
Asian Language and Literature,Asian Languages,False,2.5081299646593866e-05
"German, Scandinavian and Dutch",Germanic Languages and Literatures,False,0.0036466405895870116
"Advanced Studies, Leadership and Policy",Education Administration,False,0.022718698599271628
Mining and Mineral Resources Engineering,,True,0.9822353629940477
Geological Sciences and Engineering,Geology,True,0.9238455340762866
Geological Sciences and Engineering,,True,0.9238455340762863
"Curriculum, Teaching and Learning",Curriculum and Instruction,False,0.006978707483760236
Collaborative Nursing Care,Nursing,False,0.01710655978270053
Animal and Veterinary Science,Animal Sciences,True,0.9870127407474403
Animal and Veterinary Science,Food Science,True,0.9870127407474403
Animal and Veterinary Science,Veterinary Medical Sciences,True,0.9870127407474403
Leadership Studies,Education Administration,False,0.00690197714424159
Integrated Strategic Communication,Communication,False,0.007114511966843614
Preventive Medicine and Environmental Health,Environmental Health Sciences,False,0.2436960748266043
Preventive Medicine and Environmental Health,"Exercise Science, Kinesiology, Rehab, Health",False,0.2436960748266043
Diplomacy and International Commerce,International Affairs,False,0.046121829453684024
Nutrition and Metabolism,Nutrition Sciences,False,0.23572484638598912
Consciousness and Transformation,Philosophy,False,0.14150097558751837
Gerontology,Public Health,False,0.17633864879374508
Rehabilitation Studies,"Exercise Science, Kinesiology, Rehab, Health",False,0.007969565930690144
Counseling and Special Education,Counselor Education,False,0.00045065330677282564
Counseling and Special Education,Special Education,False,0.00045065330677282564
Oral Health Science,,True,0.7564908928170778
Integrated Medical Science,,True,0.7269250055595852
Information Technology and Operations Management,Information Technology,True,0.7034319086831463
Exceptional Student Education,Special Education,False,0.0322159316040931
Asian and Middle Eastern Languages and Literatures,Near and Middle Eastern Languages and Cultures,False,0.00017730628978212415
Asian and Middle Eastern Languages and Literatures,Asian Languages,False,0.00017730628978212415
Asian and Middle Eastern Languages and Literatures,Asian Studies,False,0.00017730628978212415
Defense Resources Management Institute (DRMI),International Affairs,False,0.32627876376106263
"Environmental Science, Program of",Environmental Sciences,True,0.9276109984121479
"New Media Communications, Program in",Mass Communications and Media Studies,False,0.012548316554016083
Pacific and Asian Studies,Asian Studies,False,0.000245631064721438
Economic Development and Tourism,Management,False,0.025354468152033495
"Human Nutrition, Food and Animal Sciences",Food Science,True,0.6748002187707038
"Human Nutrition, Food and Animal Sciences",Nutrition Sciences,False,0.6748002187707038
"Human Nutrition, Food and Animal Sciences",Animal Sciences,True,0.6748002187707038
Complementary and Alternative Medicine,,True,0.5929369472267703
Curriculum Studies,Curriculum and Instruction,False,0.08183684355850397
"Anatomy, Biochemistry, Physiology and Reproductive Biology",Physiology,True,0.9729541915918356
"Anatomy, Biochemistry, Physiology and Reproductive Biology",Anatomy,True,0.9729541915918356
"Anatomy, Biochemistry, Physiology and Reproductive Biology",Biochemistry,True,0.9729541915918356
Native Hawaiian Health,"Exercise Science, Kinesiology, Rehab, Health",False,0.0029624124092572624
Native Hawaiian Health,Public Health,False,0.0029624124092572624
Indo-Pacific Languages and Literatures,,False,0.00021853497768420044
Learning Design and Technology,Education,False,0.37356754069148457
Plant and Environmental Protection Sciences,Plant Sciences,True,0.993872642975505
Plant and Environmental Protection Sciences,Environmental Sciences,True,0.993872642975505
Languages and Literatures of Europe and the Americas,,False,0.0014447612144698624
Languages and Literatures of Europe and the Americas - Classics,Classics and Classical Languages,False,0.006173540877165335
Languages and Literatures of Europe and the Americas - German,Germanic Languages and Literatures,False,0.0010185573287265733
Languages and Literatures of Europe and the Americas - Russian,Slavic Languages and Literatures,False,0.002589352761889714
Languages and Literatures of Europe and the Americas - French,French Language and Literature,False,0.0007684001991628035
Languages and Literatures of Europe and the Americas - Spanish,Spanish Language and Literature,False,0.004795766661568586
Public Administration Program,Public Policy,False,0.006408750710057504
Engineering Systems,,True,0.978288725971743
Education and Interdisciplinary Studies,,False,0.011893872994436958
Marine and Environmental Systems,Environmental Sciences,True,0.993573089105201
Marine and Environmental Systems,Marine Sciences,True,0.993573089105201
Marine and Environmental Systems,,True,0.993573089105201
"Human-Centered Design, Innovation and Art",,False,0.020974301227105856
Communication Studies and Theatre,Communication,False,0.0013566640470617823
"Horticulture, Forestry, Landscape and Parks",Forestry and Forest Resources,True,0.9812737984887487
"Horticulture, Forestry, Landscape and Parks",Horticulture,True,0.9812737984887487
Arts and Sciences and Mass Communications,Mass Communications and Media Studies,False,0.028463905484977837
"History, Political Science, Philosophy & Religion",Philosophy,False,0.0013739619155561313
"History, Political Science, Philosophy & Religion",Religious Studies,False,0.0013739619155561313
"History, Political Science, Philosophy & Religion",Political Science,False,0.0013739619155561313
"History, Political Science, Philosophy & Religion",History,False,0.0013739619155561313
Modern Languages and Global Studies,,False,0.0023548984472986983
Construction and Operations Management,,True,0.8503794096020485
Electro-Optics and Photonics,,True,0.9776037116584867
Engineering Management and Systems,,True,0.8676801313440434
Cell Physiology and Molecular Biophysics,Physiology,True,0.9996618059508012
Cell Physiology and Molecular Biophysics,Biophysics,True,0.9996618059508012
Petroleum Engineering Department,,True,0.9988836453102256
Computer Science and Statistics,Computer Science,True,0.9960138065762416
Computer Science and Statistics,Statistics,True,0.9960138083614808
Molecular Biophysics and Physiology,Biophysics,True,0.9992665793386213
Molecular Biophysics and Physiology,Physiology,True,0.9992665793386213
Basic Biomedical Sciences,,True,0.9188633358861578
Information Systems/Operations Management,Information Technology,True,0.6638889995268035
Modern Languages and Literatures ,,False,0.0034223858827440667
Pastoral Studies,Theological Studies,False,0.0262103210179079
"Physics and Engineering Physics, Department of ",Physics,True,0.9506775224101286
"Romance, German and Slavic Languages and Literatures",Germanic Languages and Literatures,False,0.00042265382541802223
"Romance, German and Slavic Languages and Literatures",Slavic Languages and Literatures,False,0.00042265382541802223
Strategy and Statistics Area,Statistics,True,0.5584910196966242
Earth and Climate Sciences,Geology,True,0.950273447225849
Public Policy and Administration,Public Health,False,0.00606281252603017
Social Sciences,Anthropology,False,0.06458040169989147
Social Sciences,Public Administration,False,0.06458040169989147
Social Sciences,Criminal Justice and Criminology,False,0.06458040169989152
Social Sciences,Geography,False,0.06458040169989152
Social Sciences,Sociology,False,0.06458040169989149
Social Sciences,Economics,False,0.06458040169989147
Business & Legal Studies,,False,0.013809667672869527
"Linguistics, Interdisciplinary Program in",Linguistics,False,0.054563392241042265
Marketing Area,Marketing,False,0.0017969143257764602
Jewish Studies,,False,0.000857367119763586
Structural and Cellular Biology,Cell Biology,True,0.9955934398430857
Structural and Cellular Biology,,True,0.9955934398430857
Kinesiology and Dance ,"Health, Physical Education, Recreation",False,0.021934911825843416
Kinesiology and Dance ,"Exercise Science, Kinesiology, Rehab, Health",False,0.021934911825843416
Engineering Technology and Surveying Engineering,,True,0.9337027655614628
Health Education and Recreation,"Health, Physical Education, Recreation",False,0.001155755803907911
Interdisciplinary Studies,Gender Studies,False,0.057062175372881684
"Economics, Applied Statistics and International Business",Statistics,True,0.0760744606466937
"Economics, Applied Statistics and International Business",Economics,False,0.0760744606466937
"Human Movement, Sport and Leisure Studies","Exercise Science, Kinesiology, Rehab, Health",False,0.009454225275411638
Allied Health Professions,,False,0.04777520519209695
Technology,Industrial Engineering,True,0.6598745753806581
Technology,Electrical Engineering,True,0.6598745753806581
History and Political Science,History,False,0.0017765711542309665
History and Political Science,Political Science,False,0.0017765711542309665
"Arts, Languages and Philosophy",Philosophy,False,0.004634399716447567
"Arts, Languages and Philosophy",Communication,False,0.004634399716447567
English and Technical Communication,Communication,False,0.13698064414135974
English and Technical Communication,English Language and Literature,False,0.13698064414135974
Politics and Government,Political Science,False,0.013369269259537122
Botany Department (Rancho Santa Ana Botanic Garden),,True,0.7661755711241213
Exercise & Sport Studies,"Exercise Science, Kinesiology, Rehab, Health",False,0.02144899035424539
Community and Preventive Medicine,Public Health,False,0.6786811093259378
Community and Preventive Medicine,Epidemiology,True,0.6786811093259378
Developmental and Molecular Biology,,True,0.9858908512183613
Developmental and Molecular Biology,Molecular Biology,True,0.9858908512183613
"Biology, Geology, Environmental Science",Environmental Sciences,True,0.9611735218080912
"Biology, Geology, Environmental Science",Biological Sciences,True,0.9611735218080912
"Biology, Geology, Environmental Science",Geology,True,0.9611735218080912
Public Health and Community Service,Public Health,False,0.05152915309894492
"Developmental, Molecular and Chemical Biology",,True,0.9929970454137921
"Developmental, Molecular and Chemical Biology",Molecular Biology,True,0.9929970454137921
Diagnostic Sciences,,True,0.8937596034486417
Biochemical and Molecular Nutrition,Molecular Biology,True,0.9499553973660075
Biochemical and Molecular Nutrition,Biophysics,True,0.9499553973660075
Biochemical and Molecular Nutrition,Biochemistry,True,0.9499553973660075
Molecular Physiology and Pharmacology,Pharmacology,True,0.9998337471822648
Molecular Physiology and Pharmacology,Physiology,True,0.9998337471822648
Anatomy and Cellular Biology,Cell Biology,True,0.9952568151749718
Anatomy and Cellular Biology,Anatomy,True,0.9952568151749718
"Studies in Race, Colonialism and Diaspora",,False,0.0019590662009914004
Physics Department,Physics,True,0.9300271330639912
Molecular Pharmacology,,True,0.999949244429246
Divinity - Religion and Literature,Theological Studies,False,0.0009272599371425445
Divinity - Islamic Studies,Theological Studies,False,0.005091368170633278
Divinity - History of Religions,Theological Studies,False,0.0012765905261465655
Divinity - History of Judaism,Theological Studies,False,0.0017962325943884651
Pharmacological and Physiological Sciences,Pharmacology,True,0.9931899529125424
Pharmacological and Physiological Sciences,Physiology,True,0.9931899529125424
Pharmacological and Physiological Sciences,Neuroscience,True,0.9931899529125424
New Testament and Early Christian Literature,Religious Studies,False,0.0001477973640333438
New Testament and Early Christian Literature,Theological Studies,False,0.0001477973640333438
Rheumatology and Immunology,Immunology,True,0.9521744043457895
"Microbiology, Biochemistry and Immunology",Biochemistry,True,0.9935109401735673
"Microbiology, Biochemistry and Immunology",Immunology,True,0.9935109401735673
"Microbiology, Biochemistry and Immunology",Microbiology,True,0.9935109401735673
Chemical and Natural Gas Engineering,Chemical Engineering,True,0.9891312793494119
Accounting and Computer Information Systems,Accounting,False,0.2928061561482075
Computer Information and Decision Management,,True,0.8563153152578844
Business and Engineering,Business Administration,False,0.21877079682729733
Communications and Theatre Arts,Communication,False,0.00532033210132545
"History, Political Science, and Philosophy",History,False,0.0030119477467372225
"History, Political Science, and Philosophy",Political Science,False,0.0030119477467372225
"History, Political Science, and Philosophy",Philosophy,False,0.0030119477467372225
Physics and Geosciences,Physics,True,0.9593485712976356
Physics and Geosciences,Geology,True,0.9593485712976356
Medieval Studies,,False,0.03733944836936988
Latin American and Iberian Studies,,False,0.008495384982834926
Irish and Celtic Studies,,False,0.002567087900727976
Victorian Studies,History,False,0.0023485144862867057
Film and Electronic Arts,Mass Communications and Media Studies,False,0.035784413997913433
"Written Arts, Program in",Comparative Literature,False,0.0018786909152967088
"Written Arts, Program in",,False,0.0018786909152967088
"Science, Technology and Society",History,False,0.14706117952632036
Global and International Studies,Public Health,False,0.004433142211578857
Historical Studies,History,False,0.00293964055087978
Environmental and Urban Studies,Urban and Regional Planning,False,0.09609572428186622
Environmental and Urban Studies,Environmental Engineering,True,0.09609572428186622
Environmental and Urban Studies,Environmental Sciences,True,0.09609572428186622
Political Studies,Political Science,False,0.0017852897865523124
Social Policy,Public Administration,False,0.0032511047080770418
Social Policy,Public Policy,False,0.0032511047080770418
Biophysics,,True,0.9688455530302409
Neurological Sciences,Neuroscience,True,0.9008882802935286
"Educational Leadership, Foundations and Counseling",Education Administration,False,0.004044009102390897
Literature and Languages,,False,0.014420547419071972
Physical Sciences,Geology,True,0.898495269323511
Doctoral Higher Education,,False,0.07134654419291706
Earth and Biological Sciences,Geology,True,0.9676771668245306
Earth and Biological Sciences,Biological Sciences,True,0.9676771668245306
Social Work and Social Ecology,Social Work,False,0.027505238268236754
Informatics,,True,0.9309853791724152
Information Security and Digital Forensics,,False,0.3512925342022266
Literacy Teaching and Learning,,False,0.06594944610055388
Human Science,,False,0.05064175473818616
"Ecology, Spirituality, and Religion, Program in",Religious Studies,False,0.03026876011654599
"East West Psychology, Program in",,False,0.011704012791190743
"Women's Spirituality, Program in",Gender Studies,False,6.465909320544177e-05
Anthropology and Social Change,Anthropology,False,0.013754966976360356
Rehabilitation Services,"Exercise Science, Kinesiology, Rehab, Health",False,0.0001226184108250259
"Business, Management and Accounting",Business Administration,False,0.0024089676543208364
"Business, Management and Accounting",Management,False,0.0024089676543208364
"Business, Management and Accounting",Accounting,False,0.0024089676543208364
"German, Russian, and Asian Languages and Literature",Germanic Languages and Literatures,False,0.0005852183194215779
"German, Russian, and Asian Languages and Literature",Asian Languages,False,0.0005852183194215779
"German, Russian, and Asian Languages and Literature",Slavic Languages and Literatures,False,0.0005852183194215779
American Studies Program,,False,0.0008810413362296571
"Neuroscience, Program In",Neuroscience,True,0.8815625532742818
"Language and Linguistics, Program In",Linguistics,False,0.027903893314692153
Rangeland Ecology,Environmental Sciences,True,0.6965307230329497
Rangeland Ecology,Ecology,True,0.6965307230329497
Bioregional Planning & Community Design Program,,False,0.014709574643869988
Politics and Philosophy,Philosophy,False,0.0027810868516125664
Nuclear Engineering & Industrial Management,,True,0.9934122270645563
Interior Design Program,,False,0.0195846517745876
Adult Career and Technology Education,,False,0.01829264011269218
"Family and Consumer Sciences, Margaret Ritchie School of",,False,0.06761316281635414
Movement Sciences,"Health, Physical Education, Recreation",False,0.34708645210517497
Fish and Wildlife Resources,,True,0.9944278133453833
Fisheries and Ocean Sciences,,True,0.9994074736915474
Agricultural Education and 4-H Youth Development,,False,0.2633850808309842
Psychology and Communication,Communication,False,0.004206350045122804
Psychology and Communication,Psychology,False,0.004206350045122804
Psychology and Communication Studies,Psychology,False,0.0035438214184577606
Psychology and Communication Studies,Communication,False,0.0035438214184577606
Journalism and Mass Media,Mass Communications and Media Studies,False,0.0006681383298790986
Virtual Technology and Design,,True,0.7088597218213953
Medical Laboratory and Radiation Sciences,,True,0.920089205997147
Communication Sciences,Communication Disorders and Sciences,False,0.10097670355252478
Romance Languages and Linguistics,Spanish Language and Literature,False,0.00021645385603984556
Romance Languages and Linguistics,French Language and Literature,False,0.00021645385603984556
Romance Languages and Linguistics,Linguistics,False,0.00021645385603984556
Romance Languages and Linguistics,,False,0.00021645385603984556
Asian Languages and Literatures,Asian Languages,False,0.0001545732827888812
Asian Languages and Literatures,Asian Studies,False,0.0001545732827888812
Family Therapy,,False,0.002331670087753277
Engineering and Technology Management,,True,0.8499895218785241
Forestry and Agriculture,Forestry and Forest Resources,True,0.9562235615576655
Health Policy and Administration,,False,0.016354070316287467
Systems Leadership and Health Outcomes,Nursing,False,0.04888996499816324
Political Science and Sociology,Sociology,False,0.005766321893103498
Political Science and Sociology,Political Science,False,0.005766321893103498
Foreign Languages & Literatures,,False,0.007467487253323373
Marketing & Supply Chain Management,Marketing,False,0.011289472339700735
Anatomy and Structural Biology,Anatomy,True,0.9398027770552453
Anatomy and Structural Biology,,True,0.9398027770552453
"Modeling, Simulation and Visualization Engineering",,True,0.9752003066165967
School Counseling,Counselor Education,False,0.0006766979797374681
Communication Disorders and Special Education,Communication Disorders and Sciences,False,0.003753740515758247
Communication Disorders and Special Education,Special Education,False,0.003753740515758247
"Eastern, Slavic, and German Studies",Germanic Languages and Literatures,False,0.005438354596050779
Slavic and Eastern Languages and Literatures,Slavic Languages and Literatures,False,0.009493293461339123
Theology and Philosophy,Theological Studies,False,0.002467171175095993
Theology and Philosophy,Philosophy,False,0.002467171175095993
Information Systems,Information Science,True,0.7625497787751303
Geographic Information Science,Geography,False,0.12335023161314809
Geographic Information Science,Information Science,True,0.12335023161314809
Mechanical Engineering and Engineering Technology,Mechanical Engineering,True,0.979010767380788
Special Services,Special Education,False,0.013302187951306449
Special Services,,False,0.013302187951306449
Leadership and Advanced Nursing Practice,Nursing,False,0.00687470576298983
Advanced Practice,Nursing,False,0.07466474553571426
Nutrition and Food Systems,Nutrition Sciences,False,0.09189890071500983
Nutrition and Food Systems,Food Science,True,0.09189890071500983
Human Capital Development,Human Development and Family Sciences,False,0.006165038368376412
Medical Laboratory Science,,True,0.8565704255485376
Economic and Workforce Development,,False,0.01872497829237072
Anthropology and Sociology,Sociology,False,0.0033166146196284816
Anthropology and Sociology,Anthropology,False,0.0033166146196284816
Engineering Technologies,,True,0.9797011803958091
Visual Communication and Technology Education,,True,0.5103040935837712
Justice Studies,Criminal Justice and Criminology,False,0.009418617381786851
Mining Engineering and Management,,True,0.961150312866286
Computational Science and Engineering,,True,0.991951318104576
Special and Early Education,,False,0.004990621196904219
Special and Early Education,Special Education,False,0.004990621196904219
Public and Allied Health,Public Health,False,0.05196670242592596
Public and Allied Health,Food Science,True,0.05196670242592596
Public and Allied Health,Nutrition Sciences,False,0.05196670242592596
"Family, Consumer and Nutrition Sciences",Nutrition Sciences,False,0.19997780259112868
Operations Management and Information Systems,Operations Research,True,0.4933125612148629
Operations Management and Information Systems,Management Information Systems,False,0.4933125612148629
"Educational Foundations, Leadership and Policy",,False,0.009311660671882684
"Educational Foundations, Leadership and Policy",Education Administration,False,0.009311660671882684
Architecture and Environmental Design,Architecture,False,0.01080266382862099
"Public Policy, Carsey School of",Public Policy,False,0.03413043841584602
Marine Science and Ocean Engineering,Marine Sciences,True,0.9927254189296632
Marine Science and Ocean Engineering,,True,0.9927254189296632
"Classics, Humanities, and Italian Studies",Classics and Classical Languages,False,0.002294818289346901
Communication,,False,0.006428409487381453
Materials Science Program,Materials Engineering,True,0.9383659561731363
"Curriculum, Instruction, and Leadership",Curriculum and Instruction,False,0.00859818584953513
Literature and Language,English Language and Literature,False,0.00217039326133319
Health Studies,,False,0.04801622472375977
Social Sciences,History,False,0.06458040169989147
"Nursing, Kitty DeGree School of",Nursing,False,0.02321059293017624
Professional Aviation,Aerospace Engineering,True,0.7667505960346644
Engineering and Textiles,,True,0.8775211144188706
"Molecular, Cell and Cancer Biology",,True,0.9999086611648144
Library Science and Instructional Technology,Information Science,True,0.6896287524854238
Business and Information Technologies Education,,False,0.14517171021097833
Undergraduate Nursing Science - Senior,Nursing,False,0.19991113522771864
Undergraduate Nursing Science - Junior,Nursing,False,0.07082506130837407
Elementary Education and Middle Grades Education,,False,0.037464884932543435
Interior Design and Merchandising,,False,0.01378927380484882
Health Services and Information Management,,False,0.10492752102097888
Physicians Assistant Studies,,False,0.14937960671482714
Clinical Laboratory Science,,True,0.7594338461185044
Biology (Yc),Biological Sciences,True,0.9058141271811344
Counseling Psychology and Special Education,,False,0.0006409946914393587
Counseling Psychology and Special Education,Special Education,False,0.0006409946914393587
Exercise Sciences,"Exercise Science, Kinesiology, Rehab, Health",False,0.09369528737961172
"Nutrition, Dietetics, and Food Science",Nutrition Sciences,False,0.4661363425676751
"Nutrition, Dietetics, and Food Science",Food Science,True,0.4661363425676751
Instructional Psychology and Technology,,False,0.004061423256660668
Theatre and Media Arts,"Theatre Literature, History and Criticism",False,0.008735131594483709
Visual Arts,Art History and Criticism,False,0.0020749698573574935
Asian and Near Eastern Languages,Near and Middle Eastern Languages and Cultures,False,0.00014282244820687198
Asian and Near Eastern Languages,Asian Languages,False,0.00014282244820687198
German Studies and Slavic Languages,Germanic Languages and Literatures,False,0.010936282480807252
Experience Design and Management,,False,0.028703160046401506
Applied Statistics and Research Methods,Statistics,True,0.8539759777792704
School Psychology,,False,0.005192757720650618
Applied Psychology and Counselor Education,Counselor Education,False,0.0005566988293247749
Applied Psychology and Counselor Education,,False,0.0005566988293247749
"Marriage and Family Therapy and Counseling Studies, Program in",,False,0.0006719938060689603
Speech-Language Pathology,Speech and Hearing Sciences,False,0.3323040800701168
Computer Science and Computer Information Systems,Computer Science,True,0.9881615368210952
"Finance, Insurance and Economics",Economics,False,0.0040834749835485335
"Finance, Insurance and Economics",Finance,False,0.0040834749835485335
Agribusiness,Agricultural Economics,False,0.20642726448251425
Management and Aviation,Aerospace Engineering,True,0.5777456404106707
Unmanned Aircraft Systems Management,Aerospace Engineering,True,0.7644351010223477
Health Systems Administration,,False,0.0036398003116075092
Slavic Languages,Slavic Languages and Literatures,False,0.012682541116708098
Astrophysics and Planetary Science,Atmospheric Sciences and Meteorology,True,0.9675621153096635
Astrophysics and Planetary Science,Astronomy,True,0.9675621153096635
Education and Counseling,Education,False,0.0006701473525238347
Education and Counseling,Counselor Education,False,0.0006701473525238347
Education and Counseling,,False,0.0006701473525238347
Business Administration and Management Information Systems,Management Information Systems,False,0.11006009749645325
Business Administration and Management Information Systems,Business Administration,False,0.11006009749645325
"Mass Media, Communication and Theater","Theatre Literature, History and Criticism",False,0.006563932955670958
"Mass Media, Communication and Theater",Mass Communications and Media Studies,False,0.006563932955670958
Pharmacy and Health Sciences,Pharmacy,True,0.9830224415152834
"Theological School, The",Theological Studies,False,0.03482213828040775
Chinese Studies,Asian Studies,False,7.940493121405896e-05
Mechanical Engineering and Energy Processes,Mechanical Engineering,True,0.9958494553864643
Human Development and Child Studies,Human Development and Family Sciences,False,0.009800358867272516
Counseling Department,,False,0.0002649100990312916
Organizational Leadership,Education Administration,False,0.002262229503404231
Teaching Program,Curriculum and Instruction,False,0.001364140793718396
Counseling and Counseling Psychology Program,,False,0.0014088491850189331
Operations Area,Operations Research,True,0.5761198046957836
Music,Art History and Criticism,False,0.0010143941893110404
Communications and Media Management Area,Communication,False,0.03002174914766782
Natural Science,Physics,True,0.8768766702618164
Natural Science,Chemistry,True,0.8768766702618164
Natural Science,Biological Sciences,True,0.8768766702618164
Religion and Religious Education,Religious Studies,False,0.00043012897171623433
Law and Ethics,Philosophy,False,0.0019995325418893295
Marine Biotechnology,Marine Sciences,True,0.9879591617565439
Ancient Studies,,False,0.004400550699404811
Gender and Women's Studies Program,Gender Studies,False,0.0008441864821049205
Nursing and Allied Health Professions,Nursing,False,0.015142077314044797
Communications Media,Mass Communications and Media Studies,False,0.010764729452810807
Philosophy and Comparative Religion,Philosophy,False,0.003289511017357835
Management and Labor,Management,False,0.011205196908824974
"Criminology, Anthropology, and Sociology",Sociology,False,0.0687003454024379
Marine Affairs,Marine Sciences,True,0.6949923031368318
"Fisheries, Animal and Veterinary Sciences",Animal Sciences,True,0.9907350832793547
"Fisheries, Animal and Veterinary Sciences",Veterinary Medical Sciences,True,0.9907350832793547
"Fisheries, Animal and Veterinary Sciences",,True,0.9907350832793547
Ocean Engineering,Marine Sciences,True,0.9868562477284895
Plant Sciences and Entomology,Plant Sciences,True,0.9994154986505717
Plant Sciences and Entomology,Entomology,True,0.9994154986505717
Automotive Technology,,True,0.980539326745474
Information Systems and Applied Technology,Information Technology,True,0.9285400563575695
Aviation Technologies,Aerospace Engineering,True,0.8148250362416233
Aviation Management and Flight,,True,0.8409899797167558
Medical and Clinical Psychology,,False,0.18973836125642152
Alaska Native Studies and Rural Development,,False,0.05749507640502603
Forest Sciences,Forestry and Forest Resources,True,0.9982469830961479
Geography Program,Geography,False,0.05280766118177924
Natural Resources and Extension,Natural Resources,True,0.9214356671872361
Developmental Education,,False,0.004520215901765541
Natural Resources & Agricultural Sciences,Natural Resources,True,0.9488275442536429
Social and Human Development,Human Development and Family Sciences,False,0.006467193931731884
Humans and the Environment,Environmental Sciences,True,0.8167622178275872
"Applied Business, Paralegal and Accounting",,False,0.01788051668338163
Justice,Criminal Justice and Criminology,False,0.0065342508968041614
Computer and Information Technology Systems,Information Technology,True,0.9249296541283496
Construction Management and Drafting Technology,,False,0.2618134405829025
Human Services,,False,0.0009431096318198208
"Accounting, Finance, and Business Law",Accounting,False,0.007207667372386603
"Accounting, Finance, and Business Law",Finance,False,0.007207667372386603
"Accounting, Finance, and Business Law",Business Administration,False,0.007207667372386603
Performing Arts,Music,False,0.001987967752649336
Literature and Languages,Spanish Language and Literature,False,0.014420547419071972
Political Science and History,Political Science,False,0.00305216371885116
Political Science and History,History,False,0.00305216371885116
Special Education and Habilitative Services,Special Education,False,0.001684818442672442
"Educational Leadership, Counseling and Foundations",Counselor Education,False,0.005520320556796116
"Educational Leadership, Counseling and Foundations",Education Administration,False,0.005520320556796116
"Educational Leadership, Counseling and Foundations",,False,0.005520320556796116
Petroleum and Chemical Engineering Department,Chemical Engineering,True,0.9988878081239742
Materials Department,Materials Engineering,True,0.9519027318449427
Spatial Information Science and Engineering,Information Technology,True,0.8131222829911868
Earth and Environmental Systems,Geology,True,0.9744592604884547
Earth and Environmental Systems,Geography,False,0.9744592604884547
"Curriculum, Instruction and Media Technology",Curriculum and Instruction,False,0.013292483806836179
Applied Engineering and Technology Management,,True,0.7567431452203991
Environmental and Civil Engineering,Environmental Engineering,True,0.9927403454464379
Environmental and Civil Engineering,Civil Engineering,True,0.9927403454464379
Applied Physiology and Wellness,,True,0.10647558124132765
Applied Physiology and Wellness,"Exercise Science, Kinesiology, Rehab, Health",False,0.10647558124132765
Applied Physiology and Wellness,Physiology,True,0.10647558124132765
Strategy and Entrepreneurship,,False,0.014082000296663922
Real Estate Insurance and Business Law,,False,0.00014569781594918688
Physics and Energy Science,Physics,True,0.9858734504125044
"Management, Marketing and General Business",Management,False,0.03204945892166684
"Management, Marketing and General Business",Marketing,False,0.03204945892166684
Political Science and Criminal Justice,Political Science,False,0.0061819861099419076
Political Science and Criminal Justice,Criminal Justice and Criminology,False,0.0061819861099419076
"Psychology, Sociology and Social Work",Sociology,False,0.003640408111162734
"Psychology, Sociology and Social Work",Psychology,False,0.003640408111162734
"Psychology, Sociology and Social Work",Social Work,False,0.003640408111162734
"English, Philosophy and Modern Languages",English Language and Literature,False,0.005149381227983132
"English, Philosophy and Modern Languages",Philosophy,False,0.005149381227983132
"Life, Earth and Environmental Sciences",Environmental Sciences,True,0.9476244347132889
Sports and Exercise Sciences,"Exercise Science, Kinesiology, Rehab, Health",False,0.03781458720235845
Chemistry and Physics,Chemistry,True,0.9739815895849876
Chemistry and Physics,Physics,True,0.9739815895849876
Forensic Studies,Criminal Justice and Criminology,False,0.22640528911963562
Fisheries Oceanography,,True,0.9982154310723713
Foreign Literature and Languages,,False,0.002365151045120468
Decision and Information Systems,Information Science,True,0.511151187595255
Education Leadership,Education Administration,False,0.010028220836702179
STEM Education and Teacher Development,,False,0.0529954501918663
Respiratory Care,"Exercise Science, Kinesiology, Rehab, Health",False,0.22701080328674297
Space Systems Academic Group,Aerospace Engineering,True,0.7887018487116014
Modeling Virtual Environment and Simulation Institute,,True,0.9697108149754762
Enterprise Management,,False,0.011549532978308774
"Space Systems Operations, Program in",Aerospace Engineering,True,0.7733022670040604
Neurobiology and Anatomical Sciences,Neuroscience,True,0.9805406210156151
Health Related Professions,,False,0.0651307114056934
Biomedical Materials Science,Biomedical Engineering,True,0.9667208893825989
Biomedical Materials Science,Materials Engineering,True,0.9667208893825989
Atmospheric and Planetary Sciences,Atmospheric Sciences and Meteorology,True,0.9327785804694525
Space Science,Astronomy,True,0.8445636846762596
Counseling and Psychology,,False,0.0013402771568192622
Counseling and Psychology,Counselor Education,False,0.0013402771568192622
Health Sciences,Physiology,True,0.1651851096504982
"Sport, Exercise, Recreation, and Kinesiology","Exercise Science, Kinesiology, Rehab, Health",False,0.056605999182616086
"Health Services Management and Policy,  Department of",Public Health,False,0.009359823913202366
Organizational Systems,,False,0.00875343897016343
Interprofessional Healthcare Studies,,False,0.0471987013846315
Cyber Physical Systems,,True,0.833643436237298
Dual Degree Engineering,,True,0.7860922108739008
Decision Sciences,,False,0.1282331515682953
Mass Media Arts,Mass Communications and Media Studies,False,0.001609289844782299
Religion and Philosophy,Religious Studies,False,0.0012502536666044938
Theatre and Communication Studies,"Theatre Literature, History and Criticism",False,0.0032937839787829408
"Microbiology, Immunology and Physiology",Microbiology,True,0.9958840598840876
Neurobiology and Neurotoxicology,Neuroscience,True,0.995909759022511
Immunology and Microbiology,Microbiology,True,0.9937135958021865
Regenerative and Cancer Cell Biology,Cell Biology,True,0.9978724584441874
Jewish Philosophy and Thought (Yc),Religious Studies,False,0.002908606904314873
Jewish Philosophy and Thought (Yc),Near and Middle Eastern Languages and Cultures,False,0.002908606904314873
Jewish Studies (Scw),Religious Studies,False,0.004213638614571814
History (Scw),History,False,0.03329663845207105
Hebrew (Yc),,False,0.021813059929412675
Education (Scw),Education,False,0.008059967311996031
Political Science (Yc),Political Science,False,0.004547170179896735
Foreign Languages (Scw),Spanish Language and Literature,False,0.0015548781283682461
Foreign Languages (Scw),French Language and Literature,False,0.0015548781283682461
Jewish Education and Administration,Religious Studies,False,0.001416248117980798
Jewish Education and Administration,Education Administration,False,0.001416248117980798
Psychology (Yc),Psychology,False,0.05896253797027719
Chemistry and Biochemistry (Scw),Chemistry,True,0.9824247023627158
Chemistry and Biochemistry (Scw),Biochemistry,True,0.9824247023627158
Art (Yc),Art History and Criticism,False,0.0025933934407263736
Music (Scw),Music,False,0.0013883581945076432
Sociology (Yc),Sociology,False,0.008226951869600981
Environmental and Interdisciplinary Sciences,Environmental Health Sciences,False,0.8555517430175051
Environmental and Interdisciplinary Sciences,,True,0.8555517430175051
Professional and Career Education,,False,0.026606664115019513
Physical Sciences,Physics,True,0.8984952693235112
Organizational Learning and Leadership,Education Administration,False,0.031018003363119384
"Psychology, Gordon F. Derner School of",Psychology,False,0.15219824266195037
Doctoral Leadership,Education Administration,False,0.05344067298889397
Language and Literacy,,False,0.029628953885965943
English and Writing,English Language and Literature,False,0.0037459285888512793
"Business, Undergraduate Department of",Business Administration,False,0.06185306155580258
Natural Sciences,,True,0.8577828151798185
Modern Languages and Culture,,False,0.00028912717968296683
Sport Science and Management,,False,0.024364664893953756
"Economics, Finance and General Business",Economics,False,0.009105595927141575
"Economics, Finance and General Business",Finance,False,0.009105595927141575
Administration and Supervision,Public Administration,False,0.18409394275205687
Applied Organizational Psychology,,False,0.0055432437107042695
Educational and School Psychology,,False,0.0034261561731080874
Educational and School Psychology,Educational Psychology,False,0.0034261561731080874
Jewish Philosophy,Near and Middle Eastern Languages and Cultures,False,0.0025186577331459967
Jewish Philosophy,Religious Studies,False,0.0025186577331459967
Jewish Liturgy,Near and Middle Eastern Languages and Cultures,False,0.0012628953123107333
Jewish Liturgy,Religious Studies,False,0.0012628953123107333
Urban Forestry,Urban and Regional Planning,False,0.9738532597041744
Urban Forestry,Forestry and Forest Resources,True,0.9738532597041744
Science,,True,0.4703964202980001
Nursing and Public Administration,Nursing,False,0.007278523047702015
Nursing and Public Administration,Public Administration,False,0.007278523047702015
Classical and Near Eastern Archaeology,,False,0.0018779471846953962
Classical and Near Eastern Archaeology,Near and Middle Eastern Languages and Cultures,False,0.0018779471846953962
"Greek, Latin and Classical Studies",Classics and Classical Languages,False,0.0042370981827498985
Mathematics Department,Mathematics,True,0.8696665105350256
Physiology and Health,Physiology,True,0.6010702013620786
Global Leadership and Entrepreneurship,,False,0.006346985923363515
Higher Education (Tar),,False,0.009599150622122693
Leadership and Educational Administration,Education Administration,False,0.0084850762153538
"Teaching, Learning and Curriculum",Curriculum and Instruction,False,0.00871576032266896
"Teaching, Learning and Curriculum",,False,0.00871576032266896
"Theological Seminary, Seventh-Day Adventist",Theological Studies,False,0.046938949062866234
Educational Ministries,Theological Studies,False,0.0013942888465753012
Church and Family Ministries,Theological Studies,False,0.00028900275357277656
"Missions, Evangelism and Church Growth",Religious Studies,False,0.0004396470131560042
Evangelism and Missions,Theological Studies,False,0.00021530272485582262
New Testament Studies,Theological Studies,False,0.0016023891807100594
Bible Exposition,Theological Studies,False,0.0022037047071209537
Old Testament Studies,Religious Studies,False,0.001589699391714168
Spiritual Formation and Leadership,Theological Studies,False,0.0017157293442052544
Pastoral Ministries,Theological Studies,False,0.0001980243445396255
Educational Ministries and Leadership,Theological Studies,False,0.002628572505956808
Biblical Counseling,Theological Studies,False,0.0012706859100290833
World Missions and Intercultural Studies,Theological Studies,False,0.0006382905882693126
History and Theology,Theological Studies,False,0.0002850882320251532
"Literacy, Language, and Culture",,False,0.001266869610792612
Theological Seminary,Religious Studies,False,0.19195658664599774
Historical Department,History,False,0.008349488494767321
Practical Department,Theological Studies,False,0.06916703166868718
Systematic Department,Theological Studies,False,0.10306480700812515
Education and Social Sciences,Education,False,0.007816054028986255
Old Testament,Religious Studies,False,0.0009659675995351381
Educational Ministries,Religious Studies,False,0.0013942888465753012
Bible Department,Religious Studies,False,0.08939602439207871
Theology and Ethics,Theological Studies,False,0.0017389908812362922
Christian Education,Theological Studies,False,0.001231685064865639
Theology At Chicago-Theology,Religious Studies,False,0.01616147931590025
Theology At Chicago-Theology,Theological Studies,False,0.01616147931590025
New Testament,Theological Studies,False,0.000821269938655576
Church History,Theological Studies,False,0.0010870707708592327
Apologetics,Theological Studies,False,0.0033318688753486694
Systematics,Theological Studies,False,0.2953536673536418
